collision_index,collision_year,collision_ref_no,vehicle_reference,vehicle_type,towing_and_articulation,vehicle_manoeuvre_historic,vehicle_manoeuvre,vehicle_direction_from,vehicle_direction_to,vehicle_location_restricted_lane_historic,vehicle_location_restricted_lane,junction_location,skidding_and_overturning,hit_object_in_carriageway,vehicle_leaving_carriageway,hit_object_off_carriageway,first_point_of_impact,vehicle_left_hand_drive,journey_purpose_of_driver_historic,journey_purpose_of_driver,sex_of_driver,age_of_driver,age_band_of_driver,engine_capacity_cc,propulsion_code,age_of_vehicle,generic_make_model,driver_imd_decile,lsoa_of_driver,escooter_flag,driver_distance_banding
2024131515989,2024,131515989,2,1,0,-1,19,2,6,-1,4,8,0,0,0,0,1,1,-1,1,1,26,6,-1,-1,-1,-1,1,E01011504,0,1
202454D993824,2024,54D993824,3,9,0,4,4,5,1,0,0,0,0,0,0,0,2,1,6,6,3,-1,-1,-1,-1,-1,-1,-1,-1,0,-1
2024131481892,2024,131481892,1,1,0,-1,5,5,3,-1,0,0,0,0,1,0,1,1,-1,1,1,13,3,-1,-1,-1,-1,2,E01011369,0,1
2024161474193,2024,161474193,2,9,0,-1,19,3,7,-1,0,0,0,0,0,0,1,9,-1,6,2,-1,-1,-1,-1,-1,-1,-1,-1,0,-1
2024440515283,2024,440515283,1,9,0,18,19,1,0,0,0,0,0,0,0,0,0,1,1,1,1,-1,-1,-1,-1,-1,-1,-1,-1,0,-1
2024141420278,2024,141420278,2,1,0,-1,19,8,3,-1,0,1,2,0,0,0,1,1,-1,6,2,17,4,-1,-1,-1,-1,7,E01012993,0,3
2024010499966,2024,010499966,2,9,0,99,99,9,9,99,99,9,9,99,9,99,9,9,6,6,3,-1,-1,-1,-1,-1,-1,-1,-1,0,-1
2024131424208,2024,131424208,2,5,0,-1,19,5,1,-1,0,0,0,0,7,0,1,1,-1,9,1,34,6,-1,-1,-1,-1,2,E01011060,0,2
2024201522649,2024,201522649,1,9,0,-1,19,6,2,-1,0,0,0,10,1,2,1,1,-1,6,2,50,8,-1,-1,-1,-1,1,E01010413,0,1
2024421510264,2024,421510264,1,9,0,-1,9,4,2,-1,0,6,0,0,0,0,1,1,-1,6,2,39,7,-1,-1,-1,-1,5,E01034082,0,1
2024430177217,2024,430177217,2,1,0,18,19,6,2,9,9,8,0,0,0,0,1,1,6,6,1,90,11,-1,-1,-1,-1,9,E01033955,0,1
2024430407372,2024,430407372,2,19,0,18,19,4,8,0,0,0,0,0,0,0,1,1,6,6,1,35,6,-1,-1,-1,-1,-1,-1,0,-1
2024010528146,2024,010528146,2,98,1,99,99,9,9,99,99,9,9,99,9,99,9,9,6,6,3,-1,-1,-1,-1,-1,-1,-1,-1,0,-1
202417L100624,2024,17L100624,1,1,0,18,19,4,8,0,0,8,0,0,0,0,4,1,6,6,1,32,6,-1,-1,-1,-1,3,E01012119,0,1
2024010547053,2024,010547053,4,9,9,99,99,9,9,99,99,9,9,99,9,99,9,9,6,6,3,-1,-1,-1,-1,-1,-1,-1,-1,0,-1
2024201410715,2024,201410715,1,19,0,-1,7,7,1,-1,0,5,0,0,0,0,2,9,-1,6,1,-1,-1,-1,-1,-1,-1,-1,-1,0,-1
2024010493794,2024,010493794,2,9,0,99,99,9,9,99,99,9,9,99,9,99,1,9,6,6,3,25,5,-1,-1,-1,-1,3,E01003988,0,1
2024131395340,2024,131395340,1,9,0,-1,5,2,7,-1,0,8,0,0,0,0,3,1,-1,2,1,23,5,-1,-1,-1,-1,2,E01011166,0,1
2024201524236,2024,201524236,1,97,0,-1,19,2,6,-1,9,2,0,0,0,0,1,1,-1,6,1,18,4,-1,-1,-1,-1,1,E01009204,0,1
2024131488477,2024,131488477,2,1,0,-1,-1,-1,-1,-1,-1,0,-1,-1,-1,0,-1,1,-1,9,1,25,5,-1,-1,-1,-1,2,E01011872,0,1
2024010495952,2024,010495952,1,1,0,18,19,7,3,0,0,1,2,0,0,0,4,1,2,2,1,64,9,-1,-1,-1,-1,8,E01000420,0,1
2024471522418,2024,471522418,2,1,0,-1,19,5,1,-1,0,8,0,0,0,0,1,1,-1,2,1,50,8,-1,-1,-1,-1,6,E01016943,0,1
2024421422066,2024,421422066,1,9,0,-1,7,3,5,-1,0,6,0,0,7,0,3,1,-1,6,1,17,4,-1,-1,-1,-1,4,E01026898,0,4
2024111454895,2024,111454895,2,9,0,-1,5,7,3,-1,0,0,0,0,0,0,2,1,-1,9,1,58,9,-1,-1,-1,-1,3,E01020649,0,1
2024320594787,2024,320594787,1,9,0,1,1,7,3,9,9,1,0,0,0,0,2,1,6,6,3,-1,-1,-1,-1,-1,-1,-1,-1,0,-1
2024010488978,2024,010488978,1,3,0,18,19,1,5,0,0,1,0,0,0,0,4,1,6,6,1,20,4,-1,-1,-1,-1,8,E01000233,0,2
2024991402301,2024,991402301,2,9,0,-1,19,5,1,-1,0,4,0,0,0,0,3,1,-1,9,2,59,9,-1,-1,-1,-1,4,-1,0,1
2024010537430,2024,010537430,2,11,9,99,99,9,9,99,99,9,0,99,9,99,9,9,6,6,3,-1,-1,-1,-1,-1,-1,-1,-1,0,-1
2024411432602,2024,411432602,2,98,1,-1,19,1,5,-1,0,0,0,0,0,0,2,1,-1,6,3,-1,-1,-1,-1,-1,-1,-1,-1,0,-1
2024010537473,2024,010537473,2,9,0,99,99,9,9,99,99,9,9,99,9,99,9,9,6,6,3,-1,-1,-1,-1,-1,-1,3,E01021823,0,4
2024010511756,2024,010511756,2,9,0,5,5,5,1,0,0,6,0,0,1,0,1,1,6,6,3,-1,-1,-1,-1,-1,-1,-1,-1,0,-1
2024320482107,2024,320482107,1,9,0,-1,-1,3,7,0,0,0,0,0,0,0,3,1,6,6,3,-1,-1,-1,-1,-1,-1,-1,-1,0,-1
2024041511736,2024,041511736,1,9,0,-1,19,7,3,-1,0,1,1,0,0,0,1,1,-1,9,1,28,6,-1,-1,-1,-1,3,E01018715,0,4
2024141451429,2024,141451429,1,1,0,-1,19,3,7,-1,0,0,0,0,1,0,3,1,-1,9,2,56,9,-1,-1,-1,-1,7,E01008128,0,3
2024471509372,2024,471509372,1,9,0,-1,19,5,1,-1,0,0,0,0,0,0,4,9,-1,6,3,-1,-1,-1,-1,-1,-1,-1,-1,0,-1
2024010498023,2024,010498023,1,1,9,99,99,9,9,99,99,9,9,99,9,99,9,1,3,7,2,34,6,-1,-1,-1,-1,2,E01003049,0,1
2024010527303,2024,010527303,1,9,0,14,14,3,7,0,0,8,0,0,0,0,1,1,6,6,3,-1,-1,-1,-1,-1,-1,-1,-1,0,-1
202454B168324,2024,54B168324,1,9,0,18,19,3,7,0,0,0,0,0,0,0,1,1,6,6,1,33,6,-1,-1,-1,-1,9,E01015525,0,1
2024471527242,2024,471527242,1,9,0,-1,19,4,1,-1,0,0,0,0,0,0,3,1,-1,1,1,24,5,-1,-1,-1,-1,10,E01031689,0,2
2024440306629,2024,440306629,1,9,0,7,7,3,5,0,0,5,0,0,0,0,1,1,6,6,2,62,9,-1,-1,-1,-1,8,E01022623,0,1
2024010498994,2024,010498994,2,9,0,18,19,2,6,0,0,2,0,0,0,0,1,1,2,2,1,60,9,-1,-1,-1,-1,7,E01016728,0,4
2024302400705,2024,302400705,2,1,0,7,7,3,5,0,0,2,0,0,0,0,1,1,6,6,1,58,9,-1,-1,-1,-1,9,E01013563,0,1
2024311471075,2024,311471075,1,-1,0,-1,19,2,6,-1,0,1,0,0,0,0,1,1,-1,6,1,57,9,-1,-1,-1,-1,6,E01033395,1,1
2024201413870,2024,201413870,1,9,0,-1,-1,-1,-1,-1,-1,-1,-1,-1,-1,0,-1,9,-1,6,3,-1,-1,-1,-1,-1,-1,-1,-1,0,-1
2024070499123,2024,070499123,1,9,0,18,19,3,6,0,0,2,0,0,0,0,4,1,6,6,3,-1,-1,-1,-1,-1,-1,-1,-1,0,-1
2024340NN0372,2024,340NN0372,1,9,0,-1,14,5,1,-1,0,2,0,0,0,0,1,1,-1,6,2,39,7,-1,-1,-1,-1,3,E01027112,0,1
2024061528288,2024,061528288,1,9,0,-1,9,5,3,-1,0,8,0,0,0,0,1,9,-1,6,1,35,6,-1,-1,-1,-1,-1,-1,0,-1
2024041466232,2024,041466232,1,1,0,-1,19,5,1,-1,0,0,0,0,0,0,4,1,-1,9,1,13,3,-1,-1,-1,-1,1,E01012673,0,1
2024471477918,2024,471477918,1,9,0,-1,19,8,4,-1,0,0,0,0,0,0,0,9,-1,6,3,-1,-1,-1,-1,-1,-1,-1,-1,0,-1
2024161510082,2024,161510082,2,1,0,-1,19,1,5,-1,0,0,0,0,0,0,4,1,-1,6,2,2,1,-1,-1,-1,-1,1,E01012877,0,1
2024010493469,2024,010493469,1,97,0,99,99,9,9,99,99,0,9,99,9,99,9,9,6,6,3,-1,-1,-1,-1,-1,-1,-1,-1,0,-1
2024211514562,2024,211514562,1,9,0,-1,7,4,2,-1,0,8,5,0,0,0,1,1,-1,9,1,45,7,-1,-1,-1,-1,-1,-1,0,-1
2024471400959,2024,471400959,1,1,0,-1,19,7,3,-1,0,8,0,0,0,0,3,1,-1,2,2,42,7,-1,-1,-1,-1,9,E01016997,0,1
2024010494971,2024,010494971,1,9,0,18,19,5,1,0,0,2,0,0,0,0,4,1,6,6,1,24,5,-1,-1,-1,-1,1,E01002066,0,1
2024421519478,2024,421519478,2,1,0,-1,19,6,3,-1,0,0,0,0,0,0,1,1,-1,9,1,31,6,-1,-1,-1,-1,3,E01021370,0,1
2024010514893,2024,010514893,1,9,0,99,99,9,9,99,99,9,9,99,9,99,1,9,6,6,3,-1,-1,-1,-1,-1,-1,-1,-1,0,-1
2024041446744,2024,041446744,1,9,0,-1,19,3,7,-1,0,0,0,0,0,0,4,1,-1,9,1,48,8,-1,-1,-1,-1,7,E01025079,0,2
2024010537859,2024,010537859,2,9,9,99,99,9,9,99,99,9,9,99,9,99,9,9,6,6,3,-1,-1,-1,-1,-1,-1,-1,-1,0,-1
2024010517306,2024,010517306,3,9,9,99,99,9,9,99,99,9,9,99,9,99,9,9,6,6,3,-1,-1,-1,-1,-1,-1,-1,-1,0,-1
2024010537529,2024,010537529,2,1,0,18,19,1,5,0,0,1,0,0,0,0,1,1,6,6,2,31,6,-1,-1,-1,-1,-1,-1,0,-1
2024430015267,2024,430015267,1,9,0,3,3,8,4,0,0,0,0,0,0,0,2,1,3,7,1,50,8,-1,-1,-1,-1,8,E01033970,0,1
2024141473515,2024,141473515,1,1,0,-1,19,5,1,-1,9,0,0,0,0,0,1,1,-1,9,1,31,6,-1,-1,-1,-1,1,E01008082,0,1
2024430298877,2024,430298877,2,9,0,4,4,4,8,0,0,0,0,0,0,0,2,1,6,6,1,-1,-1,-1,-1,-1,-1,-1,-1,0,-1
2024201483742,2024,201483742,1,9,0,-1,19,6,2,-1,0,0,0,10,1,0,1,1,-1,6,-1,-1,-1,-1,-1,-1,-1,-1,-1,0,-1
2024440078582,2024,440078582,2,1,0,5,5,6,2,0,0,0,0,0,0,0,3,1,6,6,1,68,10,-1,-1,-1,-1,10,E01022476,0,3
2024231501181,2024,231501181,2,1,0,-1,19,2,6,-1,0,8,0,0,0,0,1,1,-1,6,1,71,10,-1,-1,-1,-1,4,E01031231,0,1
2024131543541,2024,131543541,2,1,0,-1,14,7,3,-1,0,1,0,0,0,0,1,1,-1,6,1,46,8,-1,-1,-1,-1,5,E01011392,0,1
2024361488926,2024,361488926,1,9,0,-1,19,1,5,-1,0,1,0,0,0,0,3,1,-1,9,1,32,6,-1,-1,-1,-1,9,E01026582,0,1
2024122400487,2024,122400487,3,9,0,3,3,7,3,0,0,0,0,0,0,0,2,1,6,6,1,30,6,-1,-1,-1,-1,9,E01027897,0,1
2024010491137,2024,010491137,4,9,0,18,19,1,5,0,0,0,0,0,0,0,1,1,6,6,1,40,7,-1,-1,-1,-1,3,E01003582,0,1
2024010503625,2024,010503625,1,9,0,18,19,3,7,0,0,0,0,0,0,0,4,1,2,2,1,49,8,-1,-1,-1,-1,3,E01000725,0,1
2024101495067,2024,101495067,2,8,0,-1,19,5,1,-1,0,0,0,0,0,0,1,1,-1,1,1,48,8,-1,-1,-1,-1,2,E01008334,0,1
2024340WN4002,2024,340WN4002,2,1,0,-1,19,1,5,-1,0,8,0,0,0,0,1,1,-1,9,1,36,7,-1,-1,-1,-1,10,E01027015,0,1
2024471526767,2024,471526767,1,9,0,-1,19,6,2,-1,0,0,0,0,0,0,1,1,-1,6,1,69,10,-1,-1,-1,-1,10,E01031691,0,1
2024221493790,2024,221493790,2,1,0,-1,19,8,3,-1,0,0,0,0,0,0,2,1,-1,6,1,15,3,-1,-1,-1,-1,5,E01029016,0,1
2024991487788,2024,991487788,2,1,0,-1,9,5,3,-1,0,1,0,0,0,0,3,1,-1,2,1,26,6,-1,-1,-1,-1,3,-1,0,3
2024501491599,2024,501491599,1,9,0,-1,19,3,7,-1,0,1,9,0,0,0,9,1,-1,6,2,39,7,-1,-1,-1,-1,8,E01020027,0,1
2024131500156,2024,131500156,1,1,0,-1,15,3,7,-1,0,0,5,0,0,0,0,1,-1,6,1,16,4,-1,-1,-1,-1,3,E01011806,0,1
2024010524045,2024,010524045,2,9,0,99,99,9,9,99,99,9,9,99,9,99,9,9,6,6,3,-1,-1,-1,-1,-1,-1,-1,-1,0,-1
2024201431591,2024,201431591,1,9,0,-1,19,8,4,-1,0,8,0,0,0,0,1,1,-1,6,3,-1,-1,-1,-1,-1,-1,-1,-1,0,-1
2024061474676,2024,061474676,2,1,0,-1,19,-1,-1,-1,0,2,0,0,0,0,3,1,-1,6,2,38,7,-1,-1,-1,-1,4,E01005084,0,1
2024010540217,2024,010540217,1,9,0,5,5,1,5,0,0,1,0,0,0,0,1,1,6,6,1,85,11,-1,-1,-1,-1,-1,-1,0,-1
2024451490359,2024,451490359,2,1,0,-1,19,7,3,-1,0,1,0,0,0,0,1,1,-1,6,1,26,6,-1,-1,-1,-1,3,E01001367,0,2
2024010502033,2024,010502033,1,5,0,5,5,7,3,0,0,2,0,0,0,0,1,1,2,2,1,60,9,-1,-1,-1,-1,7,E01002925,0,3
2024430004459,2024,430004459,1,9,0,18,19,8,4,0,0,0,0,0,0,0,0,1,2,2,2,25,5,-1,-1,-1,-1,10,E01016633,0,2
2024010526926,2024,010526926,1,1,0,18,19,1,5,0,0,1,0,0,0,0,2,1,1,1,2,30,6,-1,-1,-1,-1,4,E01000312,0,2
2024131531343,2024,131531343,1,9,0,-1,4,3,7,-1,0,0,0,0,0,0,2,1,-1,1,1,54,8,-1,-1,-1,-1,8,E01011555,0,2
2024010488920,2024,010488920,1,1,9,18,19,7,3,9,9,9,9,0,9,0,1,1,6,6,3,-1,-1,-1,-1,-1,-1,-1,-1,0,-1
2024141495508,2024,141495508,1,11,0,-1,5,3,7,-1,0,0,0,0,0,0,4,9,-1,6,3,-1,-1,-1,-1,-1,-1,-1,-1,0,-1
2024010549216,2024,010549216,1,9,0,99,99,9,9,99,99,9,9,99,9,99,9,9,6,6,3,-1,-1,-1,-1,-1,-1,-1,-1,0,-1
2024010504814,2024,010504814,2,8,9,99,99,9,9,99,99,9,9,99,9,99,9,9,6,6,3,-1,-1,-1,-1,-1,-1,3,E01001109,0,1
2024010546875,2024,010546875,2,9,9,99,99,9,9,99,99,9,9,99,9,99,9,9,6,6,3,-1,-1,-1,-1,-1,-1,-1,-1,0,-1
2024221459243,2024,221459243,1,9,0,-1,9,2,8,-1,9,6,0,0,0,0,1,9,-1,6,1,82,11,-1,-1,-1,-1,-1,-1,0,-1
2024430499565,2024,430499565,2,9,0,18,19,8,4,0,0,1,0,0,0,0,1,1,6,6,1,-1,-1,-1,-1,-1,-1,-1,-1,0,-1
2024622400583,2024,622400583,2,23,0,18,19,5,1,0,0,0,0,0,0,0,1,1,6,6,1,16,4,-1,-1,-1,-1,1,W01000742,0,1
2024061419780,2024,061419780,1,9,-1,-1,-1,-1,-1,-1,-1,-1,-1,-1,-1,0,-1,9,-1,1,2,-1,-1,-1,-1,-1,-1,-1,-1,0,-1
2024371428677,2024,371428677,2,9,0,-1,19,1,1,-1,0,0,1,0,0,0,1,9,-1,6,3,-1,-1,-1,-1,-1,-1,-1,-1,0,-1
2024471473517,2024,471473517,3,9,0,-1,19,5,1,-1,0,0,0,0,0,0,1,1,-1,1,1,29,6,-1,-1,-1,-1,1,E01020995,0,4
2024070594652,2024,070594652,2,1,0,18,19,5,1,0,0,0,5,0,0,0,1,1,6,6,1,62,9,-1,-1,-1,-1,9,E01018688,0,3
2024052401232,2024,052401232,1,9,0,18,19,7,3,0,0,1,0,0,0,0,1,1,6,6,1,60,9,-1,-1,-1,-1,1,E01006880,0,1
202417M105124,2024,17M105124,1,9,0,-1,19,6,2,-1,0,8,0,0,0,0,1,1,-1,9,1,33,6,-1,-1,-1,-1,2,E01012051,0,1
2024351414877,2024,351414877,2,1,0,-1,19,-1,-1,-1,4,1,0,0,0,0,1,1,-1,2,2,25,5,-1,-1,-1,-1,5,E01017999,0,1
2024451395463,2024,451395463,3,1,0,-1,19,3,7,-1,0,0,1,0,0,0,4,1,-1,9,1,52,8,-1,-1,-1,-1,9,E01030301,0,2
2024421451325,2024,421451325,2,9,0,-1,4,2,6,-1,0,1,0,0,0,0,2,1,-1,9,2,45,7,-1,-1,-1,-1,8,E01021933,0,1
2024430288256,2024,430288256,1,9,0,18,19,6,2,0,0,0,0,0,0,0,1,1,6,6,1,20,4,-1,-1,-1,-1,10,E01016596,0,2
2024332401010,2024,332401010,1,3,0,-1,19,5,1,-1,0,0,0,0,0,0,3,1,-1,2,1,28,6,-1,-1,-1,-1,7,E01025743,0,1
2024010496891,2024,010496891,2,9,0,99,99,9,9,99,99,9,9,99,9,99,1,9,6,6,1,64,9,-1,-1,-1,-1,10,E01003892,0,1
2024131413122,2024,131413122,1,3,0,-1,19,1,5,-1,0,1,1,0,0,0,1,1,-1,6,1,29,6,-1,-1,-1,-1,1,E01011780,0,1
2024161447864,2024,161447864,2,1,0,-1,19,4,8,-1,0,1,0,0,0,0,1,1,-1,6,1,11,3,-1,-1,-1,-1,10,E01012925,0,1
2024010511572,2024,010511572,1,1,9,99,99,9,9,99,99,2,9,99,9,99,9,1,2,2,2,48,8,-1,-1,-1,-1,8,E01001985,0,1
2024010518582,2024,010518582,2,9,9,99,99,9,9,99,99,9,9,99,9,99,9,9,6,6,3,-1,-1,-1,-1,-1,-1,-1,-1,0,-1
2024451466630,2024,451466630,3,9,0,-1,19,5,1,-1,0,8,0,0,0,0,1,1,-1,2,1,36,7,-1,-1,-1,-1,4,E01030615,0,2
2024061465155,2024,061465155,2,1,0,-1,19,1,5,-1,0,8,0,0,0,0,2,1,-1,1,1,49,8,-1,-1,-1,-1,7,E01005676,0,2
2024401507905,2024,401507905,2,1,0,-1,3,8,4,-1,0,1,0,0,0,0,1,1,-1,9,1,42,7,-1,-1,-1,-1,6,E01017571,0,1
2024351479687,2024,351479687,1,9,0,-1,5,8,4,-1,0,6,0,0,0,0,1,1,-1,6,2,36,7,-1,-1,-1,-1,2,E01002545,0,5
2024010535200,2024,010535200,1,1,9,99,99,9,9,99,99,9,9,99,9,99,1,1,2,2,1,46,8,-1,-1,-1,-1,5,E01004709,0,2
2024371441021,2024,371441021,1,1,0,-1,19,-1,-1,-1,0,0,0,0,0,0,3,1,-1,6,1,-1,-1,-1,-1,-1,-1,-1,-1,0,-1
2024421533337,2024,421533337,1,9,0,-1,4,-1,-1,-1,0,0,0,0,0,0,2,1,-1,6,1,34,6,-1,-1,-1,-1,3,E01034387,0,4
2024010537959,2024,010537959,3,1,0,18,19,7,3,9,9,1,0,0,0,0,1,1,6,6,1,20,4,-1,-1,-1,-1,4,E01003785,0,1
2024430369353,2024,430369353,1,5,0,9,9,3,1,0,0,6,0,0,0,0,4,1,6,6,1,30,6,-1,-1,-1,-1,2,E01003159,0,4
2024531474070,2024,531474070,2,9,0,-1,19,5,1,-1,0,0,0,0,0,0,2,1,-1,6,1,74,10,-1,-1,-1,-1,10,E01032940,0,1
2024421399007,2024,421399007,1,9,0,-1,14,8,4,-1,0,0,0,1,0,0,1,9,-1,6,3,-1,-1,-1,-1,-1,-1,-1,-1,0,-1
2024430076585,2024,430076585,2,97,0,10,10,2,8,0,0,1,0,0,0,0,1,1,6,6,2,49,8,-1,-1,-1,-1,9,E01033955,0,2
2024131534666,2024,131534666,2,1,0,-1,19,6,8,-1,0,6,0,0,0,0,3,1,-1,6,1,7,2,-1,-1,-1,-1,3,E01011286,0,1
2024010502442,2024,010502442,1,2,0,14,14,5,1,0,0,0,0,0,0,0,1,1,6,6,3,-1,-1,-1,-1,-1,-1,-1,-1,0,-1
2024461467140,2024,461467140,2,90,0,-1,3,5,1,-1,0,7,0,0,0,0,2,1,-1,6,1,37,7,-1,-1,-1,-1,2,E01024218,0,2
2024520001111,2024,520001111,1,9,0,7,7,8,2,0,0,8,0,0,0,0,1,1,6,6,1,41,7,-1,-1,-1,-1,4,E01029038,0,3
2024471426782,2024,471426782,2,1,0,-1,19,5,1,-1,0,1,0,0,0,0,4,1,-1,6,1,26,6,-1,-1,-1,-1,5,E01031827,0,1
2024451458348,2024,451458348,1,1,0,-1,19,3,7,-1,0,0,5,0,0,0,1,1,-1,6,1,29,6,-1,-1,-1,-1,6,E01030451,0,1
2024522402348,2024,522402348,1,1,0,18,19,5,1,5,5,8,0,0,0,0,3,1,6,6,1,31,6,-1,-1,-1,-1,7,E01014611,0,1
2024221464529,2024,221464529,2,9,0,-1,19,7,3,-1,0,0,2,0,0,0,1,1,-1,6,2,51,8,-1,-1,-1,-1,2,E01032481,0,2
2024622400142,2024,622400142,2,9,0,18,19,4,8,0,0,0,0,0,0,0,1,1,6,6,2,40,7,-1,-1,-1,-1,6,W01001228,0,1
2024010540646,2024,010540646,2,1,9,99,99,9,9,99,99,0,9,99,9,99,9,1,6,6,1,35,6,-1,-1,-1,-1,3,E01003490,0,1
2024070231407,2024,070231407,1,9,0,4,4,4,8,0,0,1,0,0,0,0,1,1,6,6,2,45,7,-1,-1,-1,-1,10,E01018370,0,1
2024201532037,2024,201532037,3,9,0,-1,2,0,0,-1,9,1,0,0,0,0,3,1,-1,6,-1,-1,-1,-1,-1,-1,-1,-1,-1,0,-1
2024010487282,2024,010487282,2,4,0,14,14,7,3,0,0,2,5,0,0,0,1,1,6,6,1,22,5,-1,-1,-1,-1,2,E01003335,0,1
2024552400598,2024,552400598,1,9,0,18,19,6,2,0,0,8,0,0,0,0,1,1,6,6,3,-1,-1,-1,-1,-1,-1,-1,-1,0,-1
2024522401998,2024,522401998,1,1,0,17,19,1,6,0,0,8,0,0,0,0,1,1,6,6,1,22,5,-1,-1,-1,-1,4,E01014603,0,1
2024070450791,2024,070450791,1,9,0,18,19,5,1,0,0,3,0,0,0,0,4,1,6,6,1,-1,-1,-1,-1,-1,-1,9,E01034665,0,2
2024010537002,2024,010537002,1,9,0,99,99,9,9,99,99,9,9,99,9,99,2,9,1,1,1,46,8,-1,-1,-1,-1,2,E01001826,0,1
2024010490871,2024,010490871,1,11,0,9,9,5,3,0,0,1,0,0,0,0,3,1,6,6,1,32,6,-1,-1,-1,-1,8,E01000366,0,2
2024010518324,2024,010518324,3,9,0,18,19,1,5,0,0,8,0,0,0,0,1,1,6,6,2,68,10,-1,-1,-1,-1,-1,-1,0,-1
2024201466716,2024,201466716,2,1,0,-1,13,1,5,-1,0,2,0,0,0,0,1,1,-1,6,1,-1,-1,-1,-1,-1,-1,-1,-1,0,-1
2024041494163,2024,041494163,1,9,0,-1,19,-1,-1,-1,0,1,0,0,0,0,-1,9,-1,6,3,-1,-1,-1,-1,-1,-1,-1,-1,0,-1
2024201420073,2024,201420073,1,9,0,-1,1,6,2,-1,0,2,0,0,0,0,2,9,-1,6,3,-1,-1,-1,-1,-1,-1,-1,-1,0,-1
2024201524520,2024,201524520,1,1,0,-1,19,4,8,-1,0,8,0,0,0,0,2,1,-1,6,1,19,4,-1,-1,-1,-1,2,E01009679,0,1
2024010517924,2024,010517924,1,1,5,18,19,1,5,0,0,1,0,0,0,0,2,1,1,1,1,45,7,-1,-1,-1,-1,2,E01003335,0,1
2024010508574,2024,010508574,2,1,0,18,19,5,1,0,0,1,5,0,0,0,3,1,6,6,1,30,6,-1,-1,-1,-1,4,E01003141,0,1
2024131400654,2024,131400654,1,19,0,-1,-1,-1,-1,-1,-1,8,-1,-1,-1,0,-1,1,-1,6,3,-1,-1,-1,-1,-1,-1,-1,-1,0,-1
2024631526524,2024,631526524,2,1,0,-1,19,3,7,-1,0,8,0,0,1,9,4,1,-1,6,1,-1,-1,-1,-1,-1,-1,7,W01000470,0,1
2024052401514,2024,052401514,2,1,0,18,19,3,7,0,0,8,0,0,0,0,1,1,6,6,2,50,8,-1,-1,-1,-1,1,E01006703,0,1
2024430009954,2024,430009954,1,9,0,10,10,4,2,0,0,1,0,0,0,0,2,1,6,6,2,52,8,-1,-1,-1,-1,7,E01033962,0,1
2024401538489,2024,401538489,2,1,0,-1,9,5,1,-1,0,1,0,0,0,0,1,1,-1,7,1,18,4,-1,-1,-1,-1,3,E01017453,0,1
2024461440835,2024,461440835,2,9,0,-1,5,4,8,-1,0,0,0,0,0,0,4,1,-1,6,2,22,5,-1,-1,-1,-1,6,E01023988,0,4
2024010494284,2024,010494284,2,9,9,99,99,9,9,99,99,1,9,99,9,99,9,9,6,6,3,-1,-1,-1,-1,-1,-1,-1,-1,0,-1
2024531475610,2024,531475610,2,1,0,-1,11,7,3,-1,0,1,0,0,0,0,4,1,-1,2,2,41,7,-1,-1,-1,-1,5,E01022312,0,1
2024461416230,2024,461416230,4,9,0,-1,3,1,1,-1,0,0,0,0,0,0,2,1,-1,9,2,29,6,-1,-1,-1,-1,10,E01030436,0,4
2024010494231,2024,010494231,1,3,0,99,99,9,9,99,99,1,9,99,9,99,9,1,1,1,1,44,7,-1,-1,-1,-1,4,E01000610,0,2
2024311536680,2024,311536680,1,1,0,-1,19,8,4,-1,5,0,0,11,0,0,1,1,-1,9,1,13,3,-1,-1,-1,-1,1,E01013867,0,1
2024411556969,2024,411556969,2,1,0,-1,19,7,3,-1,0,1,0,0,0,0,1,1,-1,6,1,16,4,-1,-1,-1,-1,5,E01023529,0,1
2024430011928,2024,430011928,2,9,0,4,4,6,2,0,0,4,0,0,0,0,1,1,6,6,1,-1,-1,-1,-1,-1,-1,-1,-1,0,-1
2024010501812,2024,010501812,1,1,9,99,99,9,9,99,99,1,9,99,9,99,1,1,6,6,1,25,5,-1,-1,-1,-1,2,E01002872,0,1
2024010521117,2024,010521117,1,1,0,18,19,3,7,0,0,3,0,10,1,2,1,1,6,6,1,25,5,-1,-1,-1,-1,6,E01001288,0,1
2024061475939,2024,061475939,1,97,0,-1,9,5,3,-1,0,2,0,0,0,0,1,1,-1,6,2,-1,-1,-1,-1,-1,-1,-1,-1,0,-1
2024010508937,2024,010508937,1,9,0,18,19,5,1,0,0,0,0,0,0,0,1,2,6,6,2,37,7,-1,-1,-1,-1,6,E01003002,0,2
2024631409735,2024,631409735,2,9,0,-1,8,7,2,-1,0,8,0,0,0,0,2,1,-1,9,1,42,7,-1,-1,-1,-1,7,W01000720,0,3
2024430023232,2024,430023232,2,9,0,4,4,-1,-1,0,0,0,0,0,0,0,2,1,1,1,1,38,7,-1,-1,-1,-1,-1,-1,0,-1
2024010489740,2024,010489740,1,19,0,18,19,5,1,0,0,2,0,0,0,0,1,1,2,2,1,62,9,-1,-1,-1,-1,4,E01001087,0,2
202417H106824,2024,17H106824,2,9,0,-1,19,7,3,-1,0,8,0,0,0,0,1,1,-1,9,2,63,9,-1,-1,-1,-1,-1,-1,0,-1
2024302401748,2024,302401748,1,19,0,-1,12,1,5,-1,0,0,0,0,0,0,2,1,-1,6,1,44,7,-1,-1,-1,-1,7,E01027961,0,2
2024010513889,2024,010513889,1,9,0,13,13,3,7,0,0,0,0,0,0,0,4,1,2,2,1,42,7,-1,-1,-1,-1,6,E01002331,0,1
2024430345185,2024,430345185,2,1,0,18,19,1,5,0,0,0,0,0,0,0,2,1,2,2,1,19,4,-1,-1,-1,-1,7,E01016569,0,1
2024522402848,2024,522402848,1,9,0,18,19,9,9,9,9,0,0,0,0,0,4,1,6,6,3,-1,-1,-1,-1,-1,-1,-1,-1,0,-1
2024421532619,2024,421532619,2,98,1,-1,19,4,8,-1,0,0,0,0,0,0,2,2,-1,1,1,50,8,-1,-1,-1,-1,-1,-1,0,-1