collision_index,collision_year,collision_ref_no,vehicle_reference,vehicle_type,towing_and_articulation,vehicle_manoeuvre_historic,vehicle_manoeuvre,vehicle_direction_from,vehicle_direction_to,vehicle_location_restricted_lane_historic,vehicle_location_restricted_lane,junction_location,skidding_and_overturning,hit_object_in_carriageway,vehicle_leaving_carriageway,hit_object_off_carriageway,first_point_of_impact,vehicle_left_hand_drive,journey_purpose_of_driver_historic,journey_purpose_of_driver,sex_of_driver,age_of_driver,age_band_of_driver,engine_capacity_cc,propulsion_code,age_of_vehicle,generic_make_model,driver_imd_decile,lsoa_of_driver,escooter_flag,driver_distance_banding
2024161479253,2024,161479253,1,9,0,-1,19,6,2,-1,0,1,0,0,0,0,1,9,-1,6,3,-1,-1,-1,-1,-1,-1,-1,-1,0,-1
2024141498957,2024,141498957,2,9,0,-1,3,6,-1,-1,0,1,0,0,0,0,1,9,-1,6,3,-1,-1,-1,-1,-1,-1,-1,-1,0,-1
2024010505846,2024,010505846,1,9,0,99,99,9,9,0,0,9,0,99,9,0,4,9,6,6,3,-1,-1,-1,-1,-1,-1,-1,-1,0,-1
2024010489886,2024,010489886,1,3,0,18,19,5,1,0,0,1,0,0,0,0,1,1,6,6,3,-1,-1,-1,-1,-1,-1,-1,-1,0,-1
2024041395387,2024,041395387,1,9,0,-1,5,-1,-1,-1,0,8,0,0,0,0,3,9,-1,6,3,-1,-1,-1,-1,-1,-1,-1,-1,0,-1
2024221442520,2024,221442520,2,21,1,-1,19,5,2,-1,0,8,1,0,0,0,1,9,-1,1,1,53,8,-1,-1,-1,-1,-1,-1,0,-1
202417S205024,2024,17S205024,1,21,1,-1,19,5,1,-1,0,0,0,0,0,0,0,1,-1,1,3,-1,-1,-1,-1,-1,-1,-1,-1,0,-1
2024201456532,2024,201456532,1,9,0,-1,19,5,8,-1,0,8,0,0,0,0,1,1,-1,6,-1,-1,-1,-1,-1,-1,-1,-1,-1,0,-1
2024010489184,2024,010489184,2,9,0,9,9,7,4,0,0,1,0,0,0,0,1,1,6,6,2,31,6,-1,-1,-1,-1,2,E01001438,0,2
2024010525293,2024,010525293,2,9,0,18,19,7,3,0,0,1,0,0,0,0,1,1,6,6,1,39,7,-1,-1,-1,-1,5,E01002248,0,1
2024320485193,2024,320485193,2,1,0,-1,-1,1,5,0,0,6,0,0,0,0,1,1,6,6,1,14,3,-1,-1,-1,-1,3,E01026235,0,1
2024340WN2862,2024,340WN2862,2,9,0,-1,8,6,2,-1,0,1,0,0,0,0,2,1,-1,9,1,29,6,-1,-1,-1,-1,5,E01035424,0,1
2024201522006,2024,201522006,1,9,0,-1,19,1,5,-1,0,0,0,0,0,0,1,9,-1,6,1,-1,-1,-1,-1,-1,-1,-1,-1,0,-1
2024461424445,2024,461424445,2,9,0,-1,19,6,2,-1,0,1,0,0,0,0,3,9,-1,6,2,-1,-1,-1,-1,-1,-1,2,E01016035,0,1
2024010493633,2024,010493633,1,3,0,99,99,9,9,99,99,9,9,99,9,99,9,1,2,2,1,31,6,-1,-1,-1,-1,3,E01001502,0,1
2024010521352,2024,010521352,1,9,0,99,99,9,9,99,99,9,9,99,9,99,0,9,6,6,3,-1,-1,-1,-1,-1,-1,-1,-1,0,-1
2024440274126,2024,440274126,1,9,0,7,7,5,7,0,0,8,0,0,0,0,1,1,6,6,1,-1,-1,-1,-1,-1,-1,-1,-1,0,-1
2024161404646,2024,161404646,1,1,0,-1,3,2,4,-1,0,0,5,0,0,0,1,1,-1,2,1,26,6,-1,-1,-1,-1,1,E01012852,0,1
2024991514437,2024,991514437,1,9,0,-1,9,4,2,-1,0,4,0,0,0,0,1,1,-1,2,2,40,7,-1,-1,-1,-1,2,-1,0,1
2024010501733,2024,010501733,1,1,9,99,99,9,9,99,99,0,9,99,9,99,2,1,6,6,1,54,8,-1,-1,-1,-1,3,E01003182,0,1
2024471491106,2024,471491106,2,5,0,-1,19,8,4,-1,0,8,0,0,0,0,1,1,-1,9,1,59,9,-1,-1,-1,-1,9,E01021208,0,3
2024531398473,2024,531398473,2,1,0,-1,19,1,5,-1,0,0,0,0,0,0,3,1,-1,6,1,64,9,-1,-1,-1,-1,9,E01022434,0,2
2024201525118,2024,201525118,2,1,0,-1,19,4,8,-1,9,8,0,0,0,0,1,1,-1,6,1,59,9,-1,-1,-1,-1,4,E01009276,0,1
2024471485727,2024,471485727,2,17,0,-1,9,1,5,-1,0,0,0,0,0,0,2,1,-1,6,-1,-1,-1,-1,-1,-1,-1,-1,-1,0,-1
2024101411331,2024,101411331,2,1,0,-1,4,1,2,-1,0,1,2,0,1,0,1,1,-1,9,1,67,10,-1,-1,-1,-1,-1,-1,0,-1
2024221504825,2024,221504825,1,9,0,-1,9,1,7,-1,0,6,0,0,0,0,1,1,-1,6,1,67,10,-1,-1,-1,-1,5,E01032426,0,1
2024161465675,2024,161465675,2,1,0,-1,19,6,2,-1,0,1,0,0,0,0,3,1,-1,6,1,39,7,-1,-1,-1,-1,4,E01012827,0,1
2024010533021,2024,010533021,2,1,9,99,99,9,9,99,99,9,9,99,9,99,9,1,2,2,2,29,6,-1,-1,-1,-1,8,E01003225,0,1
2024061486901,2024,061486901,2,1,0,-1,19,1,5,-1,0,1,0,0,0,0,3,1,-1,6,1,41,7,-1,-1,-1,-1,2,E01034001,0,3
2024552401289,2024,552401289,1,9,0,18,19,8,4,0,0,6,0,0,0,0,1,1,6,6,3,-1,-1,-1,-1,-1,-1,-1,-1,0,-1
2024522401702,2024,522401702,1,1,0,18,19,5,1,0,0,8,0,0,0,0,1,1,6,6,1,27,6,-1,-1,-1,-1,6,E01015005,0,1
2024552400927,2024,552400927,2,1,0,18,19,6,2,0,0,8,0,0,0,0,1,1,2,2,2,48,8,-1,-1,-1,-1,-1,-1,0,-1
2024010508355,2024,010508355,2,9,9,99,99,9,9,99,99,9,9,99,9,99,9,9,6,6,3,-1,-1,-1,-1,-1,-1,-1,-1,0,-1
2024231413553,2024,231413553,2,9,0,-1,19,4,6,-1,0,0,0,0,0,0,1,1,-1,2,1,69,10,-1,-1,-1,-1,9,E01031082,0,1
2024320290197,2024,320290197,2,9,0,7,7,6,8,0,0,2,0,0,1,0,2,1,-1,-1,1,78,11,-1,-1,-1,-1,8,E01026202,0,2
2024610017524,2024,610017524,1,9,0,10,10,6,2,0,0,1,0,0,0,0,2,1,6,6,1,38,7,-1,-1,-1,-1,4,W01001973,0,1
2024461481642,2024,461481642,1,9,0,-1,19,3,4,-1,0,0,0,0,0,0,3,9,-1,6,1,-1,-1,-1,-1,-1,-1,-1,-1,0,-1
2024010498276,2024,010498276,2,9,9,99,99,9,9,99,99,9,9,99,9,99,9,9,6,6,3,-1,-1,-1,-1,-1,-1,-1,-1,0,-1
2024522402069,2024,522402069,2,9,0,18,19,3,7,0,0,2,0,0,0,0,1,1,6,6,3,-1,-1,-1,-1,-1,-1,-1,-1,0,-1
2024361502746,2024,361502746,2,1,0,-1,-1,-1,-1,-1,-1,0,-1,-1,-1,0,1,1,-1,6,1,47,8,-1,-1,-1,-1,7,E01026801,0,1
2024010518198,2024,010518198,2,19,0,99,99,9,9,99,99,9,9,99,9,99,9,9,6,6,3,-1,-1,-1,-1,-1,-1,2,E01016009,0,4
2024052402449,2024,052402449,1,9,0,18,19,3,7,0,0,0,0,0,0,0,1,1,6,6,3,-1,-1,-1,-1,-1,-1,-1,-1,0,-1
2024010522421,2024,010522421,2,1,0,18,19,3,7,4,4,1,0,0,0,0,1,1,2,2,2,21,5,-1,-1,-1,-1,10,E01003801,0,1
2024440164629,2024,440164629,1,-1,0,18,19,5,1,0,0,1,0,0,0,0,2,1,6,6,1,16,4,-1,-1,-1,-1,7,E01017094,1,1
2024461442451,2024,461442451,2,1,0,-1,19,3,7,-1,9,1,0,0,0,0,1,1,-1,6,1,44,7,-1,-1,-1,-1,8,E01016175,0,1
2024311497133,2024,311497133,1,1,0,-1,19,3,6,-1,0,1,0,0,1,0,1,1,-1,6,1,14,3,-1,-1,-1,-1,1,E01013855,0,1
2024141474350,2024,141474350,2,9,0,-1,-1,-1,-1,-1,-1,0,-1,-1,-1,0,-1,9,-1,6,3,-1,-1,-1,-1,-1,-1,-1,-1,0,-1
2024010487756,2024,010487756,1,9,0,18,19,7,3,0,0,1,0,0,0,0,1,1,6,6,1,-1,-1,-1,-1,-1,-1,-1,-1,0,-1
2024332400529,2024,332400529,2,9,0,-1,19,3,7,-1,0,1,0,0,0,0,1,1,-1,6,1,-1,-1,-1,-1,-1,-1,-1,-1,0,-1
2024010518205,2024,010518205,3,9,9,99,99,9,9,99,99,9,9,99,9,99,9,9,6,6,3,-1,-1,-1,-1,-1,-1,-1,-1,0,-1
2024451526203,2024,451526203,1,9,0,-1,19,7,3,-1,0,0,0,0,0,0,4,9,-1,6,2,68,10,-1,-1,-1,-1,-1,-1,0,-1
2024041412788,2024,041412788,1,9,0,-1,19,3,7,-1,0,8,0,0,0,0,3,1,-1,1,1,35,6,-1,-1,-1,-1,5,E01025401,0,3
2024411482143,2024,411482143,2,9,-1,-1,-1,-1,-1,-1,-1,-1,-1,-1,-1,0,-1,9,-1,1,1,25,5,-1,-1,-1,-1,4,E01004038,0,4
2024010490798,2024,010490798,2,9,0,99,99,9,9,99,99,9,9,99,9,99,1,9,6,6,3,-1,-1,-1,-1,-1,-1,-1,-1,0,-1
2024430527700,2024,430527700,1,8,0,9,9,2,8,0,0,2,0,0,0,0,4,1,1,1,1,47,8,-1,-1,-1,-1,3,E01016422,0,1
2024451522413,2024,451522413,1,9,0,-1,19,3,7,-1,0,0,1,0,0,0,1,1,-1,1,1,22,5,-1,-1,-1,-1,7,E01023942,0,4
2024440130872,2024,440130872,1,1,0,9,9,8,6,0,0,8,0,0,0,0,1,1,6,6,2,15,3,-1,-1,-1,-1,3,E01017133,0,1
2024211434872,2024,211434872,1,1,0,-1,19,4,2,-1,9,1,0,0,0,0,1,1,-1,6,2,16,4,-1,-1,-1,-1,-1,-1,0,-1
2024471531991,2024,471531991,1,9,0,-1,-1,-1,-1,-1,-1,-1,-1,-1,-1,0,-1,1,-1,6,2,44,7,-1,-1,-1,-1,8,E01016897,0,1
2024522402664,2024,522402664,2,-1,0,17,19,6,4,0,0,8,0,0,0,0,1,1,6,6,1,28,6,-1,-1,-1,-1,3,E01014501,1,1
2024430029369,2024,430029369,1,9,0,3,3,8,4,0,0,1,0,0,0,0,2,1,6,6,1,43,7,-1,-1,-1,-1,6,E01002433,0,3
2024201514925,2024,201514925,2,1,0,-1,5,6,2,-1,0,0,0,0,0,0,3,1,-1,9,2,34,6,-1,-1,-1,-1,6,E01033622,0,1
2024531491723,2024,531491723,2,9,0,-1,19,2,6,-1,0,1,0,0,0,0,1,2,-1,9,1,58,9,-1,-1,-1,-1,6,E01022211,0,3
2024991512386,2024,991512386,1,9,0,-1,19,7,3,-1,0,0,0,10,0,0,1,1,-1,9,1,59,9,-1,-1,-1,-1,5,-1,0,1
2024231513112,2024,231513112,1,9,0,-1,13,3,7,-1,0,0,0,0,0,0,3,9,-1,6,3,45,7,-1,-1,-1,-1,-1,-1,0,-1
2024351523257,2024,351523257,2,1,0,-1,9,6,4,-1,0,5,5,0,0,0,3,1,-1,9,1,71,10,-1,-1,-1,-1,8,E01018236,0,1
2024061521264,2024,061521264,2,1,0,-1,99,-1,-1,-1,99,0,0,0,0,0,9,1,-1,6,3,-1,-1,-1,-1,-1,-1,-1,-1,0,-1
2024622500018,2024,622500018,1,9,0,18,19,6,2,0,0,1,0,0,0,0,1,1,2,2,1,78,11,-1,-1,-1,-1,6,W01001912,0,2
2024440351834,2024,440351834,2,9,0,1,1,8,4,0,0,1,0,0,0,0,2,1,6,6,3,-1,-1,-1,-1,-1,-1,-1,-1,0,-1
2024430113607,2024,430113607,1,9,0,10,10,7,6,0,0,1,0,0,0,0,1,1,2,2,1,32,6,-1,-1,-1,-1,10,E01017737,0,3
2024461487076,2024,461487076,1,1,0,-1,14,-1,-1,-1,-1,0,-1,4,0,0,2,1,-1,6,1,-1,-1,-1,-1,-1,-1,5,E01016149,0,1
2024451476015,2024,451476015,1,1,0,-1,15,5,1,-1,0,1,0,0,0,0,1,1,-1,9,1,34,6,-1,-1,-1,-1,8,E01002966,0,3
2024010526224,2024,010526224,1,1,9,99,99,9,9,99,99,9,9,99,9,99,1,1,6,6,1,65,9,-1,-1,-1,-1,10,E01000882,0,1
2024010531585,2024,010531585,2,1,0,18,19,5,1,0,0,8,5,0,1,0,4,1,1,1,2,23,5,-1,-1,-1,-1,5,E01002894,0,1
2024311517098,2024,311517098,2,9,0,-1,19,3,7,-1,0,0,0,0,0,0,0,1,-1,6,3,-1,-1,-1,-1,-1,-1,-1,-1,0,-1
2024131536827,2024,131536827,2,9,0,-1,19,1,1,-1,0,1,0,0,0,0,1,1,-1,1,1,62,9,-1,-1,-1,-1,1,E01011422,0,1
2024501530200,2024,501530200,2,9,0,-1,3,2,6,-1,0,1,0,0,0,0,0,1,-1,9,1,24,5,-1,-1,-1,-1,6,E01019030,0,2
2024010506430,2024,010506430,1,9,0,99,99,9,9,99,99,9,9,99,9,99,9,9,6,6,1,38,7,-1,-1,-1,-1,5,E01002202,0,1
2024351429960,2024,351429960,2,1,0,-1,19,6,2,-1,0,0,0,0,0,0,3,1,-1,6,1,47,8,-1,-1,-1,-1,10,E01023659,0,3
2024451483004,2024,451483004,2,9,0,-1,19,7,3,-1,0,0,0,0,0,0,1,1,-1,2,2,54,8,-1,-1,-1,-1,10,E01030495,0,1
2024010495262,2024,010495262,1,9,0,99,99,9,9,99,99,9,9,99,9,99,9,1,6,6,2,32,6,-1,-1,-1,-1,3,E01035496,0,1
2024471526868,2024,471526868,2,1,0,-1,19,7,3,-1,0,1,0,0,0,0,4,1,-1,6,2,37,7,-1,-1,-1,-1,9,E01016980,0,1
2024421443664,2024,421443664,2,9,0,-1,3,-1,-1,-1,0,0,0,0,0,0,1,1,-1,2,2,40,7,-1,-1,-1,-1,5,E01021809,0,1
2024302400443,2024,302400443,1,9,0,16,19,6,1,0,0,0,0,0,0,0,1,1,2,2,1,63,9,-1,-1,-1,-1,9,E01028120,0,4
2024061503703,2024,061503703,2,98,0,-1,19,1,5,-1,0,1,0,0,0,0,0,9,-1,6,3,20,4,-1,-1,-1,-1,-1,-1,0,-1
2024302401292,2024,302401292,2,9,0,16,19,4,7,0,0,8,0,0,0,0,1,1,6,6,2,33,6,-1,-1,-1,-1,6,E01033536,0,1
2024010522725,2024,010522725,2,9,9,99,99,9,9,99,99,9,9,99,9,99,9,9,6,6,3,-1,-1,-1,-1,-1,-1,-1,-1,0,-1
2024061450468,2024,061450468,2,9,0,-1,2,0,0,-1,0,0,0,0,0,0,3,1,-1,6,2,46,8,-1,-1,-1,-1,-1,-1,0,-1
2024010503827,2024,010503827,2,9,0,99,99,9,9,99,99,9,9,99,9,99,9,9,6,6,3,-1,-1,-1,-1,-1,-1,-1,-1,0,-1
2024522500269,2024,522500269,1,1,0,9,9,3,7,0,0,8,0,0,0,0,2,1,6,6,1,31,6,-1,-1,-1,-1,3,E01033903,0,4
2024010496172,2024,010496172,2,9,0,99,99,9,9,99,99,9,9,99,9,99,2,9,6,6,3,-1,-1,-1,-1,-1,-1,-1,-1,0,-1
2024332400854,2024,332400854,1,22,0,-1,19,9,9,-1,0,0,0,0,0,0,1,1,-1,6,1,-1,-1,-1,-1,-1,-1,-1,-1,0,-1
2024010554055,2024,010554055,1,1,9,99,99,9,9,99,99,9,9,99,9,99,2,1,6,6,2,47,8,-1,-1,-1,-1,3,E01003295,0,2
2024201475922,2024,201475922,1,9,0,-1,19,1,5,-1,0,0,0,0,0,0,2,9,-1,6,1,30,6,-1,-1,-1,-1,-1,-1,0,-1
2024501408834,2024,501408834,2,9,0,-1,3,2,6,-1,0,0,0,0,0,0,2,9,-1,7,1,42,7,-1,-1,-1,-1,4,E01034852,0,2
2024631482833,2024,631482833,2,9,0,-1,19,1,5,-1,0,0,0,0,0,0,1,1,-1,1,1,39,7,-1,-1,-1,-1,3,E01019768,0,5
2024131485717,2024,131485717,2,90,0,-1,19,7,3,-1,9,0,0,0,0,0,1,1,-1,9,2,9,2,-1,-1,-1,-1,1,E01011864,0,1
2024451464961,2024,451464961,2,1,0,-1,5,4,5,-1,0,0,5,0,0,0,1,1,-1,1,1,80,11,-1,-1,-1,-1,10,E01030585,0,1
2024201480851,2024,201480851,2,9,0,-1,10,4,2,-1,0,1,0,0,0,0,2,1,-1,9,2,63,9,-1,-1,-1,-1,1,E01010143,0,1
2024471513553,2024,471513553,2,1,0,-1,19,3,7,-1,0,2,0,0,0,0,1,1,-1,6,2,83,11,-1,-1,-1,-1,7,E01031688,0,1
2024201513043,2024,201513043,2,9,0,-1,13,4,8,-1,0,1,0,0,0,0,2,9,-1,6,1,24,5,-1,-1,-1,-1,2,E01010406,0,2
2024010499803,2024,010499803,2,21,1,12,12,3,7,0,0,0,0,0,0,0,3,2,6,6,1,42,7,-1,-1,-1,-1,-1,-1,0,-1
2024311531052,2024,311531052,1,9,0,-1,2,1,5,-1,9,0,0,0,0,0,1,1,-1,6,1,-1,-1,-1,-1,-1,-1,-1,-1,0,-1
2024201431175,2024,201431175,2,1,0,-1,5,4,4,-1,0,0,0,0,0,0,3,1,-1,1,1,22,5,-1,-1,-1,-1,2,E01034312,0,1
2024070790540,2024,070790540,1,9,0,-1,7,8,1,-1,0,4,0,0,0,0,4,1,-1,6,2,-1,-1,-1,-1,-1,-1,-1,-1,0,-1
2024010543837,2024,010543837,1,1,9,99,99,9,9,99,99,9,9,99,9,99,2,1,6,6,1,34,6,-1,-1,-1,-1,5,E01033788,0,1
2024031506169,2024,031506169,1,9,0,-1,19,5,8,-1,0,1,0,0,0,0,1,2,-1,6,1,40,7,-1,-1,-1,-1,-1,-1,0,-1
2024991521386,2024,991521386,1,9,0,-1,19,6,2,-1,0,1,0,0,0,0,0,9,-1,6,1,35,6,-1,-1,-1,-1,-1,-1,0,-1
2024320750906,2024,320750906,1,9,0,9,9,2,8,0,0,6,0,0,0,0,2,1,6,6,2,57,9,-1,-1,-1,-1,-1,-1,0,-1
2024340WN0392,2024,340WN0392,1,9,0,-1,19,3,7,-1,0,1,0,10,7,11,1,1,-1,6,1,22,5,-1,-1,-1,-1,10,E01027298,0,3
2024101499543,2024,101499543,1,9,0,-1,19,4,8,-1,0,0,0,0,0,0,1,9,-1,6,3,-1,-1,-1,-1,-1,-1,-1,-1,0,-1
2024451523833,2024,451523833,2,1,0,-1,7,1,2,-1,0,1,2,0,0,0,1,1,-1,9,1,51,8,-1,-1,-1,-1,7,E01003001,0,3
2024631394972,2024,631394972,1,9,0,-1,19,7,3,-1,0,0,2,0,8,10,1,1,-1,2,2,52,8,-1,-1,-1,-1,6,W01000471,0,3
2024052400433,2024,052400433,2,1,0,16,19,7,3,0,0,3,0,0,0,0,4,1,6,6,1,49,8,-1,-1,-1,-1,1,E01007175,0,1
2024461519336,2024,461519336,1,9,0,-1,5,5,7,-1,0,6,0,0,0,0,1,9,-1,6,3,-1,-1,-1,-1,-1,-1,-1,-1,0,-1
2024010546979,2024,010546979,3,23,0,18,19,7,3,0,0,8,0,0,0,0,1,1,6,6,1,24,5,-1,-1,-1,-1,8,E01000118,0,1
2024501535425,2024,501535425,1,1,0,-1,5,3,1,-1,0,8,5,0,0,0,3,1,-1,6,1,24,5,-1,-1,-1,-1,2,E01020014,0,1
2024010537390,2024,010537390,2,9,0,99,99,9,9,99,99,9,9,99,9,99,2,9,6,6,3,-1,-1,-1,-1,-1,-1,-1,-1,0,-1
2024131414736,2024,131414736,2,90,0,-1,19,4,8,-1,0,8,0,0,0,0,3,1,-1,6,1,60,9,-1,-1,-1,-1,6,E01035050,0,2
2024010496099,2024,010496099,1,9,0,18,19,5,1,0,0,1,2,9,2,4,1,1,6,6,1,34,6,-1,-1,-1,-1,2,E01002087,0,4
2024531458905,2024,531458905,3,9,0,-1,19,7,3,-1,0,0,0,0,1,0,3,1,-1,1,1,34,6,-1,-1,-1,-1,6,E01034777,0,4
2024010550461,2024,010550461,2,9,0,18,19,7,3,0,0,8,0,0,0,0,1,1,6,6,3,-1,-1,-1,-1,-1,-1,-1,-1,0,-1
2024201499144,2024,201499144,2,1,0,-1,19,3,7,-1,0,1,0,0,0,0,2,1,-1,6,1,33,6,-1,-1,-1,-1,2,E01010476,0,1
2024052400552,2024,052400552,1,9,0,5,5,7,3,0,0,0,0,0,0,0,1,1,6,6,3,-1,-1,-1,-1,-1,-1,-1,-1,0,-1
2024421457079,2024,421457079,2,-1,0,-1,19,5,2,-1,0,8,0,0,0,0,4,1,-1,6,2,47,8,-1,-1,-1,-1,5,E01021651,1,1
2024991427153,2024,991427153,3,1,0,-1,19,8,4,-1,0,1,0,0,0,0,2,1,-1,2,2,65,9,-1,-1,-1,-1,9,-1,0,1
2024401502471,2024,401502471,1,9,0,-1,4,7,3,-1,0,0,0,0,0,0,2,1,-1,9,1,41,7,-1,-1,-1,-1,4,E01017581,0,2
2024411530593,2024,411530593,1,9,0,-1,19,1,5,-1,0,0,1,0,0,0,1,1,-1,9,1,63,9,-1,-1,-1,-1,7,E01023531,0,3
2024071031097,2024,071031097,1,19,0,-1,1,5,1,-1,0,0,0,0,0,0,3,1,-1,1,1,63,9,-1,-1,-1,-1,4,E01018712,0,1
2024010555031,2024,010555031,2,1,9,18,19,1,5,99,99,9,9,0,9,0,9,1,6,6,1,46,8,-1,-1,-1,-1,3,E01004467,0,1
2024010516358,2024,010516358,2,23,0,9,9,5,3,0,0,5,0,0,7,0,1,1,6,6,1,28,6,-1,-1,-1,-1,2,E01001161,0,1
2024991413097,2024,991413097,3,9,0,-1,19,2,6,-1,0,8,0,0,0,0,3,1,-1,1,1,39,7,-1,-1,-1,-1,6,-1,0,4
2024430342145,2024,430342145,2,1,0,9,9,7,5,0,0,8,0,0,0,0,3,1,2,2,2,25,5,-1,-1,-1,-1,4,E01028532,0,1
2024302400065,2024,302400065,3,9,0,9,9,1,7,0,0,5,0,0,0,0,0,1,6,6,3,-1,-1,-1,-1,-1,-1,5,E01019456,0,4
2024010494208,2024,010494208,1,9,0,9,9,6,3,0,0,6,0,0,0,0,3,1,6,6,3,20,4,-1,-1,-1,-1,6,E01004109,0,2
2024471394949,2024,471394949,1,9,0,-1,-1,5,1,-1,-1,8,1,0,0,0,3,1,-1,-1,1,20,4,-1,-1,-1,-1,4,E01030816,0,1
2024131420290,2024,131420290,2,1,0,-1,19,7,3,-1,0,1,0,0,0,0,1,1,-1,2,1,63,9,-1,-1,-1,-1,5,E01011534,0,1
2024340WN1432,2024,340WN1432,1,9,0,-1,19,1,5,-1,0,2,0,0,0,0,1,1,-1,6,3,-1,-1,-1,-1,-1,-1,-1,-1,0,-1
2024421471447,2024,421471447,1,1,0,-1,19,-1,-1,-1,0,0,-1,-1,-1,0,-1,1,-1,6,1,-1,-1,-1,-1,-1,-1,-1,-1,0,-1
2024421488666,2024,421488666,2,9,0,-1,19,1,5,-1,0,0,5,10,7,0,3,1,-1,9,1,20,4,-1,-1,-1,-1,5,E01021489,0,1
2024340WN1522,2024,340WN1522,1,9,0,-1,5,6,2,-1,0,1,0,0,1,0,1,1,-1,1,1,36,7,-1,-1,-1,-1,7,E01027219,0,1
202460Q025289,2024,60Q025289,1,1,0,18,19,2,6,0,0,2,5,11,0,0,1,1,6,6,1,77,11,-1,-1,-1,-1,-1,-1,0,-1
2024461511227,2024,461511227,2,9,0,-1,8,1,5,-1,0,1,0,0,0,0,2,9,-1,9,2,36,7,-1,-1,-1,-1,7,E01024380,0,1
2024010528572,2024,010528572,2,1,0,18,19,3,7,3,2,0,0,4,0,0,1,1,2,2,2,25,5,-1,-1,-1,-1,5,E01003083,0,3
2024070342475,2024,070342475,2,9,0,17,19,1,5,9,9,1,0,0,1,0,1,1,6,6,1,54,8,-1,-1,-1,-1,9,E01018431,0,1
2024411417076,2024,411417076,2,1,0,-1,19,-1,-1,-1,0,8,2,0,0,0,4,1,-1,6,1,15,3,-1,-1,-1,-1,6,E01023344,0,1
2024010491960,2024,010491960,1,9,0,18,19,8,4,0,0,0,0,0,0,0,1,1,6,6,3,-1,-1,-1,-1,-1,-1,-1,-1,0,-1
2024041433556,2024,041433556,2,1,0,-1,19,6,2,-1,0,0,0,0,0,0,1,1,-1,9,1,15,3,-1,-1,-1,-1,2,E01025075,0,4
2024101416108,2024,101416108,1,9,0,-1,19,2,6,-1,0,8,0,0,0,0,1,1,-1,6,2,19,4,-1,-1,-1,-1,3,E01008222,0,1
2024010508248,2024,010508248,1,1,9,99,99,9,9,99,99,9,9,99,9,99,1,1,2,2,1,31,6,-1,-1,-1,-1,6,E01001852,0,1
2024430209262,2024,430209262,2,5,0,18,19,4,8,0,0,0,0,0,0,0,1,1,6,6,1,35,6,-1,-1,-1,-1,3,E01016729,0,1
2024141484569,2024,141484569,1,9,0,-1,9,2,8,-1,0,5,0,0,0,0,3,1,-1,2,1,39,7,-1,-1,-1,-1,2,E01028026,0,3
2024101464204,2024,101464204,1,9,0,-1,7,3,5,-1,0,8,0,0,0,0,1,1,-1,6,1,-1,-1,-1,-1,-1,-1,-1,-1,0,-1
2024010505796,2024,010505796,1,9,0,18,19,4,8,0,0,1,0,0,0,0,1,1,6,6,3,-1,-1,-1,-1,-1,-1,-1,-1,0,-1
2024010534955,2024,010534955,2,9,0,9,9,7,4,0,0,8,0,0,0,0,1,1,6,6,3,-1,-1,-1,-1,-1,-1,-1,-1,0,-1
2024610001024,2024,610001024,1,9,0,18,19,2,6,0,0,8,0,0,0,0,1,1,6,6,2,17,4,-1,-1,-1,-1,6,W01001416,0,1
2024351526525,2024,351526525,2,1,-1,-1,-1,-1,-1,-1,-1,-1,-1,-1,-1,0,-1,1,-1,2,2,32,6,-1,-1,-1,-1,9,E01018008,0,1
2024010493459,2024,010493459,2,19,0,3,3,3,7,0,0,1,0,0,0,0,2,1,1,1,1,51,8,-1,-1,-1,-1,4,E01002402,0,3
2024221484552,2024,221484552,1,19,4,-1,4,2,6,-1,0,8,0,0,0,0,2,1,-1,6,1,46,8,-1,-1,-1,-1,8,E01028861,0,3
2024010501331,2024,010501331,2,1,0,99,99,9,9,0,0,8,0,0,0,0,1,1,2,2,1,32,6,-1,-1,-1,-1,3,E01004365,0,3
2024351484938,2024,351484938,2,-1,-1,-1,-1,-1,-1,-1,-1,-1,-1,-1,-1,0,-1,1,-1,6,1,16,4,-1,-1,-1,-1,8,E01018221,1,1
2024010542037,2024,010542037,1,9,0,18,19,8,4,0,0,0,1,0,0,0,1,1,6,6,3,-1,-1,-1,-1,-1,-1,-1,-1,0,-1
2024131445052,2024,131445052,2,1,0,-1,19,7,3,-1,4,1,0,0,0,0,1,1,-1,6,1,26,6,-1,-1,-1,-1,8,E01011929,0,1
2024131432607,2024,131432607,2,1,0,-1,19,1,5,-1,0,0,0,0,0,0,2,1,-1,6,1,15,3,-1,-1,-1,-1,1,E01010632,0,1
2024010522434,2024,010522434,1,1,9,99,99,9,9,99,99,9,9,99,9,99,9,1,6,6,1,39,7,-1,-1,-1,-1,10,E01000666,0,2
2024320164391,2024,320164391,2,1,0,-1,-1,8,4,0,0,0,0,0,0,0,1,1,-1,-1,1,36,7,-1,-1,-1,-1,6,E01026159,0,1
2024991427334,2024,991427334,1,9,0,-1,19,6,2,-1,0,0,0,0,0,0,1,1,-1,9,1,59,9,-1,-1,-1,-1,-1,-1,0,-1
2024010491413,2024,010491413,2,9,9,5,5,7,3,99,99,9,9,99,9,99,9,9,6,6,1,-1,-1,-1,-1,-1,-1,-1,-1,0,-1
2024201464705,2024,201464705,1,9,0,-1,19,1,5,-1,0,0,2,0,0,0,1,9,-1,6,3,-1,-1,-1,-1,-1,-1,-1,-1,0,-1
202460Q105901,2024,60Q105901,1,17,4,5,5,4,2,0,0,1,0,0,0,0,1,1,1,1,1,-1,-1,-1,-1,-1,-1,-1,-1,0,-1
2024401443244,2024,401443244,2,1,0,-1,19,2,6,-1,0,3,0,0,0,0,1,1,-1,2,1,27,6,-1,-1,-1,-1,4,E01033497,0,3
2024340WN5002,2024,340WN5002,1,21,1,-1,12,5,1,-1,0,0,0,0,0,0,3,1,-1,6,3,-1,-1,-1,-1,-1,-1,-1,-1,0,-1
2024010518680,2024,010518680,2,9,0,99,99,9,9,99,99,9,9,99,9,99,1,9,6,6,1,47,8,-1,-1,-1,-1,-1,-1,0,-1
2024010514074,2024,010514074,1,1,0,18,19,7,3,0,0,8,0,0,0,0,1,1,6,6,2,28,6,-1,-1,-1,-1,3,W01000999,0,5
2024141557331,2024,141557331,1,9,0,-1,19,4,7,-1,0,8,0,0,0,0,1,9,-1,6,3,-1,-1,-1,-1,-1,-1,-1,-1,0,-1