collision_index,collision_year,collision_ref_no,vehicle_reference,vehicle_type,towing_and_articulation,vehicle_manoeuvre_historic,vehicle_manoeuvre,vehicle_direction_from,vehicle_direction_to,vehicle_location_restricted_lane_historic,vehicle_location_restricted_lane,junction_location,skidding_and_overturning,hit_object_in_carriageway,vehicle_leaving_carriageway,hit_object_off_carriageway,first_point_of_impact,vehicle_left_hand_drive,journey_purpose_of_driver_historic,journey_purpose_of_driver,sex_of_driver,age_of_driver,age_band_of_driver,engine_capacity_cc,propulsion_code,age_of_vehicle,generic_make_model,driver_imd_decile,lsoa_of_driver,escooter_flag,driver_distance_banding
2024451491620,2024,451491620,1,1,0,-1,3,7,3,-1,0,0,0,10,1,0,1,1,-1,9,1,47,8,-1,-1,-1,-1,10,E01030607,0,3
2024131415629,2024,131415629,2,1,0,-1,19,8,4,-1,0,8,5,0,0,0,1,1,-1,6,1,27,6,-1,-1,-1,-1,9,E01011404,0,3
2024991470604,2024,991470604,2,1,0,-1,19,3,6,-1,9,0,0,0,0,0,3,1,-1,6,1,12,3,-1,-1,-1,-1,-1,-1,0,-1
2024010508918,2024,010508918,3,9,0,2,2,0,0,0,0,0,0,0,0,0,3,2,6,6,3,-1,-1,-1,-1,-1,-1,-1,-1,0,-1
2024010497877,2024,010497877,1,3,0,99,99,9,9,99,99,9,9,99,9,99,1,1,1,1,1,29,6,-1,-1,-1,-1,2,E01003159,0,2
2024010516224,2024,010516224,1,1,9,99,99,9,9,99,99,9,9,99,9,99,2,1,3,7,1,38,7,-1,-1,-1,-1,8,E01004506,0,1
2024311430599,2024,311430599,2,1,0,-1,19,5,1,-1,9,0,0,0,0,0,-1,1,-1,6,1,21,5,-1,-1,-1,-1,-1,-1,0,-1
2024061536294,2024,061536294,1,9,0,-1,19,7,3,-1,0,0,0,0,0,0,1,1,-1,1,1,55,8,-1,-1,-1,-1,5,E01005898,0,1
2024440329604,2024,440329604,1,1,0,18,19,5,1,0,0,8,0,0,0,0,3,1,6,6,2,19,4,-1,-1,-1,-1,2,E01017106,0,1
2024622400227,2024,622400227,1,1,0,18,19,8,4,0,0,0,0,0,0,0,0,1,6,6,1,41,7,-1,-1,-1,-1,9,W01001104,0,1
2024041531172,2024,041531172,1,9,0,-1,4,5,1,-1,0,1,0,0,0,0,1,1,-1,2,1,49,8,-1,-1,-1,-1,7,W01000309,0,4
202460Q150464,2024,60Q150464,2,1,0,18,19,5,1,0,0,1,0,0,0,0,2,1,6,6,1,57,9,-1,-1,-1,-1,-1,-1,0,-1
2024991438490,2024,991438490,3,9,0,-1,10,8,6,-1,0,1,0,0,0,0,1,1,-1,1,1,26,6,-1,-1,-1,-1,3,E01017335,0,5
2024010488179,2024,010488179,1,3,0,99,99,9,9,99,99,9,9,99,9,99,9,1,2,2,1,28,6,-1,-1,-1,-1,7,E01003414,0,1
2024010534607,2024,010534607,1,1,9,99,99,9,9,99,99,9,9,99,9,99,9,1,2,2,1,44,7,-1,-1,-1,-1,9,E01000178,0,2
2024010548994,2024,010548994,2,1,0,18,19,5,1,0,0,1,0,0,0,0,1,1,2,2,1,32,6,-1,-1,-1,-1,3,E01001089,0,1
2024991505245,2024,991505245,2,1,0,-1,19,2,6,-1,0,8,0,0,0,0,1,1,-1,9,1,50,8,-1,-1,-1,-1,3,-1,0,1
2024430523070,2024,430523070,1,1,0,9,9,6,4,0,0,4,0,0,0,0,1,1,6,6,1,72,10,-1,-1,-1,-1,6,E01017710,0,1
2024320170331,2024,320170331,1,9,0,7,7,6,1,0,0,6,0,0,0,0,1,1,6,6,2,81,11,-1,-1,-1,-1,5,E01026241,0,2
202417S108524,2024,17S108524,1,9,0,-1,19,3,7,-1,0,8,0,0,0,0,1,1,-1,9,1,66,10,-1,-1,-1,-1,9,E01012224,0,1
2024010525543,2024,010525543,1,1,0,7,7,1,4,0,0,1,0,0,1,0,3,1,6,6,1,25,5,-1,-1,-1,-1,-1,-1,0,-1
2024211491380,2024,211491380,1,98,-1,-1,-1,-1,-1,-1,-1,-1,-1,-1,-1,0,-1,9,-1,6,1,40,7,-1,-1,-1,-1,-1,-1,0,-1
2024010492513,2024,010492513,2,1,0,7,7,1,3,0,0,5,2,4,0,0,4,1,2,2,1,43,7,-1,-1,-1,-1,-1,-1,0,-1
2024131412698,2024,131412698,1,9,0,-1,19,6,2,-1,0,8,0,0,0,0,4,1,-1,1,2,43,7,-1,-1,-1,-1,1,E01010721,0,1
2024430251965,2024,430251965,1,19,0,18,19,4,8,0,0,1,0,0,0,0,1,1,2,2,2,36,7,-1,-1,-1,-1,8,E01017642,0,3
2024991454511,2024,991454511,2,90,0,-1,19,7,3,-1,0,8,0,0,0,0,4,1,-1,1,1,36,7,-1,-1,-1,-1,3,-1,0,1
2024010493436,2024,010493436,1,5,0,99,99,9,9,99,99,1,9,99,9,99,1,1,2,2,1,28,6,-1,-1,-1,-1,8,E01002868,0,1
2024461498111,2024,461498111,1,1,0,-1,19,3,7,-1,0,0,0,0,0,0,1,1,-1,6,1,-1,-1,-1,-1,-1,-1,-1,-1,0,-1
2024231482364,2024,231482364,1,1,0,-1,9,2,8,-1,0,5,0,0,0,0,3,1,-1,9,2,40,7,-1,-1,-1,-1,8,E01031236,0,1
2024010495533,2024,010495533,1,9,0,18,19,1,5,0,0,2,0,0,0,0,2,1,6,6,2,47,8,-1,-1,-1,-1,5,E01030569,0,1
2024131455411,2024,131455411,1,9,0,-1,5,1,7,-1,0,0,0,0,0,0,1,1,-1,6,3,-1,-1,-1,-1,-1,-1,-1,-1,0,-1
2024201466695,2024,201466695,2,9,0,-1,19,8,4,-1,0,1,0,0,0,0,1,1,-1,9,1,57,9,-1,-1,-1,-1,10,E01009431,0,1
2024010514601,2024,010514601,1,1,9,99,99,9,9,99,99,9,9,99,9,99,9,1,6,6,1,51,8,-1,-1,-1,-1,4,E01032784,0,2
2024141448589,2024,141448589,1,97,0,-1,19,8,4,-1,0,0,0,0,0,0,1,1,-1,6,3,-1,-1,-1,-1,-1,-1,-1,-1,0,-1
2024052402118,2024,052402118,1,9,0,18,19,8,4,0,0,1,0,0,0,0,1,1,6,6,3,-1,-1,-1,-1,-1,-1,-1,-1,0,-1
2024010494402,2024,010494402,2,9,0,18,19,7,3,0,0,1,0,0,0,0,1,1,6,6,3,-1,-1,-1,-1,-1,-1,-1,-1,0,-1
2024141428736,2024,141428736,1,97,0,-1,19,4,1,-1,0,0,1,0,1,0,3,1,-1,9,1,37,7,-1,-1,-1,-1,5,E01007823,0,1
2024010540388,2024,010540388,1,9,0,1,1,1,5,0,0,2,0,0,0,0,2,1,6,6,3,-1,-1,-1,-1,-1,-1,-1,-1,0,-1
2024520401168,2024,520401168,1,9,0,18,19,9,9,0,0,0,0,0,0,0,9,1,6,6,3,-1,-1,-1,-1,-1,-1,-1,-1,0,-1
2024411468601,2024,411468601,1,9,0,-1,7,4,1,-1,0,1,0,0,7,0,4,1,-1,6,1,28,6,-1,-1,-1,-1,3,E01015795,0,3
2024101507947,2024,101507947,2,1,0,-1,19,1,5,-1,0,0,0,8,8,0,1,1,-1,2,1,47,8,-1,-1,-1,-1,3,E01008226,0,1
2024010492709,2024,010492709,1,11,0,4,4,5,1,0,0,1,0,0,0,0,0,1,6,6,1,57,9,-1,-1,-1,-1,2,E01024305,0,4
202417M100624,2024,17M100624,1,9,0,1,1,7,4,0,0,6,0,0,0,0,0,1,6,6,3,-1,-1,-1,-1,-1,-1,-1,-1,0,-1
2024010487095,2024,010487095,2,19,0,9,9,6,4,0,0,1,0,0,0,0,3,1,1,1,1,31,6,-1,-1,-1,-1,7,E01016162,0,4
2024061504128,2024,061504128,2,1,0,-1,19,5,1,-1,0,8,0,0,0,0,1,1,-1,2,1,61,9,-1,-1,-1,-1,5,E01005743,0,1
2024052402139,2024,052402139,1,9,0,18,19,3,7,0,0,4,0,0,0,0,1,1,6,6,3,-1,-1,-1,-1,-1,-1,-1,-1,0,-1
2024430024041,2024,430024041,2,9,0,16,19,3,6,0,0,0,0,0,0,0,1,1,6,6,1,54,8,-1,-1,-1,-1,7,E01016328,0,3
2024461465637,2024,461465637,1,9,0,-1,8,3,5,-1,0,8,0,0,0,0,1,9,-1,6,2,-1,-1,-1,-1,-1,-1,-1,-1,0,-1
2024010528371,2024,010528371,1,1,9,18,19,9,9,99,99,0,9,99,9,99,9,1,2,2,2,25,5,-1,-1,-1,-1,4,E01000608,0,1
2024201421478,2024,201421478,1,9,0,-1,19,8,4,-1,0,0,1,10,1,11,1,1,-1,6,1,23,5,-1,-1,-1,-1,3,E01009775,0,2
2024631461845,2024,631461845,1,9,0,-1,19,8,4,-1,0,0,0,0,0,0,1,1,-1,2,1,66,10,-1,-1,-1,-1,8,W01002038,0,4
2024141474937,2024,141474937,1,9,0,-1,19,4,8,-1,0,1,0,0,0,0,1,1,-1,9,1,58,9,-1,-1,-1,-1,2,E01007323,0,1
2024481569571,2024,481569571,1,8,0,-1,9,7,5,-1,0,8,0,0,0,0,1,1,-1,1,3,50,8,-1,-1,-1,-1,-1,-1,0,-1
2024122400320,2024,122400320,1,9,0,18,19,5,1,0,0,0,0,0,0,0,1,1,6,6,1,37,7,-1,-1,-1,-1,10,E01027721,0,2
2024010492981,2024,010492981,1,9,0,18,19,5,1,0,0,8,0,0,0,0,4,1,1,1,1,44,7,-1,-1,-1,-1,1,E01000521,0,2
2024631489247,2024,631489247,2,5,0,-1,19,3,7,-1,0,0,1,0,1,9,1,1,-1,9,2,66,10,-1,-1,-1,-1,5,W01000550,0,3
2024501414788,2024,501414788,1,9,0,-1,3,8,4,-1,0,0,0,0,0,0,1,1,-1,6,1,65,9,-1,-1,-1,-1,4,E01020087,0,3
2024010523186,2024,010523186,2,1,0,18,19,7,3,0,0,1,0,0,0,0,1,1,6,6,1,17,4,-1,-1,-1,-1,7,E01034153,0,1
2024430292165,2024,430292165,1,1,0,18,19,4,8,0,0,1,0,0,0,0,3,1,4,7,1,18,4,-1,-1,-1,-1,10,E01017806,0,2
2024052401038,2024,052401038,1,1,0,15,15,4,8,0,0,8,0,0,0,0,3,1,6,6,1,27,6,-1,-1,-1,-1,1,E01006735,0,1
2024010543904,2024,010543904,2,9,9,99,99,9,9,99,99,0,9,99,9,99,9,9,6,6,3,-1,-1,-1,-1,-1,-1,-1,-1,0,-1
2024501410450,2024,501410450,1,23,0,-1,19,1,4,-1,0,2,1,4,0,0,3,1,-1,9,1,25,5,-1,-1,-1,-1,2,E01015239,0,1
2024461422314,2024,461422314,1,9,0,-1,19,3,7,-1,0,0,0,0,0,0,-1,9,-1,6,3,-1,-1,-1,-1,-1,-1,-1,-1,0,-1
2024401516316,2024,401516316,2,9,0,-1,3,-1,-1,-1,0,0,0,0,0,0,2,9,-1,9,2,46,8,-1,-1,-1,-1,5,E01023369,0,3
2024010533235,2024,010533235,2,1,0,9,9,5,3,0,0,8,0,0,0,0,3,1,2,2,1,52,8,-1,-1,-1,-1,1,E01001776,0,1
2024161453902,2024,161453902,2,1,0,-1,19,4,8,-1,5,1,0,0,0,0,1,1,-1,6,1,40,7,-1,-1,-1,-1,2,E01012763,0,1
2024010488950,2024,010488950,1,4,0,99,99,9,9,99,99,9,9,99,9,99,1,1,6,6,1,35,6,-1,-1,-1,-1,8,E01000784,0,2
2024320030065,2024,320030065,3,19,0,-1,-1,8,4,0,0,0,0,0,0,0,1,1,1,1,1,39,7,-1,-1,-1,-1,1,E01013651,0,4
2024201464388,2024,201464388,1,11,0,-1,19,3,1,-1,0,8,0,0,0,0,1,1,-1,1,1,60,9,-1,-1,-1,-1,-1,-1,0,-1
2024501493563,2024,501493563,1,9,0,-1,4,7,3,-1,0,0,0,0,0,0,2,1,-1,9,1,77,11,-1,-1,-1,-1,4,E01018965,0,4
2024070030036,2024,070030036,1,9,0,18,19,3,7,0,0,0,0,0,7,4,1,1,2,2,1,64,9,-1,-1,-1,-1,7,E01018432,0,2
2024451448065,2024,451448065,1,1,9,-1,2,3,1,-1,0,0,0,0,1,0,1,1,-1,9,1,44,7,-1,-1,-1,-1,9,E01002994,0,2
2024221423071,2024,221423071,1,9,0,-1,9,7,3,-1,0,6,0,0,0,0,1,9,-1,6,1,45,7,-1,-1,-1,-1,-1,-1,0,-1
2024010499308,2024,010499308,2,9,0,99,99,9,9,99,99,9,9,99,9,99,9,9,6,6,3,-1,-1,-1,-1,-1,-1,-1,-1,0,-1
2024201550617,2024,201550617,2,98,0,-1,5,1,4,-1,0,0,0,0,0,0,3,9,-1,1,1,24,5,-1,-1,-1,-1,7,E01009976,0,2
2024311413315,2024,311413315,2,9,0,-1,19,8,5,-1,0,1,0,0,0,0,4,9,-1,6,3,30,6,-1,-1,-1,-1,-1,-1,0,-1
2024010494832,2024,010494832,3,9,0,4,4,3,7,0,0,1,0,0,0,0,2,1,6,6,1,62,9,-1,-1,-1,-1,8,E01021444,0,3
2024010530922,2024,010530922,1,9,0,18,19,4,8,0,0,0,0,0,0,0,1,1,6,6,3,-1,-1,-1,-1,-1,-1,-1,-1,0,-1
2024471413308,2024,471413308,5,9,0,-1,19,2,7,-1,0,0,0,0,0,0,1,1,-1,9,2,-1,-1,-1,-1,-1,-1,10,E01031644,0,2
2024141476758,2024,141476758,2,9,0,-1,19,5,1,-1,0,1,0,0,0,0,1,9,-1,6,3,-1,-1,-1,-1,-1,-1,-1,-1,0,-1
2024010499805,2024,010499805,2,1,0,9,9,6,3,0,0,4,0,0,0,0,2,1,2,2,1,64,9,-1,-1,-1,-1,7,E01003836,0,1
2024991495916,2024,991495916,1,9,0,-1,19,3,7,-1,2,0,0,0,0,0,1,1,-1,6,1,28,6,-1,-1,-1,-1,2,-1,0,1
2024522500229,2024,522500229,1,1,0,5,5,1,5,0,0,4,0,0,0,0,1,1,6,6,2,43,7,-1,-1,-1,-1,4,E01014570,0,1
2024451471304,2024,451471304,2,9,0,-1,11,5,1,-1,99,0,5,99,7,0,1,1,-1,6,3,40,7,-1,-1,-1,-1,-1,-1,0,-1
2024010495847,2024,010495847,1,1,9,99,99,9,9,99,99,9,9,99,9,99,9,1,2,2,1,27,6,-1,-1,-1,-1,4,E01003249,0,1
2024471420820,2024,471420820,1,1,0,-1,15,7,3,-1,4,0,0,11,0,0,1,1,-1,9,1,48,8,-1,-1,-1,-1,7,E01016853,0,1
2024010497979,2024,010497979,1,1,9,99,99,9,9,99,99,1,9,99,9,99,9,1,2,2,1,40,7,-1,-1,-1,-1,2,E01003921,0,1
2024451402681,2024,451402681,2,90,0,-1,4,1,5,-1,0,0,0,0,0,0,1,2,-1,1,1,67,10,-1,-1,-1,-1,-1,-1,0,-1
2024421466191,2024,421466191,1,9,0,-1,14,1,5,-1,0,0,0,0,0,0,0,9,-1,6,3,-1,-1,-1,-1,-1,-1,-1,-1,0,-1
2024010523487,2024,010523487,2,1,9,99,99,9,9,99,99,9,9,99,9,99,9,1,2,2,2,34,6,-1,-1,-1,-1,2,E01003051,0,1
2024010543157,2024,010543157,2,19,9,99,99,9,9,99,99,9,9,99,9,99,9,9,6,6,3,-1,-1,-1,-1,-1,-1,-1,-1,0,-1
2024101535370,2024,101535370,1,9,-1,-1,-1,6,2,-1,0,1,0,0,-1,0,-1,9,-1,6,3,-1,-1,-1,-1,-1,-1,-1,-1,0,-1
2024010495827,2024,010495827,2,9,0,18,19,7,3,0,0,1,0,0,1,0,1,1,6,6,3,-1,-1,-1,-1,-1,-1,-1,-1,0,-1
2024302401133,2024,302401133,1,9,0,18,19,6,2,0,0,4,0,0,0,0,1,1,6,6,2,35,6,-1,-1,-1,-1,4,E01019560,0,1
2024211483977,2024,211483977,1,9,0,-1,19,1,5,-1,0,0,0,0,0,0,2,1,-1,6,-1,20,4,-1,-1,-1,-1,-1,-1,0,-1
2024201528219,2024,201528219,1,22,0,-1,1,1,5,-1,9,0,0,0,0,0,2,1,-1,6,1,75,10,-1,-1,-1,-1,-1,-1,0,-1
2024320188332,2024,320188332,2,1,0,-1,-1,2,6,0,0,8,0,0,0,0,1,1,6,6,1,48,8,-1,-1,-1,-1,9,E01034698,0,1
2024031481073,2024,031481073,1,1,0,-1,12,4,6,-1,0,0,0,0,7,0,3,1,-1,9,1,15,3,-1,-1,-1,-1,6,E01019130,0,2
2024010489308,2024,010489308,2,9,0,99,99,9,9,99,99,9,9,99,9,99,1,9,6,6,2,58,9,-1,-1,-1,-1,7,E01000288,0,1
2024010505492,2024,010505492,2,1,0,18,19,5,1,0,0,8,0,0,0,0,1,1,2,2,2,52,8,-1,-1,-1,-1,6,E01002563,0,1
2024401518123,2024,401518123,1,9,0,-1,-1,-1,-1,-1,-1,0,-1,-1,-1,0,0,1,-1,6,3,-1,-1,-1,-1,-1,-1,-1,-1,0,-1
2024052401365,2024,052401365,1,9,0,18,19,1,5,0,0,0,0,0,0,0,1,1,6,6,3,-1,-1,-1,-1,-1,-1,-1,-1,0,-1
2024231506928,2024,231506928,2,9,0,-1,19,4,8,-1,0,0,0,0,0,0,1,1,-1,6,2,36,7,-1,-1,-1,-1,10,E01031179,0,2
2024311444266,2024,311444266,2,1,0,-1,19,7,3,-1,0,0,5,0,1,0,0,1,-1,6,1,56,9,-1,-1,-1,-1,1,E01013818,0,1
2024131513634,2024,131513634,1,9,0,-1,-1,-1,-1,-1,-1,-1,-1,-1,-1,-1,-1,1,-1,6,3,30,6,-1,-1,-1,-1,-1,-1,0,-1
2024361525278,2024,361525278,2,97,0,-1,99,-1,-1,-1,99,8,9,99,9,99,0,1,-1,6,1,-1,-1,-1,-1,-1,-1,-1,-1,0,-1
2024311498943,2024,311498943,1,19,0,-1,20,5,1,-1,0,0,0,0,0,0,1,1,-1,6,3,40,7,-1,-1,-1,-1,-1,-1,0,-1
2024010497743,2024,010497743,2,1,0,18,19,7,3,0,0,0,0,0,0,0,3,1,6,6,1,14,3,-1,-1,-1,-1,2,E01001660,0,1
2024311516531,2024,311516531,2,1,0,-1,19,2,4,-1,0,8,0,0,0,0,4,1,-1,6,1,13,3,-1,-1,-1,-1,1,E01013849,0,1
2024010528701,2024,010528701,1,1,0,18,19,1,5,1,1,0,0,0,0,0,0,1,6,6,1,26,6,-1,-1,-1,-1,2,E01000781,0,2
2024010492000,2024,010492000,2,10,0,99,99,9,9,99,99,9,9,99,9,99,9,9,6,6,1,34,6,-1,-1,-1,-1,7,E01000147,0,1
2024131451670,2024,131451670,2,1,0,-1,19,4,8,-1,0,1,0,0,0,0,3,1,-1,6,3,-1,-1,-1,-1,-1,-1,-1,-1,0,-1
2024552401437,2024,552401437,2,1,0,18,19,6,2,0,0,0,0,0,0,0,3,1,6,6,1,17,4,-1,-1,-1,-1,4,E01020578,0,1
2024430331477,2024,430331477,2,9,0,4,4,2,6,0,0,1,0,0,0,0,2,1,2,2,2,31,6,-1,-1,-1,-1,10,E01035428,0,3
2024010510455,2024,010510455,1,9,0,9,9,5,3,0,0,1,0,0,0,0,1,1,1,1,1,50,8,-1,-1,-1,-1,4,E01004182,0,2
2024471432231,2024,471432231,2,1,0,-1,19,7,3,-1,0,0,0,0,0,0,2,1,-1,6,1,75,10,-1,-1,-1,-1,6,E01021104,0,1
2024991414348,2024,991414348,1,1,0,-1,19,1,5,-1,0,1,5,0,1,0,3,1,-1,2,1,17,4,-1,-1,-1,-1,4,-1,0,1
2024201530080,2024,201530080,2,9,0,-1,5,1,1,-1,0,0,0,0,0,0,1,9,-1,6,3,18,4,-1,-1,-1,-1,-1,-1,0,-1
2024471439226,2024,471439226,1,1,0,-1,19,2,6,-1,9,1,0,0,0,0,1,1,-1,9,1,18,4,-1,-1,-1,-1,1,E01020983,0,1
2024501496856,2024,501496856,2,19,0,-1,19,5,1,-1,0,0,0,0,0,0,0,1,-1,1,2,30,6,-1,-1,-1,-1,4,E01018914,0,1
2024531475380,2024,531475380,1,-1,0,-1,19,5,1,-1,0,4,5,0,0,0,4,1,-1,9,1,17,4,-1,-1,-1,-1,6,E01022343,1,3
2024010492484,2024,010492484,1,1,9,99,99,9,9,99,99,0,9,99,9,99,9,1,1,1,1,21,5,-1,-1,-1,-1,3,E01003560,0,1
2024131437142,2024,131437142,2,8,0,-1,-1,-1,-1,-1,-1,-1,-1,-1,-1,-1,-1,1,-1,6,3,-1,-1,-1,-1,-1,-1,-1,-1,0,-1
2024361488343,2024,361488343,1,9,0,-1,5,3,1,-1,0,6,0,0,0,0,1,1,-1,6,1,56,9,-1,-1,-1,-1,9,E01018278,0,4
2024481566726,2024,481566726,2,1,0,-1,13,5,1,-1,0,0,0,0,0,0,4,1,-1,1,1,24,5,-1,-1,-1,-1,-1,-1,0,-1
2024031476633,2024,031476633,1,9,0,-1,19,7,3,-1,0,0,0,0,0,0,0,9,-1,6,3,-1,-1,-1,-1,-1,-1,-1,-1,0,-1
2024010507034,2024,010507034,1,90,0,99,99,9,9,99,99,9,9,99,9,99,1,9,6,6,1,29,6,-1,-1,-1,-1,7,E01002166,0,1
2024471467949,2024,471467949,2,9,0,-1,4,8,5,-1,0,1,0,0,0,0,1,1,-1,6,2,-1,-1,-1,-1,-1,-1,3,E01031657,0,4
2024010499046,2024,010499046,1,1,9,99,99,9,9,99,99,0,9,99,9,99,9,1,6,6,1,32,6,-1,-1,-1,-1,6,E01004521,0,1
2024031461034,2024,031461034,2,1,-1,-1,-1,-1,-1,-1,-1,0,-1,-1,-1,0,-1,1,-1,2,1,48,8,-1,-1,-1,-1,-1,-1,0,-1
2024430087742,2024,430087742,2,1,0,18,19,2,6,0,0,0,0,10,1,0,4,1,6,6,1,60,9,-1,-1,-1,-1,7,E01016239,0,2
2024052402382,2024,052402382,2,1,0,18,19,5,1,0,0,8,0,0,0,0,3,1,6,6,1,49,8,-1,-1,-1,-1,1,E01034836,0,1
2024010487503,2024,010487503,2,9,0,99,99,9,9,99,99,9,9,99,9,99,9,9,6,6,3,-1,-1,-1,-1,-1,-1,-1,-1,0,-1
2024061492738,2024,061492738,2,1,0,-1,19,1,5,-1,-1,0,-1,0,0,0,4,1,-1,6,2,60,9,-1,-1,-1,-1,5,E01005790,0,1
2024061517118,2024,061517118,1,1,0,-1,13,-1,-1,-1,0,0,1,0,0,0,4,1,-1,2,1,54,8,-1,-1,-1,-1,6,E01019738,0,2
2024010500825,2024,010500825,1,1,9,99,99,9,9,99,99,9,9,99,9,99,1,1,6,6,1,29,6,-1,-1,-1,-1,9,E01003875,0,1
2024010493306,2024,010493306,2,9,0,1,1,1,5,0,0,4,0,0,0,0,1,1,6,6,1,53,8,-1,-1,-1,-1,3,E01000404,0,1
2024471406907,2024,471406907,2,1,0,-1,19,3,5,-1,0,3,0,0,0,0,3,1,-1,6,2,-1,-1,-1,-1,-1,-1,3,E01021017,0,1
2024111425983,2024,111425983,1,9,0,-1,9,5,3,-1,0,8,0,0,0,0,1,1,-1,9,1,53,8,-1,-1,-1,-1,2,E01020648,0,3
2024041462419,2024,041462419,1,1,0,-1,19,1,5,-1,0,0,5,0,1,9,1,1,-1,6,1,59,9,-1,-1,-1,-1,10,E01003891,0,5
2024522402337,2024,522402337,1,1,0,12,12,1,5,4,4,2,0,0,0,0,1,1,6,6,1,28,6,-1,-1,-1,-1,9,E01014669,0,1
2024061481168,2024,061481168,1,9,0,-1,19,7,3,-1,0,1,0,0,0,0,1,1,-1,9,2,33,6,-1,-1,-1,-1,9,E01005572,0,1
2024010521155,2024,010521155,2,19,9,99,99,9,9,99,99,9,9,99,9,99,9,9,6,6,3,-1,-1,-1,-1,-1,-1,-1,-1,0,-1
2024101426412,2024,101426412,2,1,0,-1,19,7,3,-1,0,4,0,0,0,0,1,1,-1,6,1,40,7,-1,-1,-1,-1,1,E01027533,0,1
2024010518460,2024,010518460,2,8,0,99,99,9,9,99,99,9,9,99,9,99,1,9,6,6,3,-1,-1,-1,-1,-1,-1,-1,-1,0,-1
2024430011789,2024,430011789,2,9,0,18,19,5,1,0,0,0,0,0,0,0,1,1,6,6,3,-1,-1,-1,-1,-1,-1,-1,-1,0,-1
2024010489634,2024,010489634,1,3,9,99,99,9,9,99,99,9,9,99,9,99,9,1,1,1,2,25,5,-1,-1,-1,-1,3,E01001808,0,1
2024430438780,2024,430438780,1,1,0,18,19,2,6,0,0,8,0,0,0,0,4,1,2,2,1,51,8,-1,-1,-1,-1,8,E01016334,0,3
2024421507073,2024,421507073,1,16,5,-1,10,4,1,-1,0,0,0,7,2,0,4,1,-1,9,1,70,10,-1,-1,-1,-1,7,E01021656,0,1
2024052402867,2024,052402867,1,9,0,18,19,4,8,0,0,0,1,0,1,4,1,1,6,6,1,21,5,-1,-1,-1,-1,1,E01033747,0,1
2024111495121,2024,111495121,2,1,0,-1,19,3,7,-1,0,8,5,0,0,0,3,1,-1,6,1,65,9,-1,-1,-1,-1,8,E01011965,0,2
2024471527821,2024,471527821,2,1,0,-1,19,4,8,-1,0,2,5,0,0,0,1,1,-1,1,1,45,7,-1,-1,-1,-1,1,E01020912,0,1
2024411421009,2024,411421009,1,19,0,-1,19,6,2,-1,0,0,0,0,0,0,4,1,-1,6,1,-1,-1,-1,-1,-1,-1,-1,-1,0,-1
2024031511059,2024,031511059,2,9,0,-1,9,5,7,-1,0,6,0,0,0,0,1,1,-1,6,1,82,11,-1,-1,-1,-1,-1,-1,0,-1
2024010488896,2024,010488896,5,9,0,2,2,0,0,0,0,1,0,0,0,0,4,1,6,6,3,-1,-1,-1,-1,-1,-1,-1,-1,0,-1
2024421448886,2024,421448886,2,1,0,-1,19,3,7,-1,0,1,0,0,0,0,1,1,-1,6,2,59,9,-1,-1,-1,-1,5,E01021489,0,1
2024371539819,2024,371539819,2,1,0,-1,19,3,7,-1,0,0,0,0,0,0,1,1,-1,9,1,9,2,-1,-1,-1,-1,-1,-1,0,-1
2024010541052,2024,010541052,2,1,0,18,19,7,3,4,4,1,0,0,1,0,1,1,6,6,1,28,6,-1,-1,-1,-1,3,E01000404,0,3
2024010517177,2024,010517177,1,1,9,99,99,9,9,99,99,9,9,99,9,99,9,1,6,6,1,25,5,-1,-1,-1,-1,4,E01001174,0,1
2024411427978,2024,411427978,2,9,0,-1,3,-1,-1,-1,0,0,0,0,0,0,2,9,-1,9,1,40,7,-1,-1,-1,-1,8,E01002150,0,1
2024211505168,2024,211505168,1,1,0,-1,19,5,1,-1,0,0,0,0,0,0,3,1,-1,2,2,-1,-1,-1,-1,-1,-1,-1,-1,0,-1
2024131499128,2024,131499128,2,1,0,-1,19,6,2,-1,0,8,0,0,0,0,4,1,-1,6,2,60,9,-1,-1,-1,-1,9,E01011513,0,1
2024421476906,2024,421476906,4,98,0,-1,4,3,7,-1,0,1,0,0,0,0,0,1,-1,6,-1,-1,-1,-1,-1,-1,-1,-1,-1,0,-1
2024010532370,2024,010532370,1,97,0,18,19,5,1,0,0,9,0,0,0,0,1,1,6,6,3,-1,-1,-1,-1,-1,-1,-1,-1,0,-1
2024430043134,2024,430043134,2,1,0,18,19,5,1,0,0,2,0,0,0,0,3,1,6,6,1,15,3,-1,-1,-1,-1,3,E01016391,0,1
2024010528202,2024,010528202,1,9,0,5,5,3,7,0,0,0,0,0,0,0,1,1,6,6,1,32,6,-1,-1,-1,-1,7,E01001346,0,1
2024401456565,2024,401456565,1,9,-1,-1,-1,-1,-1,-1,-1,3,-1,-1,-1,0,-1,9,-1,6,3,-1,-1,-1,-1,-1,-1,-1,-1,0,-1
2024061467098,2024,061467098,1,9,0,-1,19,7,3,-1,0,0,0,4,1,0,1,1,-1,6,1,49,8,-1,-1,-1,-1,7,E01006252,0,2
2024440439519,2024,440439519,2,9,0,18,19,8,4,0,0,0,0,0,0,0,1,1,6,6,1,59,9,-1,-1,-1,-1,4,E01022657,0,1
2024461439261,2024,461439261,1,9,0,-1,19,5,1,-1,0,0,2,4,8,0,1,1,-1,6,1,32,6,-1,-1,-1,-1,5,E01024206,0,1
2024401525844,2024,401525844,2,9,0,-1,19,4,7,-1,0,0,0,0,0,0,1,1,-1,6,2,28,6,-1,-1,-1,-1,7,E01015694,0,1
2024411467927,2024,411467927,1,9,0,-1,19,6,2,-1,0,0,0,0,0,0,1,1,-1,6,2,35,6,-1,-1,-1,-1,6,E01023518,0,1
2024041523099,2024,041523099,1,9,0,-1,19,-1,-1,-1,0,0,0,0,0,0,-1,1,-1,6,3,-1,-1,-1,-1,-1,-1,-1,-1,0,-1
2024371474356,2024,371474356,2,22,0,-1,19,7,3,-1,0,0,0,0,0,0,3,1,-1,9,1,85,11,-1,-1,-1,-1,8,E01030269,0,1