collision_index,collision_year,collision_ref_no,vehicle_reference,vehicle_type,towing_and_articulation,vehicle_manoeuvre_historic,vehicle_manoeuvre,vehicle_direction_from,vehicle_direction_to,vehicle_location_restricted_lane_historic,vehicle_location_restricted_lane,junction_location,skidding_and_overturning,hit_object_in_carriageway,vehicle_leaving_carriageway,hit_object_off_carriageway,first_point_of_impact,vehicle_left_hand_drive,journey_purpose_of_driver_historic,journey_purpose_of_driver,sex_of_driver,age_of_driver,age_band_of_driver,engine_capacity_cc,propulsion_code,age_of_vehicle,generic_make_model,driver_imd_decile,lsoa_of_driver,escooter_flag,driver_distance_banding
2024161527443,2024,161527443,2,11,0,-1,19,1,5,-1,0,8,0,0,0,0,3,1,-1,6,1,-1,-1,-1,-1,-1,-1,-1,-1,0,-1
2024010489567,2024,010489567,1,3,0,99,99,9,9,99,99,1,9,99,9,99,1,1,6,6,1,21,5,-1,-1,-1,-1,3,E01015701,0,4
2024010538624,2024,010538624,2,1,9,99,99,9,9,99,99,9,9,99,9,99,1,1,6,6,1,43,7,-1,-1,-1,-1,1,E01035639,0,1
2024522401323,2024,522401323,1,-1,0,18,19,1,5,5,5,8,0,0,0,0,1,1,6,6,3,-1,-1,-1,-1,-1,-1,-1,-1,1,-1
2024010534205,2024,010534205,2,1,0,9,9,3,8,0,0,8,0,0,0,0,4,1,1,1,1,19,4,-1,-1,-1,-1,3,E01001789,0,1
2024302401049,2024,302401049,1,4,0,18,19,2,6,0,0,0,1,0,0,0,4,1,2,2,1,26,6,-1,-1,-1,-1,7,E01019553,0,3
2024010487299,2024,010487299,1,1,9,99,99,9,9,99,99,9,9,99,9,99,1,1,2,2,1,49,8,-1,-1,-1,-1,4,E01002088,0,1
2024010522645,2024,010522645,2,1,0,9,9,1,6,0,0,8,0,0,0,0,3,1,6,6,2,21,5,-1,-1,-1,-1,2,E01008963,0,5
2024361444356,2024,361444356,2,9,0,-1,19,7,3,-1,0,1,0,0,0,0,1,1,-1,6,1,26,6,-1,-1,-1,-1,8,E01026880,0,1
2024141413729,2024,141413729,1,9,0,-1,9,7,4,-1,0,5,0,0,0,0,1,9,-1,6,3,-1,-1,-1,-1,-1,-1,-1,-1,0,-1
2024411509853,2024,411509853,2,19,0,-1,19,5,1,-1,0,2,0,0,0,0,1,1,-1,1,1,-1,-1,-1,-1,-1,-1,5,E01023537,0,1
2024010518053,2024,010518053,2,1,9,99,99,9,9,99,99,1,9,99,9,99,9,1,2,2,1,32,6,-1,-1,-1,-1,3,E01004060,0,1
2024471425491,2024,471425491,2,9,0,-1,19,7,3,-1,0,4,0,0,0,0,2,1,-1,1,1,60,9,-1,-1,-1,-1,6,E01024466,0,4
2024010491532,2024,010491532,1,9,0,3,3,1,5,0,0,1,0,0,0,0,2,1,6,6,1,36,7,-1,-1,-1,-1,4,E01003372,0,1
2024010501903,2024,010501903,2,1,0,18,19,3,7,0,0,8,0,0,0,0,4,1,1,1,1,27,6,-1,-1,-1,-1,2,E01003604,0,1
2024430480332,2024,430480332,2,1,0,9,9,4,2,0,0,8,0,0,0,0,1,1,6,6,1,22,5,-1,-1,-1,-1,4,E01016207,0,4
2024101535357,2024,101535357,1,9,-1,-1,19,8,3,-1,0,1,0,0,0,0,-1,9,-1,6,1,-1,-1,-1,-1,-1,-1,8,E01006580,0,5
2024010548988,2024,010548988,1,9,9,18,19,1,5,0,0,9,0,99,9,0,1,1,6,6,3,-1,-1,-1,-1,-1,-1,-1,-1,0,-1
2024201431672,2024,201431672,2,9,0,-1,7,1,7,-1,0,5,0,0,0,0,1,9,-1,6,3,-1,-1,-1,-1,-1,-1,-1,-1,0,-1
2024622400197,2024,622400197,2,9,0,15,15,2,6,0,0,0,0,0,0,0,2,1,6,6,3,-1,-1,-1,-1,-1,-1,-1,-1,0,-1
2024010541982,2024,010541982,1,9,0,99,99,9,9,99,99,9,9,99,9,99,1,9,6,6,3,-1,-1,-1,-1,-1,-1,-1,-1,0,-1
2024520000784,2024,520000784,3,9,0,3,3,5,1,0,0,1,0,0,0,0,2,1,6,6,1,62,9,-1,-1,-1,-1,4,E01029038,0,3
2024010514769,2024,010514769,2,-1,0,18,19,1,5,0,0,1,2,0,0,0,1,1,2,2,1,37,7,-1,-1,-1,-1,7,E01003408,1,1
2024430342640,2024,430342640,2,1,0,18,19,6,2,0,0,8,0,0,0,0,3,1,6,6,1,24,5,-1,-1,-1,-1,3,E01016726,0,1
2024010523885,2024,010523885,2,9,0,18,19,1,5,0,0,1,0,0,0,0,1,9,6,6,3,-1,-1,-1,-1,-1,-1,-1,-1,0,-1
2024010545832,2024,010545832,1,1,9,99,99,9,9,99,99,9,9,99,9,99,0,1,1,1,1,20,4,-1,-1,-1,-1,4,E01033654,0,5
2024061484179,2024,061484179,1,9,0,-1,19,3,7,-1,0,0,0,0,0,0,1,1,-1,1,1,40,7,-1,-1,-1,-1,7,E01019754,0,4
2024010495447,2024,010495447,1,5,0,13,13,1,5,0,0,1,0,0,0,0,4,1,2,2,1,51,8,-1,-1,-1,-1,4,E01021808,0,3
2024161444601,2024,161444601,2,9,0,-1,19,7,3,-1,0,0,0,0,0,0,1,1,-1,6,-1,-1,-1,-1,-1,-1,-1,-1,-1,0,-1
2024010531329,2024,010531329,1,1,9,99,99,9,9,99,99,9,9,99,9,99,9,1,2,2,1,46,8,-1,-1,-1,-1,10,E01004095,0,3
2024010520626,2024,010520626,2,1,0,18,19,1,5,9,9,1,0,0,0,0,1,1,6,6,1,38,7,-1,-1,-1,-1,10,E01030327,0,2
2024010533978,2024,010533978,2,1,0,18,19,3,7,0,0,8,1,0,0,0,1,1,6,6,1,74,10,-1,-1,-1,-1,-1,-1,0,-1
2024361432679,2024,361432679,2,1,0,-1,19,4,8,-1,0,8,0,0,0,0,4,1,-1,7,2,16,4,-1,-1,-1,-1,5,E01030241,0,2
2024041458922,2024,041458922,2,9,0,-1,19,5,1,-1,0,0,0,0,0,0,4,1,-1,9,1,57,9,-1,-1,-1,-1,4,E01001972,0,5
2024361510134,2024,361510134,2,1,-1,-1,-1,-1,-1,-1,-1,0,-1,-1,-1,0,-1,1,-1,6,2,11,3,-1,-1,-1,-1,6,E01026887,0,1
2024010545837,2024,010545837,1,1,9,99,99,9,9,99,99,9,9,99,9,99,9,1,6,6,1,25,5,-1,-1,-1,-1,2,E01004247,0,1
2024302400987,2024,302400987,2,1,0,18,19,6,2,0,0,8,0,0,0,0,1,1,6,6,1,13,3,-1,-1,-1,-1,8,E01019707,0,1
2024052402611,2024,052402611,1,9,0,2,2,0,0,0,0,0,0,0,0,0,3,1,6,6,2,-1,-1,-1,-1,-1,-1,-1,-1,0,-1
2024010487723,2024,010487723,4,19,0,2,2,0,0,0,0,0,0,0,0,0,3,1,6,6,3,-1,-1,-1,-1,-1,-1,-1,-1,0,-1
2024010504342,2024,010504342,2,9,0,99,99,9,9,99,99,6,9,99,9,99,9,9,6,6,3,-1,-1,-1,-1,-1,-1,7,E01024285,0,4
2024161406285,2024,161406285,2,9,0,-1,8,1,3,-1,0,1,0,0,0,0,1,9,-1,6,2,38,7,-1,-1,-1,-1,7,E01013182,0,1
2024211496684,2024,211496684,2,9,0,-1,19,6,2,-1,0,1,0,0,0,0,1,1,-1,6,2,64,9,-1,-1,-1,-1,-1,-1,0,-1
2024351522054,2024,351522054,1,9,0,-1,19,5,1,-1,0,0,0,0,0,0,1,9,-1,6,3,-1,-1,-1,-1,-1,-1,-1,-1,0,-1
2024311398140,2024,311398140,1,9,0,-1,19,5,1,-1,0,0,0,0,0,0,1,1,-1,6,3,20,4,-1,-1,-1,-1,-1,-1,0,-1
2024010534129,2024,010534129,1,9,0,2,2,0,0,0,0,0,0,0,0,0,3,1,6,6,3,-1,-1,-1,-1,-1,-1,-1,-1,0,-1
2024461466140,2024,461466140,2,-1,0,-1,14,7,3,-1,0,0,0,0,0,0,1,1,-1,9,1,19,4,-1,-1,-1,-1,2,E01024315,1,1
2024411429186,2024,411429186,2,1,0,-1,19,3,7,-1,0,3,0,0,0,0,3,1,-1,6,2,57,9,-1,-1,-1,-1,7,E01023682,0,1
2024131502464,2024,131502464,1,90,0,-1,9,3,2,-1,0,4,0,0,0,0,1,1,-1,6,3,-1,-1,-1,-1,-1,-1,-1,-1,0,-1
2024061475939,2024,061475939,2,1,0,-1,19,1,3,-1,0,3,5,0,0,0,1,1,-1,2,2,34,6,-1,-1,-1,-1,7,E01005783,0,1
2024430036863,2024,430036863,1,3,0,18,19,5,1,0,0,0,0,0,0,0,1,1,1,1,2,36,7,-1,-1,-1,-1,5,E01016357,0,1
2024010494180,2024,010494180,2,2,0,99,99,9,9,99,99,9,9,99,9,99,1,1,6,6,3,25,5,-1,-1,-1,-1,2,E01015367,0,5
2024991461377,2024,991461377,1,9,0,-1,5,5,1,-1,0,1,0,4,7,10,1,1,-1,9,1,82,11,-1,-1,-1,-1,-1,-1,0,-1
2024461491746,2024,461491746,1,9,0,-1,14,2,6,-1,0,1,1,0,1,11,1,1,-1,6,1,44,7,-1,-1,-1,-1,2,E01024517,0,1
2024340WN0412,2024,340WN0412,1,98,0,-1,12,0,0,-1,0,0,0,0,0,0,3,1,-1,6,1,47,8,-1,-1,-1,-1,-1,-1,0,-1
2024430152813,2024,430152813,1,9,0,18,19,2,6,0,0,0,0,0,0,0,1,1,6,6,2,60,9,-1,-1,-1,-1,7,E01035027,0,4
2024061470457,2024,061470457,2,9,-1,-1,-1,-1,-1,-1,-1,0,-1,-1,-1,0,-1,9,-1,6,3,-1,-1,-1,-1,-1,-1,-1,-1,0,-1
2024010528684,2024,010528684,4,9,0,18,19,5,1,0,0,8,0,0,0,0,1,1,6,6,1,29,6,-1,-1,-1,-1,9,E01000293,0,4
2024361405014,2024,361405014,2,9,0,-1,5,1,3,-1,0,8,0,0,0,0,1,1,-1,6,1,28,6,-1,-1,-1,-1,5,E01034772,0,3
2024371464141,2024,371464141,1,9,-1,-1,-1,-1,-1,-1,-1,0,-1,-1,-1,0,-1,9,-1,6,1,-1,-1,-1,-1,-1,-1,-1,-1,0,-1
2024531420558,2024,531420558,2,1,0,-1,19,3,7,-1,0,8,5,0,0,0,4,1,-1,6,1,33,6,-1,-1,-1,-1,2,E01022292,0,1
2024010526607,2024,010526607,2,1,0,18,19,5,1,0,0,8,0,0,0,0,3,1,2,2,1,48,8,-1,-1,-1,-1,5,E01003715,0,1
2024010518294,2024,010518294,1,9,9,18,19,7,3,0,0,1,9,0,9,0,1,9,6,6,3,-1,-1,-1,-1,-1,-1,-1,-1,0,-1
2024340WN5902,2024,340WN5902,2,1,0,-1,19,5,1,-1,0,1,0,0,0,0,4,1,-1,6,1,31,6,-1,-1,-1,-1,2,E01027161,0,1
2024010533999,2024,010533999,1,9,0,4,4,1,5,0,0,1,0,0,0,0,3,1,6,6,2,41,7,-1,-1,-1,-1,4,E01000719,0,2
2024622400565,2024,622400565,1,8,0,17,19,4,8,0,0,8,0,0,0,0,1,2,6,6,1,63,9,-1,-1,-1,-1,3,W01001678,0,3
2024430500059,2024,430500059,1,1,0,13,13,2,6,0,0,8,0,0,0,0,4,1,2,2,1,44,7,-1,-1,-1,-1,9,E01033305,0,1
2024351497687,2024,351497687,2,1,0,-1,19,7,3,-1,0,3,5,0,0,0,2,1,-1,2,1,45,7,-1,-1,-1,-1,1,E01015663,0,1
2024311504725,2024,311504725,1,9,0,-1,19,6,2,-1,0,0,1,0,7,0,1,1,-1,9,2,27,6,-1,-1,-1,-1,-1,-1,0,-1
2024622400054,2024,622400054,2,1,0,18,19,2,6,0,0,1,0,0,0,0,1,1,6,6,1,30,6,-1,-1,-1,-1,4,W01001311,0,4
2024061527000,2024,061527000,1,9,0,-1,9,2,8,-1,0,5,0,0,0,0,1,1,-1,6,2,35,6,-1,-1,-1,-1,2,E01004969,0,1
2024010542942,2024,010542942,1,9,0,18,19,7,3,0,0,0,0,0,0,0,2,1,6,6,1,31,6,-1,-1,-1,-1,-1,-1,0,-1
2024010501112,2024,010501112,2,9,0,99,99,9,9,99,99,9,9,99,9,99,1,9,6,6,3,-1,-1,-1,-1,-1,-1,-1,-1,0,-1
2024440279428,2024,440279428,1,1,0,18,19,6,2,0,0,0,0,0,0,0,3,1,6,6,2,22,5,-1,-1,-1,-1,10,E01022571,0,2
2024451457049,2024,451457049,2,98,0,-1,19,1,3,-1,0,1,0,0,0,0,-1,9,-1,6,3,-1,-1,-1,-1,-1,-1,-1,-1,0,-1
2024061488561,2024,061488561,2,9,0,-1,9,-1,-1,-1,0,9,5,99,0,0,3,1,-1,6,3,-1,-1,-1,-1,-1,-1,-1,-1,0,-1
2024141460578,2024,141460578,2,9,0,-1,19,1,4,-1,0,0,0,0,0,0,0,9,-1,6,3,-1,-1,-1,-1,-1,-1,-1,-1,0,-1
2024070779541,2024,070779541,2,1,0,-1,19,3,7,-1,0,1,2,0,0,0,2,1,-1,9,1,25,5,-1,-1,-1,-1,2,E01018714,0,1
2024311474030,2024,311474030,1,9,0,-1,5,5,3,-1,0,0,0,0,0,0,0,1,-1,6,-1,-1,-1,-1,-1,-1,-1,-1,-1,0,-1
2024302400590,2024,302400590,2,11,0,18,19,8,4,0,0,0,0,0,0,0,2,1,1,1,1,42,7,-1,-1,-1,-1,2,E01019571,0,4
2024430117885,2024,430117885,2,1,0,18,19,7,3,9,9,8,0,0,0,0,4,1,6,6,1,23,5,-1,-1,-1,-1,-1,-1,0,-1
2024552401065,2024,552401065,1,19,0,18,19,3,7,0,0,8,0,0,0,0,3,1,6,6,1,53,8,-1,-1,-1,-1,2,E01015313,0,2
2024421440544,2024,421440544,1,9,0,-1,19,-1,-1,-1,0,1,0,0,0,0,3,1,-1,6,3,-1,-1,-1,-1,-1,-1,-1,-1,0,-1
2024421500527,2024,421500527,1,1,0,-1,19,7,3,-1,0,0,5,0,0,0,0,1,-1,6,1,30,6,-1,-1,-1,-1,3,E01021713,0,1
2024610018524,2024,610018524,2,9,0,2,2,0,0,0,0,0,0,0,0,0,3,1,6,6,2,18,4,-1,-1,-1,-1,3,W01001429,0,1
2024302400447,2024,302400447,2,11,0,3,3,4,8,0,0,2,0,0,0,0,0,1,1,1,3,-1,-1,-1,-1,-1,-1,5,E01019456,0,4
2024031502566,2024,031502566,1,9,0,-1,1,4,8,-1,0,0,0,0,0,0,2,1,-1,1,1,38,7,-1,-1,-1,-1,5,E01019388,0,1
2024522403300,2024,522403300,1,9,0,18,19,4,8,0,0,0,0,4,0,0,4,1,6,6,1,51,8,-1,-1,-1,-1,8,E01014511,0,3
2024010489169,2024,010489169,1,3,0,99,99,9,9,99,99,0,9,99,9,99,1,1,2,2,1,25,5,-1,-1,-1,-1,6,E01003433,0,2
2024520400352,2024,520400352,1,9,0,18,19,7,3,0,0,0,0,0,7,4,3,1,6,6,1,18,4,-1,-1,-1,-1,4,E01029336,0,2
2024451498658,2024,451498658,1,9,4,-1,19,6,2,-1,0,0,1,0,0,0,1,1,-1,1,1,39,7,-1,-1,-1,-1,8,E01015416,0,5
2024520401134,2024,520401134,2,1,0,18,19,1,5,0,0,8,0,0,0,0,1,1,6,6,2,39,7,-1,-1,-1,-1,4,E01032633,0,1
2024031421390,2024,031421390,2,9,0,-1,19,5,1,-1,0,1,0,0,0,0,0,9,-1,9,1,52,8,-1,-1,-1,-1,3,E01007436,0,5
2024201533949,2024,201533949,1,9,0,-1,5,1,5,-1,0,0,0,0,0,0,1,9,-1,6,1,50,8,-1,-1,-1,-1,-1,-1,0,-1
2024010533232,2024,010533232,1,1,0,5,5,1,5,0,0,2,0,0,0,0,4,1,2,2,1,22,5,-1,-1,-1,-1,10,E01027295,0,4
2024302400735,2024,302400735,2,1,0,18,19,5,2,0,0,8,0,0,0,0,4,1,6,6,1,45,7,-1,-1,-1,-1,7,E01019408,0,1
2024221452416,2024,221452416,2,1,0,-1,19,1,6,-1,0,8,0,0,0,0,1,1,-1,7,1,13,3,-1,-1,-1,-1,4,E01032406,0,1
202454E972124,2024,54E972124,2,1,0,18,19,1,5,0,0,0,0,0,1,0,2,1,6,6,1,38,7,-1,-1,-1,-1,1,E01032096,0,1
2024010496076,2024,010496076,1,9,0,99,99,9,9,99,99,9,9,99,9,99,9,9,6,6,1,51,8,-1,-1,-1,-1,9,E01002498,0,1
2024361434837,2024,361434837,1,9,-1,-1,19,1,5,-1,0,1,0,0,0,0,1,9,-1,6,3,-1,-1,-1,-1,-1,-1,-1,-1,0,-1
2024010535641,2024,010535641,2,1,0,18,19,7,3,4,4,8,1,0,0,0,1,1,2,2,1,37,7,-1,-1,-1,-1,9,E01004598,0,2
2024010488549,2024,010488549,2,1,0,18,19,8,4,0,0,8,0,0,0,0,1,1,1,1,1,39,7,-1,-1,-1,-1,6,E01001065,0,1
2024131575859,2024,131575859,1,21,0,-1,12,3,7,-1,0,0,0,0,0,0,3,2,-1,1,1,32,6,-1,-1,-1,-1,-1,-1,0,-1
2024010495473,2024,010495473,1,2,0,4,4,5,1,0,0,0,0,4,0,0,2,1,2,2,1,26,6,-1,-1,-1,-1,6,E01004137,0,3
2024010490680,2024,010490680,1,19,9,99,99,9,9,99,99,0,9,99,9,99,9,9,6,6,3,-1,-1,-1,-1,-1,-1,-1,-1,0,-1
2024161541398,2024,161541398,1,97,0,-1,7,7,1,-1,9,1,1,10,1,0,1,1,-1,6,1,19,4,-1,-1,-1,-1,1,E01012917,0,1
2024320035403,2024,320035403,1,3,0,-1,-1,4,8,0,0,2,0,0,0,0,1,1,6,6,1,-1,-1,-1,-1,-1,-1,-1,-1,0,-1
2024371430349,2024,371430349,1,21,1,-1,11,7,3,-1,0,0,0,0,0,0,1,1,-1,1,1,73,10,-1,-1,-1,-1,6,E01029873,0,2
2024010499094,2024,010499094,1,2,0,18,19,5,1,0,0,9,9,99,9,99,1,1,1,1,1,20,4,-1,-1,-1,-1,3,E01001367,0,1
2024010494749,2024,010494749,2,1,0,18,19,7,3,0,0,6,0,0,0,0,3,1,6,6,1,26,6,-1,-1,-1,-1,-1,-1,0,-1
2024101404769,2024,101404769,2,1,0,-1,19,4,8,-1,0,8,0,0,0,0,0,1,-1,6,1,18,4,-1,-1,-1,-1,3,E01008163,0,1
2024052400819,2024,052400819,1,11,0,13,13,5,1,0,0,1,0,0,0,0,4,1,1,1,1,75,10,-1,-1,-1,-1,1,E01012533,0,2
2024547117624,2024,547117624,1,9,0,18,19,6,2,0,0,1,1,0,7,2,1,1,3,7,2,40,7,-1,-1,-1,-1,10,E01028746,0,1
2024071007784,2024,071007784,2,9,0,-1,19,5,1,-1,0,1,0,0,0,0,3,1,-1,9,2,40,7,-1,-1,-1,-1,8,E01018565,0,1
2024010494934,2024,010494934,1,9,0,9,9,4,1,0,0,8,0,0,0,0,3,1,6,6,1,67,10,-1,-1,-1,-1,1,E01001517,0,1
2024010549834,2024,010549834,1,1,9,99,99,9,9,99,99,9,9,99,9,99,9,1,2,2,2,24,5,-1,-1,-1,-1,2,E01003066,0,2
2024010497191,2024,010497191,1,1,9,99,99,9,9,99,99,9,9,99,9,99,2,1,6,6,1,66,10,-1,-1,-1,-1,7,E01002965,0,3
2024461432087,2024,461432087,2,1,0,-1,19,3,7,-1,0,0,0,0,0,0,2,1,-1,6,1,28,6,-1,-1,-1,-1,5,E01024357,0,1
2024411449456,2024,411449456,1,9,-1,-1,9,2,8,-1,0,6,1,0,0,0,-1,9,-1,6,3,-1,-1,-1,-1,-1,-1,-1,-1,0,-1
2024430278690,2024,430278690,3,9,0,4,4,7,3,0,0,0,0,0,0,0,2,1,6,6,1,-1,-1,-1,-1,-1,-1,-1,-1,0,-1
2024501404417,2024,501404417,1,19,0,-1,3,2,6,-1,0,0,0,0,0,0,1,1,-1,1,1,23,5,-1,-1,-1,-1,6,E01020276,0,2
2024461420024,2024,461420024,2,9,0,-1,4,7,3,-1,0,0,0,0,0,0,2,1,-1,9,2,38,7,-1,-1,-1,-1,6,E01024457,0,1
2024010505996,2024,010505996,2,-1,0,18,19,8,4,0,0,8,0,0,0,0,1,1,6,6,1,21,5,-1,-1,-1,-1,2,E01003060,1,1
2024451493900,2024,451493900,2,9,0,-1,19,4,8,-1,0,1,1,0,0,0,2,1,-1,6,1,17,4,-1,-1,-1,-1,6,E01030363,0,1
2024161512988,2024,161512988,1,1,0,-1,19,7,3,-1,5,0,1,0,0,0,1,1,-1,9,2,37,7,-1,-1,-1,-1,3,E01013134,0,2
2024361450550,2024,361450550,1,19,0,-1,19,1,5,-1,0,0,0,0,0,0,1,1,-1,6,3,-1,-1,-1,-1,-1,-1,-1,-1,0,-1
2024501514173,2024,501514173,1,9,0,-1,9,4,2,-1,0,1,0,0,0,0,1,1,-1,6,3,-1,-1,-1,-1,-1,-1,-1,-1,0,-1
2024031441356,2024,031441356,2,1,0,-1,19,7,3,-1,0,8,0,0,0,0,1,1,-1,2,1,38,7,-1,-1,-1,-1,4,E01019389,0,3
2024161474755,2024,161474755,2,97,0,-1,19,5,1,-1,0,0,0,0,1,0,1,1,-1,6,1,27,6,-1,-1,-1,-1,1,E01013199,0,1
2024361525162,2024,361525162,2,1,0,-1,5,7,3,-1,0,3,0,0,0,0,4,1,-1,6,1,-1,-1,-1,-1,-1,-1,2,E01026829,0,1
2024061442952,2024,061442952,1,23,0,-1,19,6,2,-1,0,1,0,0,0,0,2,1,-1,6,1,18,4,-1,-1,-1,-1,4,E01005391,0,2
2024201549758,2024,201549758,3,23,0,-1,19,3,7,-1,0,8,0,1,0,0,4,1,-1,1,1,21,5,-1,-1,-1,-1,1,E01009057,0,1
2024010527534,2024,010527534,1,9,0,6,6,5,5,0,0,8,0,0,0,0,1,1,6,6,3,-1,-1,-1,-1,-1,-1,-1,-1,0,-1
2024010498699,2024,010498699,1,1,9,99,99,9,9,99,99,9,9,99,9,99,9,1,2,2,1,23,5,-1,-1,-1,-1,4,E01000488,0,1
2024010548303,2024,010548303,2,1,9,99,99,9,9,99,99,9,9,99,9,99,1,1,1,1,1,31,6,-1,-1,-1,-1,2,E01003501,0,2
2024461397464,2024,461397464,1,9,0,-1,19,1,5,-1,0,4,0,0,0,0,1,9,-1,6,2,54,8,-1,-1,-1,-1,4,E01024290,0,1
2024010493282,2024,010493282,1,3,0,99,99,9,9,99,99,9,9,99,9,99,1,1,1,1,1,36,7,-1,-1,-1,-1,2,E01033604,0,1
2024610011924,2024,610011924,1,9,0,9,9,3,1,0,0,0,0,0,0,0,3,1,6,6,2,82,11,-1,-1,-1,-1,8,W01001505,0,1
2024622400171,2024,622400171,1,9,0,18,19,4,8,0,0,0,0,0,0,0,1,1,6,6,3,-1,-1,-1,-1,-1,-1,-1,-1,0,-1
2024010493643,2024,010493643,1,9,0,18,19,1,5,0,0,1,0,0,0,0,0,1,3,7,2,42,7,-1,-1,-1,-1,9,E01002983,0,1
2024010533768,2024,010533768,1,1,0,18,19,1,5,0,0,1,0,0,0,0,1,1,6,6,2,16,4,-1,-1,-1,-1,5,E01002743,0,1
2024111502849,2024,111502849,2,1,0,-1,19,5,4,-1,0,0,0,0,0,0,4,1,-1,9,1,57,9,-1,-1,-1,-1,-1,-1,0,-1
2024401486731,2024,401486731,1,1,0,-1,19,3,1,-1,0,0,0,0,0,0,1,1,-1,6,1,-1,-1,-1,-1,-1,-1,-1,-1,0,-1
2024070409460,2024,070409460,1,2,0,6,6,7,3,0,0,6,1,0,0,0,1,1,6,6,2,14,3,-1,-1,-1,-1,7,E01012476,0,1
2024010491294,2024,010491294,1,19,0,5,5,1,5,0,0,2,0,0,0,0,1,1,1,1,1,33,6,-1,-1,-1,-1,4,E01003119,0,1
2024010542330,2024,010542330,3,9,0,99,99,9,9,99,99,9,9,99,9,99,0,9,6,6,3,-1,-1,-1,-1,-1,-1,7,E01001537,0,1
2024201485653,2024,201485653,1,9,0,-1,19,5,1,-1,0,1,0,0,0,0,2,1,-1,6,3,30,6,-1,-1,-1,-1,-1,-1,0,-1
2024010496628,2024,010496628,1,3,0,99,99,9,9,99,99,9,9,99,9,99,9,1,1,1,2,25,5,-1,-1,-1,-1,5,E01003023,0,2
2024010516572,2024,010516572,2,-1,9,99,99,9,9,99,99,9,9,99,9,99,9,9,6,6,2,60,9,-1,-1,-1,-1,-1,-1,1,-1
2024052400188,2024,052400188,1,9,0,18,19,1,5,0,0,0,0,11,7,2,1,1,6,6,1,38,7,-1,-1,-1,-1,7,E01007110,0,1
2024010550060,2024,010550060,2,1,0,18,19,5,1,0,0,1,0,0,0,0,4,1,6,6,2,33,6,-1,-1,-1,-1,2,E01033699,0,1
2024010489209,2024,010489209,1,3,0,99,99,9,9,99,99,9,9,99,9,99,9,1,6,6,1,33,6,-1,-1,-1,-1,8,E01002209,0,1
2024061410331,2024,061410331,1,9,-1,-1,-1,-1,-1,-1,-1,-1,-1,-1,-1,0,-1,9,-1,6,3,-1,-1,-1,-1,-1,-1,-1,-1,0,-1
2024010487768,2024,010487768,1,9,0,4,4,5,1,9,9,2,0,0,0,0,1,1,6,6,1,31,6,-1,-1,-1,-1,5,E01000491,0,1
2024010543166,2024,010543166,1,1,0,18,19,5,1,0,0,1,0,0,0,0,1,1,4,7,1,14,3,-1,-1,-1,-1,2,E01001428,0,1
2024430086000,2024,430086000,2,21,1,18,19,1,5,0,0,0,0,0,0,0,2,2,1,1,1,59,9,-1,-1,-1,-1,-1,-1,0,-1
2024122401161,2024,122401161,2,1,0,18,19,3,1,0,0,1,0,0,0,0,3,1,6,6,1,18,4,-1,-1,-1,-1,4,E01027779,0,1
2024332400802,2024,332400802,2,9,0,-1,19,9,9,-1,0,0,0,0,0,0,1,1,-1,6,3,-1,-1,-1,-1,-1,-1,-1,-1,0,-1
2024991448587,2024,991448587,1,5,0,-1,19,5,8,-1,0,0,1,0,0,0,3,1,-1,9,1,63,9,-1,-1,-1,-1,-1,-1,0,-1
2024010522220,2024,010522220,1,19,0,18,19,5,1,0,0,1,0,0,0,0,1,1,6,6,3,-1,-1,-1,-1,-1,-1,-1,-1,0,-1
2024522403011,2024,522403011,1,9,0,18,19,4,8,0,0,8,0,0,0,0,3,1,6,6,1,73,10,-1,-1,-1,-1,1,E01014832,0,4
2024010495932,2024,010495932,1,9,0,99,99,9,9,99,99,9,9,99,0,0,9,9,1,1,1,33,6,-1,-1,-1,-1,3,E01003521,0,1
2024302400650,2024,302400650,2,1,0,17,19,1,4,0,0,1,0,0,0,0,2,1,6,6,1,34,6,-1,-1,-1,-1,3,E01019709,0,1
2024520402428,2024,520402428,2,9,0,16,19,1,5,0,0,0,0,0,0,0,3,1,6,6,3,-1,-1,-1,-1,-1,-1,-1,-1,0,-1
2024070045606,2024,070045606,1,9,0,18,19,8,4,0,0,0,0,0,0,0,4,1,6,6,3,-1,-1,-1,-1,-1,-1,-1,-1,0,-1
202454B001124,2024,54B001124,2,97,0,9,9,5,2,0,0,3,0,0,0,0,1,1,6,6,1,17,4,-1,-1,-1,-1,8,E01032041,0,1
2024371410907,2024,371410907,3,9,0,-1,4,5,1,-1,0,1,0,0,0,0,3,1,-1,9,2,56,9,-1,-1,-1,-1,4,E01030295,0,3
2024221407442,2024,221407442,1,19,0,-1,19,6,2,-1,0,2,0,0,0,0,3,9,-1,6,1,59,9,-1,-1,-1,-1,7,E01032390,0,1
2024302400023,2024,302400023,1,4,0,17,19,8,5,0,0,8,0,0,0,0,1,1,6,6,1,24,5,-1,-1,-1,-1,2,E01019581,0,1
2024010519224,2024,010519224,2,19,0,99,99,9,9,99,99,0,9,99,9,99,9,9,6,6,1,66,10,-1,-1,-1,-1,3,E01004404,0,3
2024010521205,2024,010521205,1,98,0,99,99,9,9,0,0,1,0,0,0,0,1,1,6,6,3,-1,-1,-1,-1,-1,-1,-1,-1,0,-1
2024501505219,2024,501505219,3,9,0,-1,2,0,0,-1,0,0,0,0,0,0,1,1,-1,6,3,-1,-1,-1,-1,-1,-1,-1,-1,0,-1
2024991528906,2024,991528906,2,1,0,-1,19,4,8,-1,0,8,0,0,0,0,1,1,-1,9,1,17,4,-1,-1,-1,-1,10,-1,0,1
2024141503928,2024,141503928,1,1,0,-1,19,1,4,-1,0,1,0,0,0,0,1,1,-1,6,2,25,5,-1,-1,-1,-1,2,E01008112,0,1
2024471477361,2024,471477361,2,1,0,-1,9,7,3,-1,0,1,0,0,0,0,4,1,-1,6,1,45,7,-1,-1,-1,-1,6,E01016850,0,1