collision_index,collision_year,collision_ref_no,vehicle_reference,vehicle_type,towing_and_articulation,vehicle_manoeuvre_historic,vehicle_manoeuvre,vehicle_direction_from,vehicle_direction_to,vehicle_location_restricted_lane_historic,vehicle_location_restricted_lane,junction_location,skidding_and_overturning,hit_object_in_carriageway,vehicle_leaving_carriageway,hit_object_off_carriageway,first_point_of_impact,vehicle_left_hand_drive,journey_purpose_of_driver_historic,journey_purpose_of_driver,sex_of_driver,age_of_driver,age_band_of_driver,engine_capacity_cc,propulsion_code,age_of_vehicle,generic_make_model,driver_imd_decile,lsoa_of_driver,escooter_flag,driver_distance_banding
2024440330487,2024,440330487,1,9,0,18,19,7,3,0,0,0,0,0,0,0,1,1,6,6,2,59,9,-1,-1,-1,-1,4,E01023088,0,1
2024311467272,2024,311467272,2,9,0,-1,19,8,4,-1,0,1,0,0,0,0,1,9,-1,6,2,-1,-1,-1,-1,-1,-1,-1,-1,0,-1
2024070335461,2024,070335461,2,1,0,18,19,2,6,0,0,0,0,0,0,0,2,1,6,6,2,54,8,-1,-1,-1,-1,7,E01034672,0,1
2024211533020,2024,211533020,1,9,-1,-1,-1,-1,-1,-1,-1,0,-1,-1,-1,0,-1,9,-1,6,3,32,6,-1,-1,-1,-1,-1,-1,0,-1
2024061471290,2024,061471290,2,1,0,-1,19,5,1,-1,0,0,0,0,0,0,3,1,-1,6,1,13,3,-1,-1,-1,-1,2,E01005670,0,1
2024010489321,2024,010489321,1,4,0,18,19,3,7,0,0,0,0,0,0,0,1,1,6,6,1,27,6,-1,-1,-1,-1,4,E01002070,0,2
2024131447631,2024,131447631,1,9,0,-1,-1,-1,-1,-1,-1,-1,-1,-1,-1,-1,-1,1,-1,6,3,-1,-1,-1,-1,-1,-1,-1,-1,0,-1
2024010490085,2024,010490085,1,9,0,9,9,1,6,0,0,5,0,0,0,0,4,1,6,6,2,71,10,-1,-1,-1,-1,6,E01004581,0,1
2024501524629,2024,501524629,1,9,0,-1,19,2,6,-1,9,0,0,10,7,10,1,1,-1,2,1,25,5,-1,-1,-1,-1,4,E01015183,0,1
2024421490362,2024,421490362,1,9,0,-1,19,6,2,-1,0,1,0,0,0,0,4,1,-1,6,2,-1,-1,-1,-1,-1,-1,-1,-1,0,-1
2024361467876,2024,361467876,1,9,0,-1,19,5,1,-1,0,8,5,0,0,0,1,1,-1,6,1,62,9,-1,-1,-1,-1,2,E01026488,0,1
2024311433597,2024,311433597,1,19,0,-1,19,3,7,-1,0,1,0,0,0,0,1,1,-1,9,1,60,9,-1,-1,-1,-1,7,E01028100,0,1
2024302400559,2024,302400559,1,5,0,18,19,8,4,0,0,0,0,0,0,0,1,1,6,6,1,63,9,-1,-1,-1,-1,1,E01018462,0,4
2024010547096,2024,010547096,2,1,9,99,99,9,9,99,99,9,9,99,9,99,9,1,2,2,1,44,7,-1,-1,-1,-1,5,E01001859,0,3
2024010490391,2024,010490391,1,3,0,18,19,7,3,0,0,1,1,0,0,0,0,1,6,6,2,37,7,-1,-1,-1,-1,4,E01002841,0,1
2024101483358,2024,101483358,2,1,0,-1,19,4,8,-1,0,0,0,0,0,0,0,1,-1,9,1,62,9,-1,-1,-1,-1,4,E01027435,0,3
2024131463656,2024,131463656,2,1,-1,-1,-1,-1,-1,-1,-1,-1,-1,-1,-1,0,-1,1,-1,9,1,12,3,-1,-1,-1,-1,6,E01010932,0,1
2024471512525,2024,471512525,2,1,0,-1,19,7,3,-1,9,8,0,0,0,0,1,1,-1,7,1,-1,-1,-1,-1,-1,-1,10,E01031476,0,1
2024052402430,2024,052402430,1,1,0,9,9,8,6,0,0,1,0,0,0,0,1,1,6,6,1,-1,-1,-1,-1,-1,-1,-1,-1,0,-1
2024201494978,2024,201494978,2,90,0,-1,19,8,4,-1,0,8,0,0,0,0,1,1,-1,6,1,46,8,-1,-1,-1,-1,1,E01010288,0,1
2024440261823,2024,440261823,1,1,0,18,19,5,1,0,0,1,0,0,0,0,1,1,6,6,1,21,5,-1,-1,-1,-1,-1,-1,0,-1
2024531474585,2024,531474585,2,9,0,-1,9,3,7,-1,0,0,0,0,0,0,2,1,-1,1,2,48,8,-1,-1,-1,-1,7,E01022230,0,2
2024070488756,2024,070488756,2,9,0,18,19,1,5,0,0,1,0,0,0,0,1,1,6,6,2,29,6,-1,-1,-1,-1,7,E01012527,0,1
2024101457479,2024,101457479,1,-1,0,-1,19,5,1,-1,0,0,0,0,0,0,4,1,-1,6,1,30,6,-1,-1,-1,-1,-1,-1,0,-1
2024991463969,2024,991463969,1,-1,0,-1,12,3,7,-1,1,1,0,0,0,0,3,1,-1,9,1,54,8,-1,-1,-1,-1,4,-1,1,1
2024010527680,2024,010527680,1,9,0,18,19,3,7,0,0,1,0,0,0,0,1,1,6,6,3,-1,-1,-1,-1,-1,-1,-1,-1,0,-1
2024430178932,2024,430178932,1,9,0,9,9,2,8,0,0,8,0,0,0,0,3,1,6,6,1,-1,-1,-1,-1,-1,-1,-1,-1,0,-1
2024302401070,2024,302401070,2,9,0,17,19,8,4,0,0,0,1,0,0,0,3,1,6,6,1,45,7,-1,-1,-1,-1,2,E01013597,0,3
2024201467238,2024,201467238,1,19,0,-1,9,6,4,-1,0,5,0,0,0,0,2,9,-1,6,1,35,6,-1,-1,-1,-1,-1,-1,0,-1
2024010491129,2024,010491129,1,9,0,99,99,9,9,99,99,9,9,99,9,99,1,9,2,2,2,28,6,-1,-1,-1,-1,3,E01003097,0,1
2024010487102,2024,010487102,2,9,0,99,99,9,9,99,99,9,9,99,9,99,2,9,6,6,1,27,6,-1,-1,-1,-1,2,E01003601,0,2
2024010531983,2024,010531983,2,1,9,99,99,9,9,99,99,9,9,99,9,99,9,1,2,2,1,35,6,-1,-1,-1,-1,7,E01004372,0,1
2024991443787,2024,991443787,2,9,0,-1,4,3,7,-1,0,1,0,0,0,0,1,1,-1,9,2,65,9,-1,-1,-1,-1,3,-1,0,1
2024201529277,2024,201529277,2,19,0,-1,12,-1,-1,-1,0,0,0,0,0,0,4,1,-1,6,3,-1,-1,-1,-1,-1,-1,-1,-1,0,-1
2024302400803,2024,302400803,2,-1,0,5,5,1,5,0,0,0,5,0,0,0,3,1,6,6,2,10,2,-1,-1,-1,-1,1,E01013583,1,1
2024031481217,2024,031481217,1,9,0,-1,9,1,2,-1,0,8,0,0,0,0,1,2,-1,9,1,48,8,-1,-1,-1,-1,-1,-1,0,-1
2024401522091,2024,401522091,1,9,0,-1,7,3,5,-1,0,8,0,0,0,0,4,9,-1,6,3,-1,-1,-1,-1,-1,-1,-1,-1,0,-1
2024141561510,2024,141561510,2,1,0,-1,12,8,6,-1,0,2,2,0,0,0,1,1,-1,6,1,26,6,-1,-1,-1,-1,-1,-1,0,-1
2024010528722,2024,010528722,1,9,0,15,15,5,1,0,0,0,0,0,0,0,4,1,6,6,1,59,9,-1,-1,-1,-1,2,E01001696,0,1
2024430086654,2024,430086654,1,9,0,7,7,5,6,0,0,6,0,0,1,0,3,1,2,2,1,22,5,-1,-1,-1,-1,10,E01028774,0,3
2024991410816,2024,991410816,2,9,0,-1,2,0,0,-1,0,0,0,0,0,0,4,1,-1,6,-1,-1,-1,-1,-1,-1,-1,-1,-1,0,-1
2024421447168,2024,421447168,2,1,0,-1,19,5,1,-1,0,2,0,0,0,0,4,1,-1,9,1,42,7,-1,-1,-1,-1,8,E01021513,0,1
2024061511108,2024,061511108,1,9,0,-1,-1,-1,-1,-1,-1,0,-1,-1,-1,0,-1,1,-1,9,3,-1,-1,-1,-1,-1,-1,-1,-1,0,-1
2024010506542,2024,010506542,1,9,0,18,19,6,2,0,0,6,0,0,0,0,1,1,6,6,3,-1,-1,-1,-1,-1,-1,-1,-1,0,-1
2024010488691,2024,010488691,2,1,0,18,19,3,7,0,0,1,5,0,0,0,1,1,2,2,1,20,4,-1,-1,-1,-1,4,E01004201,0,1
2024622400267,2024,622400267,1,9,0,9,9,6,4,0,0,8,0,0,0,0,1,1,6,6,3,-1,-1,-1,-1,-1,-1,-1,-1,0,-1
2024010520230,2024,010520230,1,9,0,99,99,9,9,99,99,6,9,99,9,99,1,9,6,6,3,-1,-1,-1,-1,-1,-1,-1,-1,0,-1
2024520002195,2024,520002195,1,1,0,18,19,3,7,0,0,8,0,0,0,0,4,1,6,6,2,61,9,-1,-1,-1,-1,10,E01014410,0,1
2024351420920,2024,351420920,2,9,0,-1,4,1,5,-1,0,0,0,0,0,0,3,9,-1,9,1,34,6,-1,-1,-1,-1,5,E01018131,0,1
2024010531950,2024,010531950,1,1,0,18,19,5,1,0,0,8,0,0,0,0,1,1,6,6,1,27,6,-1,-1,-1,-1,3,E01003567,0,1
2024461427784,2024,461427784,2,1,0,-1,19,5,1,-1,0,0,2,0,0,0,1,1,-1,2,2,58,9,-1,-1,-1,-1,10,E01024817,0,1
2024543461024,2024,543461024,1,1,0,18,19,1,5,0,0,1,0,0,0,0,3,1,6,6,1,17,4,-1,-1,-1,-1,6,E01015574,0,1
2024430071903,2024,430071903,2,1,0,9,9,7,5,0,0,6,0,0,0,0,1,1,6,6,2,26,6,-1,-1,-1,-1,9,E01035740,0,1
2024302401020,2024,302401020,1,9,0,9,9,1,7,0,0,8,0,0,0,0,3,1,6,6,3,-1,-1,-1,-1,-1,-1,5,E01019456,0,4
2024041510180,2024,041510180,1,23,0,-1,15,8,7,-1,0,0,0,0,0,0,1,1,-1,6,1,20,4,-1,-1,-1,-1,-1,-1,0,-1
2024501445685,2024,501445685,1,9,0,-1,19,1,4,-1,0,0,0,0,0,0,1,9,-1,6,2,-1,-1,-1,-1,-1,-1,-1,-1,0,-1
202460Q089287,2024,60Q089287,1,1,0,18,19,1,4,0,0,0,0,0,0,0,1,1,2,2,1,38,7,-1,-1,-1,-1,-1,-1,0,-1
2024070018016,2024,070018016,2,1,0,18,19,3,7,0,0,1,0,0,0,0,1,1,1,1,1,38,7,-1,-1,-1,-1,-1,-1,0,-1
2024461422851,2024,461422851,2,9,0,-1,3,5,1,-1,0,0,0,0,0,0,2,1,-1,1,1,55,8,-1,-1,-1,-1,4,E01024587,0,4
2024351464833,2024,351464833,2,1,0,-1,19,-1,-1,-1,5,0,0,0,0,0,1,1,-1,6,1,29,6,-1,-1,-1,-1,5,E01015675,0,1
2024340NN4402,2024,340NN4402,1,90,0,-1,-1,-1,-1,-1,0,6,0,0,0,0,1,1,-1,6,3,-1,-1,-1,-1,-1,-1,-1,-1,0,-1
2024522402390,2024,522402390,1,1,0,18,19,1,5,0,0,8,0,0,0,0,1,1,6,6,1,38,7,-1,-1,-1,-1,5,E01035226,0,1
2024451528422,2024,451528422,2,22,0,-1,19,7,3,-1,0,0,0,0,0,0,0,1,-1,9,1,84,11,-1,-1,-1,-1,9,E01030782,0,1
2024311449004,2024,311449004,1,9,0,-1,1,4,8,-1,0,0,0,0,0,0,2,9,-1,6,1,-1,-1,-1,-1,-1,-1,-1,-1,0,-1
2024311426197,2024,311426197,1,9,0,-1,9,1,6,-1,0,5,0,0,0,0,4,1,-1,9,2,30,6,-1,-1,-1,-1,-1,-1,0,-1
2024010495995,2024,010495995,1,9,0,6,6,1,1,0,0,0,0,0,0,0,3,1,2,2,1,53,8,-1,-1,-1,-1,1,E01001429,0,3
2024041454234,2024,041454234,1,98,0,-1,7,5,6,-1,0,1,0,0,3,11,1,1,-1,9,2,39,7,-1,-1,-1,-1,7,E01025199,0,2
2024010491896,2024,010491896,2,9,0,99,99,9,9,99,99,9,9,99,9,99,1,9,6,6,3,-1,-1,-1,-1,-1,-1,-1,-1,0,-1
2024610013224,2024,610013224,2,1,0,18,19,5,1,0,0,0,0,0,0,0,3,1,6,6,1,16,4,-1,-1,-1,-1,10,W01001774,0,2
2024161507654,2024,161507654,2,9,0,-1,19,2,6,-1,0,0,0,0,0,0,2,1,-1,6,2,55,8,-1,-1,-1,-1,8,E01034242,0,4
2024221473703,2024,221473703,1,9,0,-1,19,8,4,-1,0,0,0,0,0,0,1,9,-1,6,2,61,9,-1,-1,-1,-1,8,E01014077,0,1
2024552401120,2024,552401120,2,1,0,18,19,3,7,0,0,8,0,0,0,0,1,1,6,6,1,19,4,-1,-1,-1,-1,1,E01015338,0,2
2024070034980,2024,070034980,2,1,0,18,19,8,5,0,0,4,2,0,0,0,1,1,6,6,2,39,7,-1,-1,-1,-1,4,E01032931,0,1
2024061534155,2024,061534155,1,9,-1,-1,-1,-1,-1,-1,-1,5,-1,-1,-1,0,-1,9,-1,6,3,-1,-1,-1,-1,-1,-1,-1,-1,0,-1
2024451511121,2024,451511121,1,9,0,-1,19,3,1,-1,0,3,0,0,0,0,1,9,-1,6,3,22,5,-1,-1,-1,-1,-1,-1,0,-1
2024440256639,2024,440256639,1,1,0,18,19,3,7,0,0,2,0,0,0,0,4,1,6,6,1,38,7,-1,-1,-1,-1,4,E01017121,0,2
2024520402357,2024,520402357,1,98,0,5,5,8,4,0,0,0,0,0,0,0,1,1,6,6,1,27,6,-1,-1,-1,-1,8,E01035118,0,1
2024522402523,2024,522402523,1,1,0,18,19,9,9,4,4,2,0,0,0,0,9,1,6,6,1,64,9,-1,-1,-1,-1,3,E01014835,0,1
2024061502337,2024,061502337,1,9,0,-1,9,3,1,-1,0,6,0,0,0,0,0,1,-1,9,3,-1,-1,-1,-1,-1,-1,-1,-1,0,-1
2024451486243,2024,451486243,2,9,0,-1,2,0,0,-1,9,0,0,0,0,0,0,1,-1,6,-1,-1,-1,-1,-1,-1,-1,-1,-1,0,-1
2024332400788,2024,332400788,2,1,0,-1,19,6,2,-1,0,0,0,0,0,0,1,1,-1,6,2,9,2,-1,-1,-1,-1,10,E01026356,0,1
2024631458460,2024,631458460,1,9,0,-1,19,5,1,-1,0,0,5,0,2,10,4,1,-1,6,2,72,10,-1,-1,-1,-1,8,W01000481,0,1
2024411515055,2024,411515055,1,9,0,-1,4,3,7,-1,0,0,0,0,0,0,2,1,-1,9,2,47,8,-1,-1,-1,-1,8,E01033027,0,1
2024010514049,2024,010514049,1,9,9,99,99,9,9,99,99,9,9,99,9,99,9,9,6,6,3,-1,-1,-1,-1,-1,-1,-1,-1,0,-1
2024440206405,2024,440206405,1,9,0,18,19,6,2,0,0,0,0,0,0,0,1,1,6,6,2,48,8,-1,-1,-1,-1,4,E01022527,0,3
2024411411520,2024,411411520,1,99,0,-1,19,-1,-1,-1,0,0,0,0,0,0,1,9,-1,6,1,45,7,-1,-1,-1,-1,7,E01023892,0,1
2024131505360,2024,131505360,1,9,0,-1,19,5,1,-1,0,8,0,0,0,0,1,1,-1,6,1,26,6,-1,-1,-1,-1,2,E01011137,0,1
2024141516027,2024,141516027,3,9,0,-1,2,0,0,-1,0,0,0,0,0,0,3,1,-1,6,-1,-1,-1,-1,-1,-1,-1,-1,-1,0,-1
2024311476724,2024,311476724,2,1,0,-1,19,1,5,-1,0,1,0,0,0,0,1,1,-1,6,1,17,4,-1,-1,-1,-1,5,E01028286,0,1
2024451403256,2024,451403256,2,1,0,-1,4,1,5,-1,0,0,1,0,0,0,1,1,-1,1,2,53,8,-1,-1,-1,-1,6,E01030363,0,2
2024411458289,2024,411458289,1,9,0,-1,15,6,2,-1,0,0,0,0,0,0,2,1,-1,9,2,57,9,-1,-1,-1,-1,6,E01023943,0,1
2024340NN0662,2024,340NN0662,1,9,0,-1,19,7,3,-1,0,0,0,0,0,0,1,1,-1,6,1,26,6,-1,-1,-1,-1,2,E01033031,0,5
2024401503767,2024,401503767,2,1,0,-1,-1,-1,-1,-1,-1,0,-1,-1,-1,0,-1,1,-1,2,2,43,7,-1,-1,-1,-1,8,E01034414,0,1
2024041489481,2024,041489481,1,23,0,-1,19,3,7,-1,0,1,0,0,0,0,1,1,-1,9,1,15,3,-1,-1,-1,-1,1,E01012748,0,1
2024332400268,2024,332400268,1,9,0,-1,19,2,5,-1,0,2,0,0,0,0,1,1,-1,6,1,40,7,-1,-1,-1,-1,7,E01025751,0,4
2024141528309,2024,141528309,2,9,0,-1,19,8,4,-1,0,1,0,0,0,0,1,1,-1,6,3,-1,-1,-1,-1,-1,-1,-1,-1,0,-1
2024411432981,2024,411432981,2,9,0,-1,19,5,8,-1,0,0,0,0,0,0,1,1,-1,6,3,-1,-1,-1,-1,-1,-1,-1,-1,0,-1
2024010551497,2024,010551497,1,9,0,-1,-1,5,1,0,0,3,0,0,0,0,1,1,6,6,1,77,11,-1,-1,-1,-1,4,E01001484,0,1
2024010530227,2024,010530227,2,1,9,99,99,9,9,99,99,9,9,99,9,99,9,1,2,2,1,45,7,-1,-1,-1,-1,6,E01017898,0,4
2024201431741,2024,201431741,1,9,0,-1,9,1,7,-1,0,8,0,0,0,0,1,9,-1,1,1,19,4,-1,-1,-1,-1,1,E01009053,0,2
2024010490968,2024,010490968,2,9,0,18,19,1,5,0,0,1,0,0,0,0,1,1,6,6,1,38,7,-1,-1,-1,-1,3,E01002400,0,2
2024631465032,2024,631465032,1,-1,0,-1,19,7,3,-1,0,6,0,0,0,0,1,1,-1,6,1,15,3,-1,-1,-1,-1,5,W01000599,1,2
2024332400486,2024,332400486,1,1,0,-1,19,5,1,-1,4,0,0,0,0,0,1,1,-1,9,2,29,6,-1,-1,-1,-1,3,E01013739,0,1
2024461443552,2024,461443552,2,9,0,-1,3,3,7,-1,0,1,0,0,0,0,2,9,-1,6,1,-1,-1,-1,-1,-1,-1,2,E01024028,0,1
2024010511961,2024,010511961,1,11,0,18,19,3,7,0,0,0,0,0,0,0,1,1,6,6,1,56,9,-1,-1,-1,-1,6,E01021399,0,4
2024010510527,2024,010510527,2,1,0,18,19,6,2,0,0,0,0,0,0,0,1,1,1,1,1,44,7,-1,-1,-1,-1,3,E01035673,0,3
2024311492581,2024,311492581,2,1,0,-1,19,2,6,-1,0,0,5,0,0,0,1,1,-1,6,1,24,5,-1,-1,-1,-1,10,E01028408,0,1
2024010500798,2024,010500798,2,1,9,99,99,9,9,99,99,9,9,99,9,99,1,1,6,6,3,-1,-1,-1,-1,-1,-1,-1,-1,0,-1
2024010504653,2024,010504653,2,1,0,5,5,7,3,0,0,1,0,0,0,0,3,1,6,6,1,31,6,-1,-1,-1,-1,3,E01003050,0,1
2024522402389,2024,522402389,2,9,0,9,9,8,6,0,0,5,0,0,0,0,1,1,6,6,2,26,6,-1,-1,-1,-1,9,E01014719,0,1
2024070274231,2024,070274231,1,9,0,16,19,3,7,0,0,0,5,0,0,4,1,1,6,6,1,17,4,-1,-1,-1,-1,10,E01018475,0,1
2024991437171,2024,991437171,1,1,0,-1,19,4,8,-1,0,1,0,0,0,0,1,1,-1,9,1,35,6,-1,-1,-1,-1,1,-1,0,2
2024430517912,2024,430517912,1,9,0,18,19,2,6,0,0,3,0,0,0,0,1,1,6,6,1,32,6,-1,-1,-1,-1,-1,-1,0,-1
2024351445407,2024,351445407,1,9,-1,-1,-1,-1,-1,-1,-1,-1,-1,-1,-1,0,-1,9,-1,6,1,-1,-1,-1,-1,-1,-1,-1,-1,0,-1
2024520402481,2024,520402481,3,9,0,4,4,7,3,0,0,0,0,0,0,0,2,1,6,6,1,26,6,-1,-1,-1,-1,5,E01035131,0,2
2024010511639,2024,010511639,1,1,9,99,99,9,9,99,99,9,9,99,9,99,9,1,2,2,1,16,4,-1,-1,-1,-1,9,E01003909,0,1
2024061454128,2024,061454128,1,9,-1,-1,5,1,2,-1,-1,6,0,0,0,0,3,9,-1,6,3,-1,-1,-1,-1,-1,-1,-1,-1,0,-1
2024411433544,2024,411433544,1,9,0,-1,19,1,5,-1,0,0,0,0,1,1,1,1,-1,1,1,72,10,-1,-1,-1,-1,4,E01018146,0,4
2024501426516,2024,501426516,2,1,0,-1,19,1,5,-1,0,0,2,0,0,0,1,1,-1,6,1,58,9,-1,-1,-1,-1,4,E01020252,0,3
2024131525631,2024,131525631,1,9,0,-1,19,3,7,-1,2,0,0,0,0,0,1,1,-1,9,1,20,4,-1,-1,-1,-1,5,E01011774,0,1
2024440368278,2024,440368278,1,1,0,9,9,4,2,0,0,8,0,0,0,0,1,1,6,6,2,83,11,-1,-1,-1,-1,6,E01017021,0,1
2024010535509,2024,010535509,2,19,0,99,99,9,9,99,99,9,9,99,9,99,9,9,6,6,3,-1,-1,-1,-1,-1,-1,-1,-1,0,-1
2024201533437,2024,201533437,1,9,0,-1,19,1,5,-1,0,0,0,0,0,0,1,1,-1,6,1,70,10,-1,-1,-1,-1,1,E01009367,0,2
2024311490388,2024,311490388,2,1,0,-1,19,1,5,-1,4,1,5,0,0,0,1,1,-1,6,1,48,8,-1,-1,-1,-1,6,E01013968,0,1
2024332400678,2024,332400678,1,-1,0,-1,19,1,3,-1,0,8,1,0,0,0,1,1,-1,9,1,41,7,-1,-1,-1,-1,3,E01034020,1,1
2024070167115,2024,070167115,2,21,4,2,2,0,0,0,0,0,0,0,0,0,1,1,2,2,3,-1,-1,-1,-1,-1,-1,-1,-1,0,-1
2024311433126,2024,311433126,1,9,0,-1,1,7,3,-1,-1,0,0,0,0,0,2,9,-1,6,1,89,11,-1,-1,-1,-1,8,E01028303,0,3
2024461512998,2024,461512998,2,1,0,-1,19,5,1,-1,0,0,0,0,0,0,4,1,-1,6,1,22,5,-1,-1,-1,-1,7,E01024094,0,1
2024010541645,2024,010541645,2,1,0,18,19,3,7,0,0,2,0,0,0,0,1,1,2,2,2,45,7,-1,-1,-1,-1,4,E01001739,0,1
2024411468359,2024,411468359,1,9,0,-1,19,7,3,-1,0,0,1,0,0,0,1,1,-1,6,1,46,8,-1,-1,-1,-1,8,E01017587,0,2
2024122400224,2024,122400224,1,9,0,9,9,5,1,0,0,1,0,0,0,0,1,1,6,6,3,-1,-1,-1,-1,-1,-1,-1,-1,0,-1
2024461503213,2024,461503213,1,19,0,-1,19,7,7,-1,0,6,0,0,1,0,1,1,-1,9,2,28,6,-1,-1,-1,-1,2,E01024686,0,1
2024340WN4022,2024,340WN4022,2,9,0,-1,4,5,1,-1,0,4,0,0,0,0,2,1,-1,6,2,27,6,-1,-1,-1,-1,4,E01027245,0,1
2024340NN0952,2024,340NN0952,2,9,0,-1,19,1,5,-1,0,8,0,0,0,0,4,1,-1,1,2,72,10,-1,-1,-1,-1,6,E01027045,0,3
2024421479779,2024,421479779,1,23,0,-1,19,3,7,-1,0,1,1,0,0,0,3,1,-1,9,1,16,4,-1,-1,-1,-1,7,E01021264,0,1
2024010548101,2024,010548101,1,1,0,18,19,1,5,0,0,6,0,0,0,0,1,1,6,6,1,61,9,-1,-1,-1,-1,4,E01000997,0,1
2024141417857,2024,141417857,2,1,0,-1,19,2,5,-1,0,1,0,0,0,0,1,1,-1,6,1,49,8,-1,-1,-1,-1,3,E01007976,0,1
2024161469616,2024,161469616,2,9,0,-1,19,2,6,-1,0,0,0,0,0,0,4,9,-1,6,2,-1,-1,-1,-1,-1,-1,-1,-1,0,-1
2024101481029,2024,101481029,2,1,0,-1,19,1,5,-1,0,8,5,0,0,0,4,1,-1,9,1,18,4,-1,-1,-1,-1,-1,-1,0,-1
2024201464630,2024,201464630,1,9,0,-1,19,6,1,-1,0,2,0,0,0,0,1,1,-1,6,1,24,5,-1,-1,-1,-1,2,E01009100,0,1
2024070672442,2024,070672442,2,1,0,18,19,8,4,5,5,1,0,0,0,0,3,1,6,6,1,14,3,-1,-1,-1,-1,3,E01018672,0,2
2024421493237,2024,421493237,1,9,0,-1,19,4,8,-1,0,2,0,0,0,0,1,9,-1,6,3,-1,-1,-1,-1,-1,-1,-1,-1,0,-1
2024070442128,2024,070442128,2,9,0,18,19,8,4,0,0,1,0,0,0,0,1,1,6,6,1,76,11,-1,-1,-1,-1,6,E01018373,0,3
2024461421107,2024,461421107,1,9,0,-1,9,3,7,-1,0,8,0,0,0,0,3,9,-1,6,1,25,5,-1,-1,-1,-1,10,E01024838,0,1
2024010510344,2024,010510344,2,9,0,99,99,9,9,99,99,9,9,99,9,99,1,9,6,6,3,21,5,-1,-1,-1,-1,8,E01023569,0,2
2024440388894,2024,440388894,1,9,0,14,14,3,7,0,0,0,0,0,0,0,1,1,6,6,2,-1,-1,-1,-1,-1,-1,-1,-1,0,-1
2024010503894,2024,010503894,1,-1,0,5,5,7,3,0,0,8,0,0,0,0,4,1,6,6,1,49,8,-1,-1,-1,-1,1,E01002783,1,1
2024061434611,2024,061434611,2,1,0,-1,19,1,5,-1,0,0,0,0,0,0,4,1,-1,1,1,19,4,-1,-1,-1,-1,1,E01005256,0,1
2024461451393,2024,461451393,2,9,0,-1,19,8,4,-1,0,8,0,0,0,0,1,1,-1,2,1,39,7,-1,-1,-1,-1,9,E01024088,0,3
2024421470070,2024,421470070,1,9,0,-1,19,3,7,-1,0,1,0,0,0,0,2,1,-1,6,1,77,11,-1,-1,-1,-1,10,E01021471,0,3
2024010514975,2024,010514975,1,1,0,18,19,1,5,0,0,0,1,7,0,0,1,1,2,2,1,30,6,-1,-1,-1,-1,2,E01033864,0,1
2024010515888,2024,010515888,1,4,0,16,19,1,5,0,0,5,1,0,0,0,1,1,6,6,1,36,7,-1,-1,-1,-1,10,E01003805,0,1
2024320367739,2024,320367739,2,9,0,-1,-1,2,6,0,0,8,5,0,0,0,3,1,1,1,1,55,8,-1,-1,-1,-1,6,E01026315,0,1
2024231515315,2024,231515315,2,1,0,-1,19,2,6,-1,9,8,0,0,0,0,1,1,-1,9,1,11,3,-1,-1,-1,-1,1,E01035017,0,1
2024231492774,2024,231492774,1,9,0,-1,19,4,8,-1,0,0,0,0,0,0,1,9,-1,6,1,36,7,-1,-1,-1,-1,5,E01031311,0,1
2024201444075,2024,201444075,2,1,0,-1,19,3,7,-1,0,0,0,0,0,0,2,1,-1,6,1,37,7,-1,-1,-1,-1,1,E01009354,0,1
2024010501957,2024,010501957,1,9,0,99,99,9,9,99,99,9,9,99,9,99,1,9,6,6,3,-1,-1,-1,-1,-1,-1,-1,-1,0,-1
2024361442603,2024,361442603,2,9,0,-1,9,3,4,-1,0,1,0,0,0,0,3,1,-1,6,1,71,10,-1,-1,-1,-1,6,E01026924,0,1
2024041493555,2024,041493555,1,9,0,-1,3,3,7,-1,0,8,0,0,0,0,1,1,-1,9,1,78,11,-1,-1,-1,-1,6,E01025562,0,2
2024061527966,2024,061527966,2,9,0,-1,19,7,3,-1,0,8,0,0,0,0,3,1,-1,6,2,40,7,-1,-1,-1,-1,1,E01005501,0,1
2024010510523,2024,010510523,1,3,0,10,10,7,6,99,99,1,0,99,9,99,2,1,6,6,1,56,9,-1,-1,-1,-1,6,E01000265,0,3
2024440541296,2024,440541296,1,1,0,18,19,6,2,0,0,1,0,0,0,0,4,1,6,6,1,13,3,-1,-1,-1,-1,4,E01023120,0,1
2024031466192,2024,031466192,1,9,0,-1,19,4,8,-1,0,0,0,0,0,0,1,1,-1,9,1,38,7,-1,-1,-1,-1,-1,-1,0,-1
2024520401078,2024,520401078,1,9,0,18,19,3,7,0,0,0,0,0,0,0,1,1,6,6,2,78,11,-1,-1,-1,-1,2,E01029291,0,1
2024131502285,2024,131502285,1,9,0,-1,-1,-1,-1,-1,-1,8,-1,-1,-1,0,-1,1,-1,6,3,-1,-1,-1,-1,-1,-1,-1,-1,0,-1
2024421454039,2024,421454039,1,19,0,-1,19,5,1,-1,0,2,0,0,0,0,1,1,-1,6,2,71,10,-1,-1,-1,-1,5,E01021769,0,3
2024131437609,2024,131437609,2,1,0,-1,19,3,7,-1,0,1,0,0,0,0,1,1,-1,9,2,12,3,-1,-1,-1,-1,1,E01010632,0,1
2024010491322,2024,010491322,1,1,9,99,99,9,9,99,99,9,9,99,9,99,9,1,2,2,1,60,9,-1,-1,-1,-1,6,E01004637,0,1
2024010491622,2024,010491622,1,9,0,2,2,0,0,0,0,0,0,8,0,0,1,1,6,6,3,-1,-1,-1,-1,-1,-1,-1,-1,0,-1
2024440013575,2024,440013575,2,9,0,18,19,2,6,0,0,0,0,0,0,0,1,1,6,6,1,78,11,-1,-1,-1,-1,9,E01022494,0,1
2024340NN1512,2024,340NN1512,1,5,0,-1,19,1,5,-1,0,0,0,0,0,0,1,1,-1,9,1,28,6,-1,-1,-1,-1,1,E01027310,0,2
2024451439862,2024,451439862,2,98,0,-1,19,1,5,-1,0,0,0,0,0,0,1,9,-1,6,3,50,8,-1,-1,-1,-1,-1,-1,0,-1
202417M115424,2024,17M115424,1,9,0,-1,19,4,8,-1,0,2,0,0,1,0,1,1,-1,6,3,-1,-1,-1,-1,-1,-1,-1,-1,0,-1
2024010506500,2024,010506500,2,9,0,99,99,9,9,99,99,9,9,99,9,99,9,9,6,6,3,-1,-1,-1,-1,-1,-1,-1,-1,0,-1