collision_index,collision_year,collision_ref_no,vehicle_reference,vehicle_type,towing_and_articulation,vehicle_manoeuvre_historic,vehicle_manoeuvre,vehicle_direction_from,vehicle_direction_to,vehicle_location_restricted_lane_historic,vehicle_location_restricted_lane,junction_location,skidding_and_overturning,hit_object_in_carriageway,vehicle_leaving_carriageway,hit_object_off_carriageway,first_point_of_impact,vehicle_left_hand_drive,journey_purpose_of_driver_historic,journey_purpose_of_driver,sex_of_driver,age_of_driver,age_band_of_driver,engine_capacity_cc,propulsion_code,age_of_vehicle,generic_make_model,driver_imd_decile,lsoa_of_driver,escooter_flag,driver_distance_banding
2024010508098,2024,010508098,2,-1,0,15,15,3,7,0,0,1,0,0,0,0,1,1,2,2,1,22,5,-1,-1,-1,-1,3,E01034222,1,1
2024411491845,2024,411491845,2,9,0,-1,19,5,1,-1,0,0,0,0,0,0,3,1,-1,6,2,42,7,-1,-1,-1,-1,3,E01023326,0,1
2024141510600,2024,141510600,1,9,0,-1,3,1,5,-1,0,0,0,0,0,0,2,1,-1,9,1,60,9,-1,-1,-1,-1,7,E01007818,0,1
2024552401540,2024,552401540,2,9,0,18,19,8,4,0,0,8,0,0,0,0,3,1,6,6,1,36,7,-1,-1,-1,-1,8,E01015333,0,1
2024010491252,2024,010491252,2,9,0,18,19,7,3,0,0,1,0,0,0,0,2,1,1,1,2,40,7,-1,-1,-1,-1,2,E01001130,0,4
2024141555050,2024,141555050,2,9,0,-1,5,1,5,-1,0,0,0,0,0,0,1,1,-1,6,3,-1,-1,-1,-1,-1,-1,-1,-1,0,-1
2024131502464,2024,131502464,2,1,0,-1,19,2,6,-1,0,3,0,0,0,0,4,1,-1,9,1,22,5,-1,-1,-1,-1,2,E01011281,0,1
2024010543560,2024,010543560,1,9,0,-1,-1,3,7,0,0,6,5,4,0,0,4,1,6,6,1,23,5,-1,-1,-1,-1,4,E01033930,0,2
2024010502886,2024,010502886,2,1,0,18,19,2,6,0,0,0,0,0,0,0,1,1,6,6,1,64,9,-1,-1,-1,-1,9,E01000001,0,1
2024430067282,2024,430067282,2,1,0,18,19,2,6,0,0,8,0,0,0,0,1,1,2,2,1,30,6,-1,-1,-1,-1,7,E01028703,0,2
2024010503039,2024,010503039,2,9,4,99,99,9,9,99,99,9,9,99,9,99,9,9,6,6,3,-1,-1,-1,-1,-1,-1,-1,-1,0,-1
2024552400880,2024,552400880,2,1,0,18,19,8,4,0,0,8,0,0,0,0,3,1,6,6,2,42,7,-1,-1,-1,-1,7,E01015446,0,1
2024440127377,2024,440127377,1,1,0,18,19,1,5,0,0,2,0,0,0,0,1,1,6,6,1,-1,-1,-1,-1,-1,-1,-1,-1,0,-1
2024010528455,2024,010528455,1,1,9,99,99,9,9,99,99,9,9,99,9,99,9,1,6,6,2,30,6,-1,-1,-1,-1,4,E01003548,0,1
2024161435230,2024,161435230,1,9,0,-1,9,8,5,-1,0,1,0,0,0,0,1,1,-1,6,3,60,9,-1,-1,-1,-1,-1,-1,0,-1
2024430027272,2024,430027272,2,9,0,9,9,6,4,0,0,6,0,0,0,0,1,1,6,6,2,-1,-1,-1,-1,-1,-1,-1,-1,0,-1
2024010488821,2024,010488821,3,9,0,18,19,5,1,0,0,0,0,0,0,0,0,1,6,6,2,46,8,-1,-1,-1,-1,4,E01003554,0,1
2024061460279,2024,061460279,1,9,0,-1,19,3,7,-1,0,0,0,0,0,0,1,1,-1,6,3,44,7,-1,-1,-1,-1,1,E01005513,0,1
2024371472113,2024,371472113,1,1,0,-1,19,7,3,-1,0,2,0,0,0,0,0,1,-1,6,1,43,7,-1,-1,-1,-1,1,E01030258,0,1
2024430146254,2024,430146254,1,21,0,18,19,2,6,0,0,0,0,0,0,0,3,1,1,1,1,32,6,-1,-1,-1,-1,4,E01017661,0,2
2024211408252,2024,211408252,1,9,0,-1,2,0,0,-1,0,1,0,0,0,0,2,1,-1,6,1,40,7,-1,-1,-1,-1,9,E01009430,0,4
2024991420431,2024,991420431,1,4,0,-1,19,8,4,-1,0,1,0,0,0,0,1,1,-1,6,1,17,4,-1,-1,-1,-1,8,-1,0,1
2024010519414,2024,010519414,2,9,0,99,99,9,9,99,99,9,9,99,9,99,9,9,6,6,3,-1,-1,-1,-1,-1,-1,-1,-1,0,-1
2024320065561,2024,320065561,2,1,0,-1,-1,6,2,0,0,0,5,0,0,0,3,1,-1,-1,1,12,3,-1,-1,-1,-1,7,E01026275,0,1
2024522500148,2024,522500148,2,9,0,1,1,2,6,0,0,0,0,0,0,0,2,1,6,6,3,-1,-1,-1,-1,-1,-1,-1,-1,0,-1
2024622400741,2024,622400741,1,1,0,18,19,8,4,0,0,0,0,0,0,0,1,1,6,6,1,33,6,-1,-1,-1,-1,5,W01002022,0,3
2024531480297,2024,531480297,2,98,0,-1,19,5,1,-1,0,1,0,0,0,0,3,1,-1,1,1,26,6,-1,-1,-1,-1,6,E01034798,0,1
2024010535637,2024,010535637,2,1,9,99,99,9,9,99,99,9,9,99,9,99,9,1,6,6,2,26,6,-1,-1,-1,-1,2,E01002709,0,1
2024010553041,2024,010553041,1,9,0,4,4,7,3,0,0,9,0,0,0,0,9,1,6,6,1,61,9,-1,-1,-1,-1,8,E01003673,0,1
2024471488402,2024,471488402,1,9,0,-1,19,8,4,-1,0,0,0,0,0,0,1,9,-1,6,3,-1,-1,-1,-1,-1,-1,-1,-1,0,-1
2024010497080,2024,010497080,1,3,9,99,99,9,9,99,99,9,9,99,9,99,9,1,6,6,1,30,6,-1,-1,-1,-1,1,E01002066,0,2
2024540165424,2024,540165424,2,9,0,3,3,5,1,0,0,0,0,0,0,0,2,1,6,6,2,66,10,-1,-1,-1,-1,4,E01031862,0,1
2024201466584,2024,201466584,2,-1,0,-1,19,8,4,-1,0,6,0,0,0,0,4,9,-1,6,1,14,3,-1,-1,-1,-1,4,E01010015,1,1
2024010493857,2024,010493857,1,9,0,18,19,1,5,0,0,4,0,0,0,0,1,1,6,6,1,27,6,-1,-1,-1,-1,5,E01001105,0,1
2024320256836,2024,320256836,2,21,0,12,12,1,5,0,0,0,0,0,0,0,4,1,1,1,1,51,8,-1,-1,-1,-1,-1,-1,0,-1
2024201477824,2024,201477824,1,9,0,-1,1,4,8,-1,0,0,0,0,0,0,2,9,-1,6,1,46,8,-1,-1,-1,-1,-1,-1,0,-1
2024010492864,2024,010492864,1,1,9,99,99,9,9,99,99,9,9,99,9,99,9,1,6,6,1,31,6,-1,-1,-1,-1,2,E01001441,0,2
2024131407313,2024,131407313,2,1,0,-1,19,5,1,-1,0,8,5,0,0,0,4,1,-1,6,1,37,7,-1,-1,-1,-1,5,E01011610,0,1
2024141529970,2024,141529970,1,98,0,-1,19,8,3,-1,0,0,0,0,0,0,3,1,-1,6,3,-1,-1,-1,-1,-1,-1,-1,-1,0,-1
2024201433585,2024,201433585,1,9,0,-1,3,6,1,-1,0,0,0,0,0,0,1,1,-1,6,2,30,6,-1,-1,-1,-1,-1,-1,0,-1
2024010543657,2024,010543657,1,1,9,99,99,9,9,99,99,9,9,99,9,99,1,1,2,2,1,26,6,-1,-1,-1,-1,3,E01004404,0,1
2024211471010,2024,211471010,1,21,4,-1,19,5,8,-1,0,1,0,0,0,0,1,2,-1,6,1,25,5,-1,-1,-1,-1,-1,-1,0,-1
2024201448371,2024,201448371,2,9,0,-1,3,4,8,-1,0,0,0,0,0,0,2,9,-1,6,2,-1,-1,-1,-1,-1,-1,-1,-1,0,-1
2024010508635,2024,010508635,1,9,0,7,7,3,5,0,0,5,0,0,0,0,4,1,6,6,3,-1,-1,-1,-1,-1,-1,-1,-1,0,-1
2024201521618,2024,201521618,2,9,0,-1,19,2,6,-1,0,8,0,0,0,0,3,1,-1,6,1,62,9,-1,-1,-1,-1,8,E01010206,0,2
2024141507659,2024,141507659,2,9,0,-1,19,4,8,-1,0,0,0,0,0,0,0,9,-1,6,2,38,7,-1,-1,-1,-1,1,E01008117,0,1
2024010494752,2024,010494752,1,3,0,3,3,1,5,0,0,2,0,0,0,0,2,1,2,2,1,25,5,-1,-1,-1,-1,4,E01003513,0,3
2024332400147,2024,332400147,2,9,0,-1,19,5,1,-1,0,8,1,0,1,11,1,1,-1,2,2,35,6,-1,-1,-1,-1,3,E01025715,0,2
2024070970120,2024,070970120,1,9,0,-1,9,8,4,-1,0,8,0,0,0,0,1,1,-1,6,1,-1,-1,-1,-1,-1,-1,-1,-1,0,-1
2024052401504,2024,052401504,1,9,0,18,19,3,7,0,0,1,0,0,0,0,1,1,6,6,2,-1,-1,-1,-1,-1,-1,5,E01012054,0,5
2024430245366,2024,430245366,2,19,0,18,19,6,2,0,0,0,0,0,0,0,1,1,6,6,1,-1,-1,-1,-1,-1,-1,-1,-1,0,-1
2024070464610,2024,070464610,1,9,0,18,19,3,7,0,0,1,0,0,0,0,1,1,6,6,3,-1,-1,-1,-1,-1,-1,-1,-1,0,-1
2024320022613,2024,320022613,1,9,0,-1,-1,1,4,0,0,0,0,0,1,0,1,1,6,6,1,19,4,-1,-1,-1,-1,1,E01026157,0,4
2024221434408,2024,221434408,1,20,0,-1,19,5,1,-1,0,0,0,0,0,0,4,9,-1,6,3,46,8,-1,-1,-1,-1,-1,-1,0,-1
2024010532403,2024,010532403,1,1,0,99,99,9,9,99,99,9,0,99,8,99,9,1,1,1,1,53,8,-1,-1,-1,-1,7,E01030628,0,4
2024221538641,2024,221538641,1,9,0,-1,19,6,2,-1,0,0,0,0,0,0,1,9,-1,6,3,56,9,-1,-1,-1,-1,-1,-1,0,-1
2024010542592,2024,010542592,1,9,0,99,99,9,9,0,0,9,1,99,9,99,2,9,6,6,3,-1,-1,-1,-1,-1,-1,-1,-1,0,-1
2024141425205,2024,141425205,1,9,0,-1,19,3,7,-1,0,0,0,0,1,10,1,1,-1,9,1,21,5,-1,-1,-1,-1,5,E01008045,0,1
2024631415426,2024,631415426,1,9,0,-1,7,1,2,-1,0,6,0,0,3,10,3,1,-1,1,1,19,4,-1,-1,-1,-1,10,W01001956,0,4
2024010496488,2024,010496488,2,9,0,2,2,0,0,0,0,0,0,0,0,0,1,1,6,6,3,-1,-1,-1,-1,-1,-1,-1,-1,0,-1
2024131458846,2024,131458846,1,9,0,-1,19,3,7,-1,0,2,0,0,0,0,-1,1,-1,6,3,-1,-1,-1,-1,-1,-1,-1,-1,0,-1
2024201466327,2024,201466327,2,1,0,-1,14,-1,-1,-1,0,0,0,0,0,0,1,1,-1,6,1,27,6,-1,-1,-1,-1,5,E01008975,0,1
2024041422930,2024,041422930,2,90,0,-1,19,5,1,-1,0,1,0,0,0,0,1,1,-1,9,1,55,8,-1,-1,-1,-1,8,E01012583,0,1
2024332401224,2024,332401224,1,1,0,-1,19,7,3,-1,0,8,0,0,0,0,2,1,-1,2,1,32,6,-1,-1,-1,-1,3,E01013777,0,2
2024010510179,2024,010510179,1,1,9,99,99,9,9,99,99,0,9,99,9,99,1,1,6,6,1,33,6,-1,-1,-1,-1,5,E01002448,0,1
2024221433297,2024,221433297,2,9,0,-1,19,5,8,-1,0,0,0,0,0,0,1,9,-1,6,3,23,5,-1,-1,-1,-1,-1,-1,0,-1
2024451436181,2024,451436181,1,9,0,-1,19,4,5,-1,0,0,0,0,0,0,1,1,-1,6,3,50,8,-1,-1,-1,-1,-1,-1,0,-1
2024552400810,2024,552400810,1,19,0,18,19,6,2,0,0,0,1,0,2,4,1,1,6,6,1,34,6,-1,-1,-1,-1,1,E01014654,0,4
2024991513866,2024,991513866,1,90,0,-1,2,6,2,-1,0,0,0,0,0,0,0,1,-1,1,1,31,6,-1,-1,-1,-1,4,-1,0,3
2024010488968,2024,010488968,1,11,0,4,4,7,3,2,2,0,0,0,3,0,0,1,6,6,3,-1,-1,-1,-1,-1,-1,-1,-1,0,-1
2024061442927,2024,061442927,1,9,0,-1,19,-1,-1,-1,0,-1,0,0,0,0,3,1,-1,7,2,49,8,-1,-1,-1,-1,3,E01005210,0,1
2024302401092,2024,302401092,1,9,0,7,7,2,4,0,0,2,0,0,0,0,1,1,6,6,3,-1,-1,-1,-1,-1,-1,5,E01019456,0,4
2024522402187,2024,522402187,3,1,0,16,19,4,6,0,0,0,0,0,0,0,1,1,6,6,1,35,6,-1,-1,-1,-1,5,E01002000,0,5
2024320459335,2024,320459335,1,9,0,-1,-1,6,8,0,0,1,0,0,7,11,1,1,-1,-1,1,72,10,-1,-1,-1,-1,3,E01034685,0,1
2024440039568,2024,440039568,1,9,0,18,19,6,2,0,0,8,0,0,0,0,3,1,6,6,3,-1,-1,-1,-1,-1,-1,-1,-1,0,-1
2024461482894,2024,461482894,1,-1,0,-1,19,3,7,-1,0,6,0,0,0,0,1,9,-1,6,1,-1,-1,-1,-1,-1,-1,-1,-1,1,-1
2024320317073,2024,320317073,2,9,0,2,2,0,0,0,0,0,0,0,0,0,1,1,6,6,1,35,6,-1,-1,-1,-1,-1,-1,0,-1
2024471427316,2024,471427316,3,97,0,-1,9,8,6,-1,0,5,0,0,0,0,0,1,-1,6,1,45,7,-1,-1,-1,-1,6,E01016990,0,1
2024101472106,2024,101472106,1,1,0,-1,19,4,8,-1,0,8,5,0,7,0,1,1,-1,6,1,16,4,-1,-1,-1,-1,1,E01008829,0,1
2024031491437,2024,031491437,1,9,0,-1,19,5,1,-1,0,1,0,0,0,0,1,1,-1,6,1,69,10,-1,-1,-1,-1,8,E01019092,0,2
2024211511125,2024,211511125,2,22,0,-1,5,7,1,-1,0,1,0,0,0,0,1,1,-1,6,2,64,9,-1,-1,-1,-1,4,E01029578,0,1
2024010490387,2024,010490387,1,1,9,99,99,9,9,99,99,9,9,99,9,99,9,1,2,2,2,48,8,-1,-1,-1,-1,8,E01016319,0,4
2024211520373,2024,211520373,1,9,-1,-1,-1,-1,-1,-1,-1,0,-1,-1,-1,0,-1,9,-1,6,3,-1,-1,-1,-1,-1,-1,-1,-1,0,-1
2024131408597,2024,131408597,1,90,0,-1,2,0,0,-1,-1,0,0,0,0,0,1,1,-1,6,-1,-1,-1,-1,-1,-1,-1,-1,-1,0,-1
2024131526619,2024,131526619,2,1,0,-1,19,6,2,-1,0,8,5,0,1,0,1,1,-1,2,1,22,5,-1,-1,-1,-1,3,E01033690,0,1
2024332400867,2024,332400867,2,9,0,-1,19,8,4,-1,0,0,0,0,0,0,1,1,-1,6,3,-1,-1,-1,-1,-1,-1,-1,-1,0,-1
2024211431105,2024,211431105,2,9,0,-1,19,4,8,-1,0,1,0,0,0,0,1,1,-1,6,2,18,4,-1,-1,-1,-1,6,E01029398,0,1
2024501454998,2024,501454998,1,9,0,-1,1,7,3,-1,0,0,0,0,0,0,2,1,-1,1,2,27,6,-1,-1,-1,-1,3,E01020067,0,3
2024411531174,2024,411531174,1,9,0,-1,19,1,5,-1,0,0,0,0,0,0,1,1,-1,2,2,25,5,-1,-1,-1,-1,4,E01023395,0,1
2024401453786,2024,401453786,3,9,0,-1,2,0,0,-1,0,1,0,0,0,0,1,2,-1,6,-1,-1,-1,-1,-1,-1,-1,-1,-1,0,-1
2024131543541,2024,131543541,1,9,0,-1,5,1,5,-1,0,2,0,0,0,0,3,1,-1,2,2,25,5,-1,-1,-1,-1,1,E01011494,0,2
2024201434985,2024,201434985,1,18,-1,-1,19,6,2,-1,1,8,0,0,0,0,1,9,-1,9,2,45,7,-1,-1,-1,-1,2,E01010056,0,1
2024201448082,2024,201448082,1,9,0,-1,19,3,7,-1,0,0,0,4,1,4,3,1,-1,6,1,66,10,-1,-1,-1,-1,1,E01008931,0,1
2024201412022,2024,201412022,1,9,0,-1,19,6,2,-1,0,0,0,0,0,0,1,9,-1,6,1,24,5,-1,-1,-1,-1,-1,-1,0,-1
2024101491569,2024,101491569,1,9,0,-1,9,3,1,-1,0,0,0,0,0,0,1,1,-1,6,1,35,6,-1,-1,-1,-1,8,E01027495,0,1
2024010555585,2024,010555585,1,1,9,99,99,9,9,99,99,9,9,99,9,99,1,1,6,6,2,44,7,-1,-1,-1,-1,4,E01004426,0,1
2024122400188,2024,122400188,3,9,0,4,4,1,5,0,0,1,0,0,0,0,2,1,6,6,1,43,7,-1,-1,-1,-1,9,E01011301,0,4
2024031445674,2024,031445674,1,9,-1,-1,-1,-1,-1,-1,-1,-1,-1,-1,-1,0,-1,9,-1,1,1,48,8,-1,-1,-1,-1,-1,-1,0,-1
2024430365949,2024,430365949,1,1,0,13,13,1,5,0,0,0,5,0,1,0,3,1,6,6,1,62,9,-1,-1,-1,-1,-1,-1,0,-1
2024471453841,2024,471453841,2,1,0,-1,19,8,4,-1,0,1,0,0,0,0,1,1,-1,9,1,17,4,-1,-1,-1,-1,8,E01016893,0,1
2024991459519,2024,991459519,1,9,0,-1,7,5,1,-1,0,8,0,0,1,0,1,1,-1,9,1,33,6,-1,-1,-1,-1,-1,-1,0,-1
2024320753169,2024,320753169,2,1,0,-1,-1,6,2,0,0,3,0,0,0,0,1,1,6,6,1,51,8,-1,-1,-1,-1,1,E01026173,0,1
2024122401064,2024,122401064,2,1,0,9,9,3,1,0,0,8,0,0,0,0,1,1,6,6,1,28,6,-1,-1,-1,-1,6,E01027720,0,1
2024302401774,2024,302401774,2,9,0,-1,2,0,0,-1,0,1,0,0,0,0,0,1,-1,6,3,-1,-1,-1,-1,-1,-1,-1,-1,0,-1
2024122400367,2024,122400367,2,1,0,18,19,6,2,0,0,8,0,0,0,0,1,1,6,6,1,16,4,-1,-1,-1,-1,3,E01013350,0,1
2024520401082,2024,520401082,1,9,0,17,19,6,2,0,0,0,1,0,1,4,3,1,6,6,1,18,4,-1,-1,-1,-1,7,E01029276,0,1
2024421541990,2024,421541990,2,11,0,-1,19,5,1,-1,0,0,0,0,0,0,4,1,-1,1,1,48,8,-1,-1,-1,-1,7,E01021505,0,2
2024141438496,2024,141438496,1,9,0,-1,19,1,5,-1,0,0,0,0,0,0,1,1,-1,9,2,26,6,-1,-1,-1,-1,2,E01011781,0,3
2024031441584,2024,031441584,1,5,0,-1,4,3,7,-1,0,5,0,0,0,0,2,1,-1,9,1,58,9,-1,-1,-1,-1,1,E01019193,0,4
2024401490117,2024,401490117,2,1,0,-1,19,7,3,-1,0,0,0,0,0,0,1,1,-1,6,1,36,7,-1,-1,-1,-1,3,E01015765,0,1
2024332400534,2024,332400534,1,9,0,-1,4,5,1,-1,0,8,0,0,0,0,2,1,-1,2,2,59,9,-1,-1,-1,-1,7,E01025664,0,4
2024221507727,2024,221507727,1,9,0,-1,19,6,2,-1,0,0,1,0,0,0,1,1,-1,9,1,70,10,-1,-1,-1,-1,-1,-1,0,-1
2024010491713,2024,010491713,1,4,0,18,19,4,8,0,0,0,0,0,0,0,1,1,1,1,1,21,5,-1,-1,-1,-1,6,E01000462,0,1
2024010541048,2024,010541048,2,9,0,99,99,9,9,99,99,9,9,99,9,99,1,9,6,6,3,-1,-1,-1,-1,-1,-1,-1,-1,0,-1
2024010535354,2024,010535354,3,11,9,99,99,9,9,99,99,9,9,99,9,99,9,9,6,6,3,-1,-1,-1,-1,-1,-1,-1,-1,0,-1
2024991517446,2024,991517446,2,1,0,-1,19,5,2,-1,0,8,0,0,0,0,1,1,-1,6,1,62,9,-1,-1,-1,-1,1,-1,0,1
2024061496388,2024,061496388,1,1,0,-1,15,-1,-1,-1,0,8,0,0,0,0,9,1,-1,6,3,-1,-1,-1,-1,-1,-1,-1,-1,0,-1
2024522500244,2024,522500244,2,1,0,18,19,8,4,0,0,0,0,0,0,0,3,1,6,6,2,45,7,-1,-1,-1,-1,1,E01014608,0,1
2024052400163,2024,052400163,2,1,0,18,19,1,5,0,0,1,0,0,0,0,4,1,6,6,1,19,4,-1,-1,-1,-1,7,E01006947,0,1
2024052402553,2024,052402553,1,9,0,18,19,2,6,0,0,4,0,0,0,0,1,1,6,6,3,-1,-1,-1,-1,-1,-1,-1,-1,0,-1
2024131421410,2024,131421410,1,9,0,-1,12,5,1,-1,0,0,5,0,4,0,2,1,-1,9,1,45,7,-1,-1,-1,-1,1,E01011082,0,4
2024311494354,2024,311494354,2,99,0,-1,4,1,5,-1,0,0,0,0,0,0,2,1,-1,6,3,-1,-1,-1,-1,-1,-1,-1,-1,0,-1
2024201515878,2024,201515878,1,19,5,-1,5,4,8,-1,0,0,0,0,0,0,4,9,-1,6,3,40,7,-1,-1,-1,-1,-1,-1,0,-1
2024411509860,2024,411509860,1,19,0,-1,19,2,4,-1,0,0,0,10,1,0,1,1,-1,1,1,53,8,-1,-1,-1,-1,2,E01015726,0,2
2024101403896,2024,101403896,1,9,0,-1,19,5,1,-1,0,8,0,0,0,0,1,9,-1,6,3,-1,-1,-1,-1,-1,-1,-1,-1,0,-1
2024010512208,2024,010512208,2,1,0,18,19,1,5,0,0,0,0,0,0,0,2,1,6,6,1,72,10,-1,-1,-1,-1,6,E01001088,0,1
2024131447304,2024,131447304,2,1,0,-1,19,2,8,-1,2,1,0,0,0,0,3,1,-1,6,1,36,7,-1,-1,-1,-1,8,E01032488,0,3
2024991449403,2024,991449403,1,9,0,-1,3,7,3,-1,0,1,0,0,0,0,1,1,-1,1,1,50,8,-1,-1,-1,-1,3,-1,0,1
2024010491971,2024,010491971,1,11,0,5,5,3,7,0,0,0,0,0,0,0,0,1,1,1,1,52,8,-1,-1,-1,-1,3,E01000094,0,1
2024010533338,2024,010533338,2,9,0,18,19,5,1,0,0,1,0,0,0,0,1,1,6,6,1,23,5,-1,-1,-1,-1,3,E01026458,0,5
2024311512238,2024,311512238,2,1,0,-1,19,1,5,-1,0,1,0,0,0,0,4,1,-1,6,1,53,8,-1,-1,-1,-1,-1,-1,0,-1
2024430428015,2024,430428015,1,9,0,9,9,6,4,0,0,6,0,0,0,0,1,1,6,6,1,-1,-1,-1,-1,-1,-1,-1,-1,0,-1
2024161481856,2024,161481856,1,1,0,-1,19,8,4,-1,0,0,0,0,0,0,4,1,-1,6,1,70,10,-1,-1,-1,-1,1,E01012948,0,1
2024010552705,2024,010552705,1,1,9,99,99,9,9,99,99,9,9,99,9,99,2,1,2,2,2,31,6,-1,-1,-1,-1,3,E01001764,0,1
2024231516879,2024,231516879,1,9,0,-1,19,2,5,-1,0,4,0,0,0,0,1,9,-1,6,2,30,6,-1,-1,-1,-1,-1,-1,0,-1
2024430502207,2024,430502207,2,1,0,18,19,1,5,0,0,1,0,0,0,0,4,1,4,7,1,12,3,-1,-1,-1,-1,4,E01016435,0,1
2024351556662,2024,351556662,2,19,0,-1,19,6,2,-1,0,0,0,0,1,0,1,1,-1,6,1,40,7,-1,-1,-1,-1,5,E01018088,0,4
2024411466304,2024,411466304,1,9,0,-1,19,4,8,-1,0,3,1,0,0,0,1,1,-1,7,1,44,7,-1,-1,-1,-1,8,E01002474,0,2
2024332400566,2024,332400566,1,1,0,-1,4,4,8,-1,0,8,1,0,0,0,1,1,-1,6,1,29,6,-1,-1,-1,-1,3,E01013874,0,3
2024131430895,2024,131430895,2,1,0,-1,19,8,6,-1,2,1,0,0,0,0,1,1,-1,9,1,81,11,-1,-1,-1,-1,6,E01011451,0,1
2024010497275,2024,010497275,3,1,3,5,5,5,1,0,0,1,0,0,0,0,2,1,2,2,1,73,10,-1,-1,-1,-1,4,E01003014,0,1
2024430623220,2024,430623220,1,9,0,2,2,0,0,0,0,0,0,0,0,0,4,1,6,6,2,34,6,-1,-1,-1,-1,9,E01000775,0,4
2024010527827,2024,010527827,2,1,0,18,19,7,3,0,0,1,0,0,0,0,1,1,6,6,1,15,3,-1,-1,-1,-1,2,E01001477,0,1
2024440453294,2024,440453294,1,9,0,9,9,1,7,0,0,6,0,0,0,0,1,1,6,6,1,41,7,-1,-1,-1,-1,10,E01022682,0,1
2024991473038,2024,991473038,2,1,0,-1,19,6,2,-1,0,0,0,0,0,0,1,1,-1,6,1,69,10,-1,-1,-1,-1,6,-1,0,3
2024010508937,2024,010508937,2,19,0,18,19,5,1,0,0,0,0,0,0,0,3,1,6,6,1,31,6,-1,-1,-1,-1,-1,-1,0,-1
2024421472754,2024,421472754,2,22,0,-1,19,1,3,-1,5,1,0,0,0,0,3,1,-1,9,2,90,11,-1,-1,-1,-1,2,E01021320,0,1
2024461398727,2024,461398727,1,10,0,-1,19,3,7,-1,0,0,1,0,0,0,4,9,-1,1,1,42,7,-1,-1,-1,-1,2,E01000789,0,2
2024421527089,2024,421527089,1,99,0,-1,19,3,7,-1,0,0,0,0,0,0,3,9,-1,6,3,-1,-1,-1,-1,-1,-1,-1,-1,0,-1
2024010490345,2024,010490345,2,9,9,99,99,9,9,0,0,9,0,0,0,0,1,9,6,6,3,-1,-1,-1,-1,-1,-1,-1,-1,0,-1
2024471407283,2024,471407283,2,1,0,-1,19,5,1,-1,0,2,5,0,0,0,2,1,-1,6,1,71,10,-1,-1,-1,-1,8,E01031815,0,2
2024052402223,2024,052402223,1,1,0,18,19,1,5,0,0,0,0,0,0,0,3,1,2,2,1,18,4,-1,-1,-1,-1,1,E01006653,0,1
2024010520194,2024,010520194,1,1,0,17,19,5,1,0,0,1,0,0,0,0,0,1,1,1,1,25,5,-1,-1,-1,-1,5,E01033922,0,3
2024481472273,2024,481472273,1,4,0,-1,19,5,1,-1,0,8,0,0,0,0,1,1,-1,6,1,-1,-1,-1,-1,-1,-1,-1,-1,0,-1
2024041445303,2024,041445303,1,1,0,-1,19,5,1,-1,0,0,0,0,0,0,1,1,-1,6,1,41,7,-1,-1,-1,-1,1,E01012686,0,1
2024010549378,2024,010549378,2,19,9,99,99,9,9,99,99,9,9,99,9,99,9,9,6,6,3,-1,-1,-1,-1,-1,-1,-1,-1,0,-1
2024411501366,2024,411501366,2,9,-1,-1,19,5,1,-1,0,1,0,0,0,0,1,9,-1,6,3,-1,-1,-1,-1,-1,-1,-1,-1,0,-1
2024010491671,2024,010491671,1,9,0,18,19,5,1,0,0,0,0,0,0,0,1,2,6,6,2,79,11,-1,-1,-1,-1,5,E01004601,0,1
2024302400551,2024,302400551,2,-1,0,18,19,7,3,0,0,8,0,0,0,0,1,1,6,6,3,21,5,-1,-1,-1,-1,2,E01019664,1,1
2024010498066,2024,010498066,2,1,0,18,19,1,5,2,2,0,0,0,0,0,1,1,2,2,1,34,6,-1,-1,-1,-1,5,E01000277,0,2
2024991483861,2024,991483861,2,1,0,-1,10,2,8,-1,0,4,0,0,0,0,2,1,-1,9,1,28,6,-1,-1,-1,-1,-1,-1,0,-1
2024131521660,2024,131521660,1,9,0,-1,19,1,5,-1,0,0,0,0,0,0,1,1,-1,6,-1,-1,-1,-1,-1,-1,-1,-1,-1,0,-1
2024010533785,2024,010533785,2,9,5,3,3,1,5,0,0,8,0,0,0,0,1,1,1,1,1,21,5,-1,-1,-1,-1,9,E01024431,0,4
2024010510699,2024,010510699,2,1,0,5,5,3,7,0,0,2,0,0,0,0,1,1,6,6,1,11,3,-1,-1,-1,-1,2,E01001128,0,1
2024010490324,2024,010490324,2,8,0,99,99,9,9,99,99,9,9,99,9,99,9,9,6,6,1,58,9,-1,-1,-1,-1,2,E01001702,0,1
2024221405278,2024,221405278,1,9,0,-1,19,1,6,-1,0,0,0,0,7,0,3,9,-1,9,2,17,4,-1,-1,-1,-1,5,E01032387,0,3
2024010486964,2024,010486964,1,9,0,18,19,5,1,0,0,1,0,0,0,0,1,1,6,6,1,43,7,-1,-1,-1,-1,9,E01004587,0,1
2024010551318,2024,010551318,1,9,0,18,19,5,1,9,9,1,0,0,0,0,1,1,6,6,3,-1,-1,-1,-1,-1,-1,-1,-1,0,-1
2024221479548,2024,221479548,2,1,0,-1,19,3,7,-1,0,8,0,0,0,0,1,1,-1,2,1,42,7,-1,-1,-1,-1,-1,-1,0,-1
2024122400987,2024,122400987,2,1,0,18,19,1,5,0,0,8,0,0,0,0,3,1,6,6,1,57,9,-1,-1,-1,-1,4,E01020852,0,4
2024010491953,2024,010491953,1,3,0,18,19,3,7,0,0,1,2,10,0,0,4,1,6,6,1,27,6,-1,-1,-1,-1,6,E01001881,0,3
2024430490612,2024,430490612,1,9,0,18,19,3,7,0,0,0,0,0,0,0,1,1,6,6,3,-1,-1,-1,-1,-1,-1,-1,-1,0,-1
2024201430918,2024,201430918,2,1,0,-1,19,3,7,-1,0,0,2,0,0,0,3,1,-1,2,1,12,3,-1,-1,-1,-1,1,E01009577,0,1
2024010517358,2024,010517358,2,1,0,18,19,1,5,2,2,1,0,4,2,1,1,1,6,6,1,27,6,-1,-1,-1,-1,-1,-1,0,-1
2024010537307,2024,010537307,3,9,0,99,99,9,9,99,99,9,9,99,9,99,2,9,6,6,3,-1,-1,-1,-1,-1,-1,-1,-1,0,-1