collision_index,collision_year,collision_ref_no,vehicle_reference,vehicle_type,towing_and_articulation,vehicle_manoeuvre_historic,vehicle_manoeuvre,vehicle_direction_from,vehicle_direction_to,vehicle_location_restricted_lane_historic,vehicle_location_restricted_lane,junction_location,skidding_and_overturning,hit_object_in_carriageway,vehicle_leaving_carriageway,hit_object_off_carriageway,first_point_of_impact,vehicle_left_hand_drive,journey_purpose_of_driver_historic,journey_purpose_of_driver,sex_of_driver,age_of_driver,age_band_of_driver,engine_capacity_cc,propulsion_code,age_of_vehicle,generic_make_model,driver_imd_decile,lsoa_of_driver,escooter_flag,driver_distance_banding
2024332400949,2024,332400949,2,9,0,-1,9,5,3,-1,0,6,0,0,0,0,3,1,-1,9,2,66,10,-1,-1,-1,-1,8,E01025951,0,2
2024010492404,2024,010492404,2,9,0,18,19,1,5,0,0,6,0,0,2,2,1,1,3,7,2,36,7,-1,-1,-1,-1,4,E01000402,0,1
2024211431680,2024,211431680,1,9,-1,-1,19,1,5,-1,0,0,0,0,0,0,1,9,-1,6,3,-1,-1,-1,-1,-1,-1,-1,-1,0,-1
2024141478105,2024,141478105,2,9,0,-1,-1,1,1,-1,-1,8,0,0,0,0,4,1,-1,-1,1,27,6,-1,-1,-1,-1,5,E01011226,0,2
2024440003143,2024,440003143,1,9,0,12,12,5,1,0,0,0,1,0,0,0,3,1,6,6,2,61,9,-1,-1,-1,-1,8,E01017148,0,1
2024231447269,2024,231447269,2,1,0,-1,19,1,5,-1,0,8,1,0,0,0,4,1,-1,9,1,46,8,-1,-1,-1,-1,10,E01031123,0,3
2024522499999,2024,522499999,2,3,0,18,19,2,6,0,0,4,0,0,0,0,1,1,6,6,3,-1,-1,-1,-1,-1,-1,-1,-1,0,-1
2024201469558,2024,201469558,1,9,0,-1,19,5,1,-1,0,0,1,0,0,0,1,9,-1,6,1,25,5,-1,-1,-1,-1,-1,-1,0,-1
2024141437495,2024,141437495,1,9,0,-1,5,1,5,-1,0,1,0,0,0,0,4,1,-1,6,2,70,10,-1,-1,-1,-1,5,E01007388,0,1
2024131413261,2024,131413261,1,1,0,-1,19,6,2,-1,0,0,0,0,1,0,3,1,-1,2,1,53,8,-1,-1,-1,-1,2,E01010815,0,1
2024010526219,2024,010526219,1,1,9,99,99,9,9,99,99,9,9,99,9,99,1,1,6,6,2,24,5,-1,-1,-1,-1,5,E01002779,0,1
2024010534393,2024,010534393,2,1,0,18,19,5,1,0,0,8,0,0,0,0,3,1,2,2,1,50,8,-1,-1,-1,-1,6,E01003149,0,1
2024010545700,2024,010545700,2,9,0,99,99,9,9,99,99,9,9,99,9,99,9,9,6,6,3,-1,-1,-1,-1,-1,-1,-1,-1,0,-1
2024010501495,2024,010501495,2,1,0,18,19,5,1,0,0,1,0,0,0,0,4,1,6,6,1,44,7,-1,-1,-1,-1,6,E01003694,0,1
202454A150724,2024,54A150724,2,9,0,18,19,3,6,0,0,8,0,0,0,0,1,1,6,6,1,58,9,-1,-1,-1,-1,6,E01015568,0,1
2024010490941,2024,010490941,1,9,0,8,8,1,3,0,0,1,0,0,0,0,4,1,6,6,1,84,11,-1,-1,-1,-1,7,E01001642,0,1
2024430194618,2024,430194618,1,9,0,13,13,2,6,0,0,8,0,0,0,0,4,1,6,6,3,-1,-1,-1,-1,-1,-1,-1,-1,0,-1
2024430516302,2024,430516302,2,9,0,9,9,5,3,0,0,5,0,0,0,0,4,1,6,6,1,-1,-1,-1,-1,-1,-1,10,E01022849,0,4
2024061443376,2024,061443376,2,9,0,-1,9,-1,-1,-1,0,7,0,0,0,0,3,1,-1,6,3,-1,-1,-1,-1,-1,-1,-1,-1,0,-1
2024430526734,2024,430526734,1,9,0,18,19,5,1,0,0,1,0,0,0,0,1,1,6,6,3,-1,-1,-1,-1,-1,-1,-1,-1,0,-1
2024070429229,2024,070429229,1,9,0,18,19,6,2,0,0,0,0,0,0,0,4,1,6,6,2,33,6,-1,-1,-1,-1,8,W01000255,0,2
2024061527999,2024,061527999,1,9,-1,-1,-1,-1,-1,-1,-1,0,-1,-1,-1,0,-1,9,-1,6,3,-1,-1,-1,-1,-1,-1,-1,-1,0,-1
2024461426812,2024,461426812,2,1,0,-1,19,5,1,-1,0,0,0,0,1,0,2,1,-1,2,2,28,6,-1,-1,-1,-1,5,E01024528,0,1
2024041468160,2024,041468160,1,1,0,-1,13,3,7,-1,0,1,0,0,0,0,1,1,-1,6,1,39,7,-1,-1,-1,-1,1,E01012681,0,1
2024991455521,2024,991455521,1,5,0,-1,9,1,7,-1,0,6,1,0,0,0,3,1,-1,9,1,68,10,-1,-1,-1,-1,4,E01025057,0,5
2024010527832,2024,010527832,1,1,9,99,99,9,9,99,99,9,9,99,9,99,1,1,2,2,1,30,6,-1,-1,-1,-1,6,E01002910,0,1
2024361518217,2024,361518217,1,9,0,-1,-1,-1,-1,-1,-1,0,-1,-1,-1,0,-1,9,-1,6,2,-1,-1,-1,-1,-1,-1,-1,-1,0,-1
2024320576012,2024,320576012,1,9,0,-1,-1,8,4,0,0,1,1,0,1,0,1,1,1,1,1,27,6,-1,-1,-1,-1,-1,-1,0,-1
2024010491636,2024,010491636,2,1,0,16,19,5,1,0,0,8,0,0,0,0,4,1,6,6,1,28,6,-1,-1,-1,-1,4,E01004202,0,1
2024041405312,2024,041405312,2,9,0,-1,5,3,7,-1,0,1,0,0,0,0,3,1,-1,9,1,35,6,-1,-1,-1,-1,1,E01012681,0,1
2024101489369,2024,101489369,1,1,0,-1,19,3,7,-1,9,1,0,0,0,0,1,1,-1,6,1,14,3,-1,-1,-1,-1,-1,-1,0,-1
2024010528928,2024,010528928,2,9,0,4,4,7,3,0,0,1,0,0,0,0,2,1,2,2,1,56,9,-1,-1,-1,-1,7,E01032845,0,4
2024131468929,2024,131468929,2,22,0,-1,5,1,1,-1,0,0,0,0,1,0,1,1,-1,9,2,84,11,-1,-1,-1,-1,8,E01011643,0,1
2024221501938,2024,221501938,2,1,0,-1,19,4,8,-1,0,8,0,0,0,0,1,1,-1,6,1,58,9,-1,-1,-1,-1,10,E01028949,0,1
2024320261575,2024,320261575,1,9,0,-1,-1,6,2,0,0,0,0,0,1,2,1,1,-1,-1,1,52,8,-1,-1,-1,-1,2,E01026056,0,1
2024461480589,2024,461480589,3,9,0,-1,7,4,2,-1,0,8,0,0,0,0,0,9,-1,6,3,-1,-1,-1,-1,-1,-1,-1,-1,0,-1
2024010491407,2024,010491407,1,5,0,4,4,5,1,0,0,1,0,0,0,0,1,1,1,1,1,24,5,-1,-1,-1,-1,5,E01021778,0,4
2024061496501,2024,061496501,1,1,0,-1,19,3,6,-1,0,2,0,0,0,0,3,1,-1,6,1,48,8,-1,-1,-1,-1,-1,-1,0,-1
2024461499381,2024,461499381,2,9,0,-1,19,1,5,-1,0,0,0,0,0,0,2,9,-1,1,1,59,9,-1,-1,-1,-1,8,E01032825,0,4
2024451442738,2024,451442738,1,1,0,-1,19,1,5,-1,0,0,2,0,0,0,3,1,-1,2,2,57,9,-1,-1,-1,-1,5,W01000060,0,5
2024320263021,2024,320263021,1,9,0,-1,-1,3,7,0,0,1,0,0,0,0,1,1,-1,-1,1,38,7,-1,-1,-1,-1,2,E01026175,0,1
2024231477621,2024,231477621,1,9,0,-1,1,5,8,-1,9,0,0,0,0,0,2,9,-1,6,2,35,6,-1,-1,-1,-1,-1,-1,0,-1
2024520500001,2024,520500001,2,17,0,11,11,1,5,0,0,2,0,0,0,0,4,1,6,6,3,-1,-1,-1,-1,-1,-1,-1,-1,0,-1
2024211509778,2024,211509778,2,1,0,-1,19,5,5,-1,0,1,0,0,0,0,1,1,-1,6,1,57,9,-1,-1,-1,-1,-1,-1,0,-1
2024010540098,2024,010540098,2,3,0,18,19,1,5,9,9,2,0,0,1,0,0,1,6,6,3,-1,-1,-1,-1,-1,-1,-1,-1,0,-1
2024010507733,2024,010507733,2,1,0,7,7,3,5,0,0,4,1,0,0,0,4,1,6,6,1,43,7,-1,-1,-1,-1,9,E01003807,0,1
2024201424685,2024,201424685,1,9,0,-1,9,8,6,-1,0,5,0,0,0,0,1,9,-1,6,1,-1,-1,-1,-1,-1,-1,-1,-1,0,-1
2024221428269,2024,221428269,1,1,0,-1,19,4,8,-1,0,8,0,0,0,0,4,1,-1,6,1,36,7,-1,-1,-1,-1,10,E01028972,0,3
2024421492158,2024,421492158,2,9,0,-1,19,7,3,-1,0,1,0,0,0,0,1,1,-1,9,1,51,8,-1,-1,-1,-1,8,E01021763,0,1
2024010518030,2024,010518030,1,9,0,99,99,9,9,99,99,9,9,99,9,99,1,1,6,6,3,-1,-1,-1,-1,-1,-1,-1,-1,0,-1
2024411499044,2024,411499044,3,9,0,-1,19,3,7,-1,0,0,0,0,1,0,3,1,-1,6,1,51,8,-1,-1,-1,-1,9,E01022083,0,2
202454A242624,2024,54A242624,1,9,0,18,19,1,5,0,0,1,0,0,0,0,0,1,6,6,3,-1,-1,-1,-1,-1,-1,-1,-1,0,-1
2024010507027,2024,010507027,2,1,0,18,19,1,5,0,0,1,0,0,0,0,2,1,2,2,1,45,7,-1,-1,-1,-1,4,E01003054,0,1
2024161394361,2024,161394361,2,9,0,-1,19,8,4,-1,0,0,0,0,0,0,2,1,-1,9,2,26,6,-1,-1,-1,-1,10,E01013070,0,2
2024552401295,2024,552401295,1,9,0,9,9,2,8,0,0,8,0,0,0,0,3,1,2,2,1,18,4,-1,-1,-1,-1,10,E01015396,0,1
2024610011124,2024,610011124,1,9,0,4,4,8,4,0,0,0,0,0,0,0,4,1,3,7,2,44,7,-1,-1,-1,-1,10,W01001552,0,1
2024010491549,2024,010491549,1,3,0,18,19,5,1,0,0,0,0,0,0,0,2,1,6,6,1,34,6,-1,-1,-1,-1,5,E01000624,0,3
2024332401001,2024,332401001,2,19,0,-1,5,3,6,-1,0,6,0,0,0,0,1,1,-1,9,1,36,7,-1,-1,-1,-1,2,E01013611,0,2
2024010489498,2024,010489498,1,11,0,5,5,0,1,0,0,1,0,0,0,0,0,1,1,1,1,54,8,-1,-1,-1,-1,2,E01004014,0,1
2024010540530,2024,010540530,1,9,0,5,5,3,7,0,0,1,0,0,0,0,1,1,2,2,1,32,6,-1,-1,-1,-1,3,E01001338,0,1
2024041491225,2024,041491225,1,9,0,-1,19,7,3,-1,0,0,0,0,1,11,1,1,-1,9,1,20,4,-1,-1,-1,-1,1,E01025286,0,1
2024471425810,2024,471425810,3,9,-1,-1,4,7,3,-1,0,1,0,0,0,0,0,9,-1,6,3,-1,-1,-1,-1,-1,-1,-1,-1,0,-1
2024351403923,2024,351403923,1,9,-1,-1,19,4,8,-1,0,8,0,0,0,0,-1,9,-1,6,1,-1,-1,-1,-1,-1,-1,-1,-1,0,-1
2024101462406,2024,101462406,1,9,0,-1,19,5,1,-1,0,0,0,4,0,0,1,1,-1,6,1,18,4,-1,-1,-1,-1,-1,-1,0,-1
2024010519678,2024,010519678,3,9,9,99,99,9,9,99,99,9,9,99,9,99,9,9,6,6,2,81,11,-1,-1,-1,-1,6,E01001149,0,1
2024430038486,2024,430038486,1,9,0,7,7,6,8,0,0,6,0,0,0,0,1,1,6,6,2,47,8,-1,-1,-1,-1,5,E01017856,0,1
2024010496142,2024,010496142,1,90,0,18,19,5,1,0,0,1,0,0,0,0,1,1,6,6,3,-1,-1,-1,-1,-1,-1,-1,-1,0,-1
2024411531362,2024,411531362,2,1,0,-1,7,-1,-1,-1,-1,-1,-1,-1,-1,0,1,1,-1,2,1,52,8,-1,-1,-1,-1,4,E01023401,0,1
2024332401135,2024,332401135,3,9,0,-1,4,1,5,-1,0,0,0,0,0,0,2,1,-1,6,3,-1,-1,-1,-1,-1,-1,-1,-1,0,-1
2024991459569,2024,991459569,1,9,0,-1,1,5,1,-1,0,0,0,0,0,0,0,9,-1,6,3,40,7,-1,-1,-1,-1,-1,-1,0,-1
202454B868424,2024,54B868424,1,9,0,18,19,3,7,0,0,0,0,0,1,7,1,1,6,6,2,60,9,-1,-1,-1,-1,10,E01014874,0,4
2024311473044,2024,311473044,1,11,0,-1,4,7,3,-1,0,1,0,0,0,0,0,1,-1,1,1,38,7,-1,-1,-1,-1,2,E01019682,0,2
2024311523455,2024,311523455,2,1,0,-1,19,2,2,-1,9,1,0,0,0,0,1,1,-1,6,1,19,4,-1,-1,-1,-1,4,E01027928,0,2
2024440081152,2024,440081152,2,9,0,13,13,5,1,0,0,0,0,0,0,0,4,1,6,6,2,36,7,-1,-1,-1,-1,-1,-1,0,-1
2024311510471,2024,311510471,1,9,0,-1,9,5,1,-1,0,0,0,0,0,0,1,9,-1,6,1,-1,-1,-1,-1,-1,-1,-1,-1,0,-1
2024471407780,2024,471407780,1,9,0,-1,9,3,1,-1,0,8,0,0,0,0,0,9,-1,6,3,-1,-1,-1,-1,-1,-1,-1,-1,0,-1
2024070174015,2024,070174015,2,1,0,18,19,1,5,0,0,1,5,0,1,0,2,1,6,6,1,66,10,-1,-1,-1,-1,1,E01018738,0,1
2024430043242,2024,430043242,1,9,0,3,3,6,2,0,0,1,0,0,0,0,2,1,6,6,2,46,8,-1,-1,-1,-1,8,E01022473,0,1
2024522401805,2024,522401805,2,9,0,9,9,6,4,0,0,2,0,0,0,0,9,1,6,6,1,-1,-1,-1,-1,-1,-1,-1,-1,0,-1
2024010488665,2024,010488665,1,11,0,18,19,5,1,0,0,0,0,4,0,0,1,1,1,1,1,62,9,-1,-1,-1,-1,6,E01000727,0,2
2024201394408,2024,201394408,2,9,0,-1,19,6,2,-1,0,8,0,0,0,0,1,1,-1,6,1,21,5,-1,-1,-1,-1,-1,-1,0,-1
2024010530137,2024,010530137,2,9,0,99,99,9,9,99,99,9,9,99,9,99,2,9,6,6,3,-1,-1,-1,-1,-1,-1,-1,-1,0,-1
2024010489634,2024,010489634,2,9,9,99,99,9,9,99,99,9,9,99,9,99,1,9,6,6,3,-1,-1,-1,-1,-1,-1,-1,-1,0,-1
2024010492269,2024,010492269,2,1,0,18,19,5,1,0,0,1,0,0,0,0,1,1,6,6,1,29,6,-1,-1,-1,-1,3,E01004422,0,1
2024010508518,2024,010508518,2,-1,9,99,99,9,9,99,99,9,0,99,9,99,9,9,6,6,2,-1,-1,-1,-1,-1,-1,3,E01004435,1,1
2024440415185,2024,440415185,2,9,0,7,7,4,6,0,0,6,0,0,0,0,1,1,6,6,1,-1,-1,-1,-1,-1,-1,-1,-1,0,-1
2024052401695,2024,052401695,2,1,0,18,19,3,7,0,0,8,0,0,0,0,3,1,6,6,1,56,9,-1,-1,-1,-1,7,E01006800,0,2
2024311474895,2024,311474895,2,1,0,-1,19,8,4,-1,0,8,0,0,0,0,3,1,-1,2,2,41,7,-1,-1,-1,-1,6,E01027988,0,1
2024041498809,2024,041498809,1,9,0,-1,6,7,2,-1,0,1,0,0,0,0,1,1,-1,1,1,53,8,-1,-1,-1,-1,2,E01025247,0,1
2024131514740,2024,131514740,1,90,0,-1,19,5,5,-1,0,8,0,0,0,0,1,1,-1,6,1,24,5,-1,-1,-1,-1,5,E01010873,0,1
2024430372653,2024,430372653,1,90,0,18,19,-1,-1,9,9,-1,1,0,0,0,0,1,6,6,1,43,7,-1,-1,-1,-1,2,E01033498,0,1
2024061453203,2024,061453203,2,9,0,-1,19,-1,-1,-1,99,6,0,0,0,0,1,1,-1,6,3,-1,-1,-1,-1,-1,-1,-1,-1,0,-1
2024471525731,2024,471525731,2,1,0,-1,19,6,3,-1,0,3,0,0,0,0,4,1,-1,2,1,59,9,-1,-1,-1,-1,6,E01016876,0,1
2024010520904,2024,010520904,2,9,0,12,12,3,7,0,0,0,0,0,0,0,1,1,6,6,3,-1,-1,-1,-1,-1,-1,-1,-1,0,-1
2024430291878,2024,430291878,1,9,0,18,19,7,3,0,0,8,0,0,0,0,1,1,6,6,2,19,4,-1,-1,-1,-1,9,E01027267,0,3
2024010492258,2024,010492258,3,9,0,99,99,9,9,99,99,0,9,99,9,99,2,9,6,6,3,-1,-1,-1,-1,-1,-1,-1,-1,0,-1
2024430464500,2024,430464500,1,11,0,18,19,7,3,0,0,1,0,0,0,0,4,1,1,1,3,-1,-1,-1,-1,-1,-1,-1,-1,0,-1
2024010494747,2024,010494747,2,1,0,18,19,7,3,0,0,8,0,0,0,0,1,1,6,6,1,24,5,-1,-1,-1,-1,9,E01002450,0,1
2024201484469,2024,201484469,1,9,0,-1,4,4,8,-1,0,1,0,0,0,0,1,9,-1,6,2,-1,-1,-1,-1,-1,-1,-1,-1,0,-1
2024010492165,2024,010492165,1,9,0,99,99,9,9,99,99,9,9,99,9,99,9,9,6,6,2,34,6,-1,-1,-1,-1,3,E01004260,0,1
2024010510205,2024,010510205,1,1,9,99,99,9,9,99,99,9,9,99,9,99,2,1,2,2,1,35,6,-1,-1,-1,-1,2,E01003176,0,1
2024010488403,2024,010488403,2,9,0,99,99,9,9,99,99,9,9,99,9,99,9,9,6,6,3,-1,-1,-1,-1,-1,-1,-1,-1,0,-1
2024440231041,2024,440231041,1,5,0,18,19,1,5,0,0,1,0,0,0,0,1,1,6,6,1,26,6,-1,-1,-1,-1,6,E01016385,0,3
2024010490607,2024,010490607,1,1,9,99,99,9,9,99,99,9,9,99,9,99,1,1,6,6,1,-1,-1,-1,-1,-1,-1,8,E01003417,0,1
2024131408539,2024,131408539,3,9,0,-1,19,5,1,-1,0,0,0,0,0,0,2,1,-1,1,2,23,5,-1,-1,-1,-1,7,E01027888,0,3
2024131499980,2024,131499980,1,1,0,-1,19,5,1,-1,0,0,0,0,0,0,1,1,-1,1,1,17,4,-1,-1,-1,-1,1,E01011361,0,1
2024430128897,2024,430128897,1,9,0,18,19,8,4,0,0,0,0,0,0,0,4,1,2,2,2,38,7,-1,-1,-1,-1,5,E01017748,0,1
2024371536370,2024,371536370,2,1,0,-1,19,5,1,-1,0,1,0,0,0,0,0,1,-1,9,1,29,6,-1,-1,-1,-1,4,E01029962,0,1
2024010490798,2024,010490798,1,9,0,99,99,9,9,99,99,9,9,99,9,99,1,9,6,6,2,32,6,-1,-1,-1,-1,3,E01034222,0,3
2024041457788,2024,041457788,1,-1,0,-1,19,5,1,-1,0,1,0,0,1,0,1,1,-1,9,1,16,4,-1,-1,-1,-1,1,E01012675,1,1
2024010495585,2024,010495585,1,1,9,99,99,9,9,99,99,9,9,99,9,99,9,1,6,6,1,44,7,-1,-1,-1,-1,2,E01003175,0,1
2024071091924,2024,071091924,1,21,1,-1,19,5,1,-1,0,0,2,0,1,6,4,2,-1,1,1,25,5,-1,-1,-1,-1,-1,-1,0,-1
2024211395503,2024,211395503,2,9,0,-1,19,2,6,-1,0,0,0,4,0,0,1,1,-1,6,1,51,8,-1,-1,-1,-1,6,E01028323,0,4
2024451492137,2024,451492137,1,1,0,-1,19,3,7,-1,0,8,5,99,0,0,9,1,-1,2,1,70,10,-1,-1,-1,-1,8,E01030471,0,3
2024401502039,2024,401502039,2,1,-1,-1,-1,-1,-1,-1,-1,0,-1,-1,-1,0,-1,1,-1,6,1,27,6,-1,-1,-1,-1,6,E01017508,0,1
2024548569924,2024,548569924,2,1,0,5,5,7,3,0,0,3,0,0,0,0,4,1,6,6,1,38,7,-1,-1,-1,-1,8,E01031910,0,1
2024421403081,2024,421403081,1,-1,0,-1,9,5,7,-1,4,0,0,0,0,0,3,1,-1,2,2,21,5,-1,-1,-1,-1,8,E01021513,1,3
2024010496461,2024,010496461,1,9,0,9,9,5,3,0,0,5,0,0,1,0,1,1,2,2,2,67,10,-1,-1,-1,-1,4,E01000571,0,1
2024010526662,2024,010526662,1,1,0,18,19,1,5,0,0,8,2,0,0,0,0,1,6,6,1,48,8,-1,-1,-1,-1,8,E01001985,0,1
2024010494504,2024,010494504,1,9,0,7,7,3,5,0,0,1,0,0,0,0,1,1,6,6,2,18,4,-1,-1,-1,-1,8,E01003225,0,1
2024531404850,2024,531404850,1,9,0,-1,9,1,7,-1,0,6,0,0,0,0,4,9,-1,6,3,-1,-1,-1,-1,-1,-1,-1,-1,0,-1
2024052400699,2024,052400699,1,19,0,7,7,7,3,0,0,4,0,0,0,0,1,1,6,6,3,-1,-1,-1,-1,-1,-1,-1,-1,0,-1
2024311483668,2024,311483668,2,9,0,-1,19,1,5,-1,0,0,0,0,0,0,0,1,-1,6,3,-1,-1,-1,-1,-1,-1,-1,-1,0,-1
2024010511897,2024,010511897,1,19,0,18,19,1,5,0,0,0,0,0,0,0,0,1,6,6,3,-1,-1,-1,-1,-1,-1,-1,-1,0,-1
2024351490041,2024,351490041,2,1,-1,-1,-1,-1,-1,-1,-1,-1,-1,-1,-1,0,-1,1,-1,9,1,9,2,-1,-1,-1,-1,7,E01018000,0,1
2024461399910,2024,461399910,1,9,0,-1,19,4,8,-1,0,0,0,0,0,0,4,9,-1,6,3,-1,-1,-1,-1,-1,-1,-1,-1,0,-1
2024010536917,2024,010536917,1,23,0,18,19,5,1,0,0,1,0,0,0,0,1,1,6,6,1,19,4,-1,-1,-1,-1,7,E01004193,0,3
2024622400096,2024,622400096,2,9,0,2,2,0,0,0,0,0,0,0,0,0,4,1,6,6,3,-1,-1,-1,-1,-1,-1,-1,-1,0,-1
2024548562724,2024,548562724,1,8,0,18,19,5,7,0,0,1,0,0,0,0,1,1,6,6,1,-1,-1,-1,-1,-1,-1,7,E01032002,0,1
2024332400030,2024,332400030,1,19,0,-1,9,5,3,-1,0,5,0,0,0,0,1,1,-1,6,3,-1,-1,-1,-1,-1,-1,-1,-1,0,-1
2024544541024,2024,544541024,1,9,0,7,7,5,7,0,0,8,0,0,1,10,4,1,6,6,1,44,7,-1,-1,-1,-1,3,E01014445,0,3
2024501445760,2024,501445760,2,9,0,-1,19,7,3,-1,0,1,1,0,7,0,1,1,-1,9,2,49,8,-1,-1,-1,-1,3,E01020297,0,2
2024010548062,2024,010548062,2,9,0,99,99,9,9,99,99,9,9,99,9,99,1,9,6,6,3,-1,-1,-1,-1,-1,-1,-1,-1,0,-1
2024201548260,2024,201548260,1,9,0,-1,19,8,5,-1,0,0,0,0,0,0,1,1,-1,6,1,49,8,-1,-1,-1,-1,4,E01010303,0,1
2024991501440,2024,991501440,1,9,0,-1,19,1,5,-1,0,1,0,0,0,0,1,1,-1,6,2,30,6,-1,-1,-1,-1,9,-1,0,2
2024031533445,2024,031533445,1,9,0,-1,19,2,7,-1,0,2,0,0,0,0,1,1,-1,2,1,18,4,-1,-1,-1,-1,1,E01019193,0,1
2024161489701,2024,161489701,1,4,0,-1,19,3,7,-1,0,0,5,0,0,0,1,1,-1,9,1,68,10,-1,-1,-1,-1,9,E01012956,0,1
2024010492761,2024,010492761,2,8,0,99,99,9,9,99,99,9,9,99,9,99,1,9,6,6,3,-1,-1,-1,-1,-1,-1,6,E01001342,0,3
2024302401619,2024,302401619,2,1,0,9,9,8,6,0,0,8,0,0,0,0,3,1,6,6,1,55,8,-1,-1,-1,-1,6,E01019654,0,1
2024201558859,2024,201558859,2,-1,0,-1,5,4,8,-1,0,0,0,0,0,0,2,9,-1,6,1,10,2,-1,-1,-1,-1,1,E01009341,1,1
2024411482205,2024,411482205,1,98,1,-1,-1,-1,-1,-1,-1,0,-1,-1,-1,0,1,9,-1,1,1,39,7,-1,-1,-1,-1,-1,-1,0,-1
2024010511613,2024,010511613,1,1,9,99,99,9,9,99,99,9,9,99,9,99,9,1,2,2,1,45,7,-1,-1,-1,-1,10,E01032623,0,1
2024161526607,2024,161526607,1,9,0,-1,7,2,5,-1,0,4,0,0,0,0,1,9,-1,6,2,56,9,-1,-1,-1,-1,7,E01013185,0,1
2024010518273,2024,010518273,1,1,0,9,9,7,4,0,0,4,0,0,0,0,2,1,6,6,1,34,6,-1,-1,-1,-1,2,E01004464,0,2
2024471491317,2024,471491317,2,9,0,-1,7,2,5,-1,0,1,0,0,0,0,3,1,-1,6,3,-1,-1,-1,-1,-1,-1,-1,-1,0,-1
2024061443750,2024,061443750,2,99,-1,-1,-1,-1,-1,-1,-1,-1,-1,-1,-1,0,-1,9,-1,6,3,-1,-1,-1,-1,-1,-1,-1,-1,0,-1
2024141555179,2024,141555179,2,9,0,-1,19,1,5,-1,0,0,0,0,0,0,2,1,-1,6,3,-1,-1,-1,-1,-1,-1,-1,-1,0,-1
2024061402764,2024,061402764,2,1,0,-1,19,5,8,-1,0,0,5,0,0,0,1,1,-1,6,1,40,7,-1,-1,-1,-1,1,E01005097,0,1
2024010544345,2024,010544345,3,9,9,99,99,9,9,99,99,9,9,99,9,99,9,9,6,6,1,-1,-1,-1,-1,-1,-1,-1,-1,0,-1
2024332401196,2024,332401196,1,9,0,-1,19,8,4,-1,0,8,0,0,0,0,3,1,-1,9,2,34,6,-1,-1,-1,-1,7,E01013669,0,1
2024010545276,2024,010545276,3,9,0,4,4,7,3,0,0,0,0,0,0,0,2,1,1,1,1,52,8,-1,-1,-1,-1,4,E01004326,0,1
2024010527403,2024,010527403,1,1,9,99,99,9,9,99,99,9,9,99,9,99,9,1,2,2,2,46,8,-1,-1,-1,-1,6,E01001214,0,1
2024361442023,2024,361442023,2,9,0,-1,19,2,6,-1,0,0,0,0,1,0,1,1,-1,6,1,46,8,-1,-1,-1,-1,3,E01033038,0,1
2024231477724,2024,231477724,1,9,0,-1,9,5,3,-1,0,6,0,0,0,0,1,1,-1,6,2,55,8,-1,-1,-1,-1,7,E01031029,0,1
2024141404551,2024,141404551,1,90,0,-1,19,7,3,-1,0,8,0,0,0,0,3,9,-1,1,1,31,6,-1,-1,-1,-1,1,E01007714,0,1
2024332401027,2024,332401027,1,1,0,-1,19,5,1,-1,0,8,0,0,0,0,1,1,-1,2,1,19,4,-1,-1,-1,-1,2,E01032873,0,1
2024522402333,2024,522402333,1,1,0,18,19,9,9,0,0,0,0,0,0,0,9,1,6,6,2,32,6,-1,-1,-1,-1,5,E01014927,0,2
2024010521811,2024,010521811,1,1,9,99,99,9,9,99,99,9,9,99,9,99,1,1,6,6,1,-1,-1,-1,-1,-1,-1,-1,-1,0,-1
2024161444228,2024,161444228,2,1,0,-1,19,7,3,-1,0,0,0,0,0,0,3,1,-1,6,1,35,6,-1,-1,-1,-1,1,E01012865,0,1
2024041494413,2024,041494413,2,9,0,-1,19,4,8,-1,0,1,0,0,0,0,4,1,-1,9,1,56,9,-1,-1,-1,-1,5,E01006951,0,3
2024010529510,2024,010529510,2,9,0,99,99,9,9,99,99,0,9,99,9,99,1,9,6,6,1,34,6,-1,-1,-1,-1,4,E01000608,0,2
2024451439390,2024,451439390,2,9,0,-1,19,2,6,-1,0,0,0,0,0,0,0,9,-1,6,3,-1,-1,-1,-1,-1,-1,-1,-1,0,-1
2024332400118,2024,332400118,1,1,0,-1,14,1,5,-1,0,0,1,0,0,0,1,1,-1,6,1,16,4,-1,-1,-1,-1,3,E01013698,0,1
2024610051524,2024,610051524,1,9,0,4,4,3,7,0,0,0,0,0,0,0,2,1,2,2,1,67,10,-1,-1,-1,-1,4,W01001405,0,1
2024061426228,2024,061426228,1,19,0,-1,19,-1,-1,-1,0,8,0,0,0,0,2,1,-1,9,2,46,8,-1,-1,-1,-1,3,E01006061,0,1
2024430530357,2024,430530357,2,9,0,9,9,4,1,0,0,5,0,0,0,0,1,1,6,6,1,-1,-1,-1,-1,-1,-1,-1,-1,0,-1
2024440364772,2024,440364772,2,9,0,5,5,1,5,0,0,1,0,0,0,0,4,1,6,6,1,28,6,-1,-1,-1,-1,7,E01002538,0,4
2024461506322,2024,461506322,1,1,0,-1,19,3,7,-1,0,0,0,0,0,0,0,1,-1,2,1,-1,-1,-1,-1,-1,-1,-1,-1,0,-1
2024440326928,2024,440326928,1,1,0,18,19,5,1,0,0,8,0,0,0,0,4,1,1,1,1,43,7,-1,-1,-1,-1,5,E01017018,0,1
2024631440447,2024,631440447,2,9,0,-1,19,3,7,-1,0,8,0,0,0,0,1,1,-1,6,1,40,7,-1,-1,-1,-1,6,W01000643,0,2
2024010548805,2024,010548805,2,1,0,99,99,9,9,0,0,9,9,0,9,0,9,1,6,6,3,-1,-1,-1,-1,-1,-1,-1,-1,0,-1
2024501503723,2024,501503723,1,-1,0,-1,19,5,1,-1,0,6,5,0,0,0,1,1,-1,6,1,12,3,-1,-1,-1,-1,8,E01015230,1,1
2024311417211,2024,311417211,1,9,0,-1,9,5,4,-1,0,6,0,0,0,0,1,1,-1,2,1,74,10,-1,-1,-1,-1,10,E01028346,0,2
2024010513411,2024,010513411,1,1,9,99,99,9,9,99,99,9,9,99,9,99,1,1,2,2,1,25,5,-1,-1,-1,-1,5,E01002632,0,1
2024201431840,2024,201431840,2,9,0,-1,19,2,7,-1,0,8,0,10,1,0,1,9,-1,9,1,58,9,-1,-1,-1,-1,7,E01009976,0,1