collision_index,collision_year,collision_ref_no,vehicle_reference,vehicle_type,towing_and_articulation,vehicle_manoeuvre_historic,vehicle_manoeuvre,vehicle_direction_from,vehicle_direction_to,vehicle_location_restricted_lane_historic,vehicle_location_restricted_lane,junction_location,skidding_and_overturning,hit_object_in_carriageway,vehicle_leaving_carriageway,hit_object_off_carriageway,first_point_of_impact,vehicle_left_hand_drive,journey_purpose_of_driver_historic,journey_purpose_of_driver,sex_of_driver,age_of_driver,age_band_of_driver,engine_capacity_cc,propulsion_code,age_of_vehicle,generic_make_model,driver_imd_decile,lsoa_of_driver,escooter_flag,driver_distance_banding
2024451455505,2024,451455505,1,1,0,-1,4,3,7,-1,99,6,0,0,0,0,3,1,-1,2,1,18,4,-1,-1,-1,-1,4,E01030702,0,1
2024231532681,2024,231532681,1,9,0,-1,19,2,6,-1,0,0,0,0,0,0,1,9,-1,6,1,35,6,-1,-1,-1,-1,-1,-1,0,-1
2024010496956,2024,010496956,1,9,0,4,4,8,4,0,0,1,0,0,0,0,0,1,6,6,2,40,7,-1,-1,-1,-1,3,E01000558,0,1
2024430193192,2024,430193192,2,1,0,18,19,3,7,0,0,1,0,0,1,0,3,1,2,2,1,25,5,-1,-1,-1,-1,7,E01028521,0,4
2024010548837,2024,010548837,1,1,9,99,99,9,9,99,99,9,9,99,9,99,9,1,2,2,1,25,5,-1,-1,-1,-1,4,E01003129,0,1
2024430112166,2024,430112166,2,1,0,18,19,8,4,0,0,8,0,0,0,0,4,1,6,6,2,59,9,-1,-1,-1,-1,8,E01017931,0,1
2024311464017,2024,311464017,1,9,0,-1,19,2,6,-1,0,0,0,0,0,0,1,1,-1,6,2,41,7,-1,-1,-1,-1,8,E01028172,0,1
2024201471130,2024,201471130,1,9,0,-1,9,7,5,-1,0,5,0,0,0,0,1,1,-1,6,1,25,5,-1,-1,-1,-1,-1,-1,0,-1
2024031519440,2024,031519440,2,9,0,-1,3,6,2,-1,0,1,0,0,0,0,2,1,-1,6,1,-1,-1,-1,-1,-1,-1,-1,-1,0,-1
2024010495752,2024,010495752,1,9,0,18,19,1,5,0,0,0,0,0,0,0,1,1,3,7,1,44,7,-1,-1,-1,-1,10,E01003899,0,1
2024351515741,2024,351515741,2,3,-1,-1,-1,-1,-1,-1,-1,0,-1,-1,-1,0,-1,1,-1,6,1,18,4,-1,-1,-1,-1,-1,-1,0,-1
2024501473608,2024,501473608,2,9,0,-1,4,7,3,-1,0,0,0,0,0,0,2,1,-1,9,1,29,6,-1,-1,-1,-1,5,E01019938,0,4
2024991475797,2024,991475797,1,9,0,-1,19,2,7,-1,0,0,0,0,0,0,1,2,-1,9,1,60,9,-1,-1,-1,-1,-1,-1,0,-1
2024010531899,2024,010531899,1,9,0,18,19,4,8,0,0,8,0,0,0,0,4,1,6,6,3,-1,-1,-1,-1,-1,-1,-1,-1,0,-1
2024332400633,2024,332400633,1,-1,0,-1,19,3,7,-1,0,0,0,0,0,0,1,1,-1,6,1,-1,-1,-1,-1,-1,-1,-1,-1,1,-1
2024501409911,2024,501409911,1,9,0,-1,19,5,4,-1,0,8,1,0,0,0,1,9,-1,6,2,-1,-1,-1,-1,-1,-1,-1,-1,0,-1
2024520401502,2024,520401502,1,9,0,17,19,5,1,0,0,0,2,0,7,0,1,1,6,6,2,22,5,-1,-1,-1,-1,10,E01029308,0,2
2024131493932,2024,131493932,2,1,0,-1,19,7,3,-1,0,0,0,0,0,0,1,1,-1,9,2,11,3,-1,-1,-1,-1,3,E01010825,0,1
2024010551658,2024,010551658,2,1,0,5,5,1,5,0,0,8,0,4,0,0,1,1,2,2,1,25,5,-1,-1,-1,-1,5,E01003449,0,1
2024111539486,2024,111539486,1,9,0,-1,19,6,2,-1,0,8,0,0,0,0,4,1,-1,9,1,23,5,-1,-1,-1,-1,2,E01020895,0,4
2024010534220,2024,010534220,1,1,9,18,19,6,2,2,2,9,9,99,9,99,1,1,2,2,3,49,8,-1,-1,-1,-1,10,E01030508,0,3
202460Q088213,2024,60Q088213,1,97,0,18,19,8,4,0,0,0,5,0,1,11,4,1,6,6,1,35,6,-1,-1,-1,-1,-1,-1,0,-1
2024010521954,2024,010521954,2,1,0,15,15,1,5,0,0,8,0,0,0,0,3,1,6,6,2,35,6,-1,-1,-1,-1,6,E01003952,0,1
2024010541747,2024,010541747,1,9,0,7,7,3,5,0,0,5,0,0,1,0,4,1,6,6,3,-1,-1,-1,-1,-1,-1,-1,-1,0,-1
2024201427256,2024,201427256,2,9,0,-1,5,3,2,-1,0,6,0,0,0,0,3,9,-1,6,3,-1,-1,-1,-1,-1,-1,-1,-1,0,-1
2024010500724,2024,010500724,1,3,0,13,13,1,5,0,0,0,0,0,0,0,1,1,2,2,1,26,6,-1,-1,-1,-1,3,E01002799,0,2
2024031501249,2024,031501249,2,19,0,-1,19,7,3,-1,0,0,0,0,0,0,1,1,-1,1,1,64,9,-1,-1,-1,-1,7,E01019323,0,4
2024311407301,2024,311407301,2,1,0,-1,9,7,3,-1,0,5,0,0,0,0,3,1,-1,9,1,57,9,-1,-1,-1,-1,2,E01026382,0,2
2024010528333,2024,010528333,2,-1,0,18,19,1,5,9,9,1,0,10,0,0,1,1,2,2,1,22,5,-1,-1,-1,-1,2,E01001828,1,1
2024101508475,2024,101508475,2,1,-1,-1,19,5,8,-1,0,1,0,0,0,0,2,1,-1,2,1,12,3,-1,-1,-1,-1,-1,-1,0,-1
2024070771123,2024,070771123,1,9,0,-1,19,3,7,-1,0,0,0,0,1,3,1,1,-1,6,1,22,5,-1,-1,-1,-1,5,E01018741,0,3
2024361513552,2024,361513552,1,1,0,-1,3,7,7,-1,0,1,0,0,0,0,2,1,-1,6,1,18,4,-1,-1,-1,-1,3,E01034769,0,1
2024430054904,2024,430054904,2,4,0,18,19,1,5,0,0,1,0,0,0,0,2,1,6,6,1,35,6,-1,-1,-1,-1,7,E01028501,0,4
2024010527338,2024,010527338,2,-1,0,17,19,5,4,0,0,8,0,0,0,0,2,1,2,2,1,22,5,-1,-1,-1,-1,3,E01001109,1,1
2024010487420,2024,010487420,2,2,0,18,19,3,7,0,0,8,0,0,0,0,1,1,6,6,1,25,5,-1,-1,-1,-1,2,E01003267,0,1
2024471489139,2024,471489139,2,9,0,-1,4,8,4,-1,0,4,0,0,0,0,1,9,-1,6,3,-1,-1,-1,-1,-1,-1,-1,-1,0,-1
2024010536072,2024,010536072,1,1,9,99,99,9,9,99,99,0,9,99,9,99,1,1,6,6,1,19,4,-1,-1,-1,-1,6,E01004049,0,1
2024991488760,2024,991488760,1,9,0,-1,19,8,4,-1,0,0,0,0,0,0,1,2,-1,9,1,30,6,-1,-1,-1,-1,-1,-1,0,-1
2024010542622,2024,010542622,2,1,0,18,19,5,1,0,0,0,5,0,0,0,4,1,6,6,1,26,6,-1,-1,-1,-1,6,E01001951,0,1
2024010538412,2024,010538412,2,3,0,3,3,1,5,0,0,1,0,0,0,0,2,1,6,6,1,52,8,-1,-1,-1,-1,6,E01000581,0,1
2024201523085,2024,201523085,1,9,0,-1,19,6,2,-1,0,1,0,0,0,0,3,9,-1,6,3,-1,-1,-1,-1,-1,-1,-1,-1,0,-1
2024451504527,2024,451504527,2,1,0,-1,14,1,5,-1,0,1,0,0,0,0,1,1,-1,2,1,73,10,-1,-1,-1,-1,9,E01030485,0,1
2024440165406,2024,440165406,2,1,0,18,19,3,7,0,0,8,0,0,0,0,3,1,6,6,1,69,10,-1,-1,-1,-1,10,E01022837,0,1
2024010489302,2024,010489302,1,1,9,99,99,9,9,99,99,9,9,99,9,99,1,1,2,2,1,21,5,-1,-1,-1,-1,7,E01004216,0,1
2024010534915,2024,010534915,1,19,0,18,19,1,5,0,0,8,0,0,0,0,1,1,6,6,3,-1,-1,-1,-1,-1,-1,-1,-1,0,-1
2024340NN2672,2024,340NN2672,1,9,0,-1,19,3,7,-1,0,1,0,0,0,0,3,1,-1,2,1,60,9,-1,-1,-1,-1,3,E01026984,0,1
2024320626813,2024,320626813,1,1,0,12,12,4,8,0,0,0,5,0,0,0,2,1,1,1,1,46,8,-1,-1,-1,-1,2,E01026175,0,1
2024041412623,2024,041412623,2,22,0,-1,19,6,2,-1,0,0,0,0,0,0,3,1,-1,9,2,62,9,-1,-1,-1,-1,2,E01033223,0,1
2024010539654,2024,010539654,1,1,9,99,99,9,9,99,99,1,9,99,9,99,9,1,6,6,2,32,6,-1,-1,-1,-1,5,E01003228,0,1
2024141403107,2024,141403107,2,9,0,-1,19,1,5,-1,0,0,0,0,0,0,1,1,-1,9,2,20,4,-1,-1,-1,-1,4,E01007611,0,1
2024010512269,2024,010512269,2,11,0,17,19,7,3,0,0,0,0,0,0,0,1,2,1,1,1,-1,-1,-1,-1,-1,-1,-1,-1,0,-1
2024302400710,2024,302400710,2,9,0,3,3,7,4,0,0,2,0,0,0,0,0,1,6,6,3,-1,-1,-1,-1,-1,-1,5,E01019456,0,4
2024010505340,2024,010505340,2,1,0,5,5,3,7,0,0,8,0,0,0,0,1,1,2,2,1,39,7,-1,-1,-1,-1,3,E01003299,0,3
2024481561456,2024,481561456,1,1,0,-1,19,3,7,-1,5,0,0,0,0,0,1,1,-1,2,1,21,5,-1,-1,-1,-1,-1,-1,0,-1
2024351457033,2024,351457033,1,9,5,-1,19,5,7,-1,0,0,0,0,0,0,1,1,-1,9,1,42,7,-1,-1,-1,-1,10,E01026305,0,1
2024552400396,2024,552400396,1,3,0,18,19,4,8,0,0,0,0,0,7,10,1,1,6,6,1,25,5,-1,-1,-1,-1,10,E01020395,0,2
2024061413775,2024,061413775,1,9,0,-1,19,1,5,-1,0,0,0,0,0,0,1,1,-1,2,1,45,7,-1,-1,-1,-1,2,E01033982,0,3
2024010535464,2024,010535464,1,9,0,7,7,1,3,0,0,8,0,0,0,0,1,1,6,6,1,64,9,-1,-1,-1,-1,9,E01004135,0,1
2024041423001,2024,041423001,3,9,0,-1,19,3,7,-1,0,0,0,0,0,0,2,1,-1,9,1,54,8,-1,-1,-1,-1,1,E01025006,0,4
2024221453979,2024,221453979,2,1,0,-1,19,4,8,-1,0,3,0,0,0,0,4,1,-1,6,1,47,8,-1,-1,-1,-1,3,E01014073,0,1
2024041536070,2024,041536070,1,-1,0,-1,5,3,7,-1,9,0,0,0,0,0,1,1,-1,9,1,78,11,-1,-1,-1,-1,4,E01025427,1,1
2024461398137,2024,461398137,1,9,0,-1,19,3,3,-1,0,0,0,0,8,7,3,9,-1,2,1,33,6,-1,-1,-1,-1,8,E01033088,0,2
2024131423055,2024,131423055,2,1,0,-1,19,7,3,-1,0,2,0,0,0,0,2,1,-1,6,1,58,9,-1,-1,-1,-1,6,E01011155,0,1
2024430039094,2024,430039094,1,9,0,18,19,3,7,0,0,0,0,0,0,0,4,1,6,6,3,-1,-1,-1,-1,-1,-1,-1,-1,0,-1
2024010547884,2024,010547884,2,9,0,99,99,9,9,99,99,9,9,99,9,99,1,9,6,6,3,-1,-1,-1,-1,-1,-1,2,E01001414,0,1
2024991506180,2024,991506180,3,9,0,-1,4,5,7,-1,0,1,0,0,0,0,1,1,-1,1,1,60,9,-1,-1,-1,-1,-1,-1,0,-1
2024531438979,2024,531438979,1,9,0,-1,9,4,2,-1,0,8,0,0,0,0,3,1,-1,2,2,47,8,-1,-1,-1,-1,6,E01022260,0,2
2024131536433,2024,131536433,2,9,0,-1,19,6,2,-1,0,8,0,0,0,0,1,1,-1,1,1,31,6,-1,-1,-1,-1,5,E01011178,0,2
2024461458266,2024,461458266,2,1,0,-1,19,5,1,-1,0,0,0,0,0,0,0,1,-1,6,1,19,4,-1,-1,-1,-1,6,E01024425,0,1
202417H105724,2024,17H105724,1,9,0,-1,4,6,2,-1,0,0,0,0,0,0,2,1,-1,9,1,69,10,-1,-1,-1,-1,9,E01011983,0,2
2024031481318,2024,031481318,1,9,0,-1,7,6,6,-1,0,1,0,0,0,0,1,9,-1,6,1,60,9,-1,-1,-1,-1,-1,-1,0,-1
2024501448430,2024,501448430,1,9,0,-1,3,6,2,-1,0,0,0,0,0,0,2,1,-1,9,1,60,9,-1,-1,-1,-1,2,E01009757,0,5
2024010529464,2024,010529464,2,1,0,18,19,4,8,0,0,8,0,0,0,0,3,1,2,2,1,52,8,-1,-1,-1,-1,6,E01002801,0,1
2024161422235,2024,161422235,3,1,0,-1,19,4,8,-1,0,1,1,4,0,0,1,1,-1,6,2,29,6,-1,-1,-1,-1,3,E01013164,0,1
2024141494826,2024,141494826,1,9,0,-1,19,6,2,-1,0,1,0,0,0,0,1,9,-1,1,2,21,5,-1,-1,-1,-1,2,E01005163,0,4
2024010506188,2024,010506188,2,1,9,99,99,9,9,99,99,9,9,99,9,99,2,1,6,6,3,-1,-1,-1,-1,-1,-1,-1,-1,0,-1
2024461506877,2024,461506877,1,1,0,-1,19,2,4,-1,0,0,0,0,0,0,1,1,-1,6,1,16,4,-1,-1,-1,-1,6,E01024540,0,1
2024061423715,2024,061423715,1,9,0,-1,19,-1,-1,-1,0,0,0,0,0,0,4,1,-1,2,2,34,6,-1,-1,-1,-1,6,E01005623,0,1
2024451453196,2024,451453196,1,9,0,-1,19,1,5,-1,0,0,2,0,0,0,1,1,-1,9,2,77,11,-1,-1,-1,-1,7,E01030872,0,2
2024440520877,2024,440520877,1,9,0,9,9,6,4,0,0,6,0,0,0,0,3,1,6,6,1,53,8,-1,-1,-1,-1,10,E01023211,0,2
2024430092510,2024,430092510,1,9,0,18,19,5,1,0,0,0,0,0,0,0,1,1,6,6,1,-1,-1,-1,-1,-1,-1,-1,-1,0,-1
2024552400630,2024,552400630,1,9,0,7,7,2,4,0,0,5,0,0,0,0,3,1,6,6,3,-1,-1,-1,-1,-1,-1,-1,-1,0,-1
2024461513909,2024,461513909,1,11,0,-1,12,7,3,-1,0,0,0,0,0,0,2,9,-1,6,1,-1,-1,-1,-1,-1,-1,-1,-1,0,-1
2024010540360,2024,010540360,1,1,9,99,99,9,9,99,99,9,9,99,9,99,9,1,2,2,2,39,7,-1,-1,-1,-1,10,E01003423,0,1
2024451431184,2024,451431184,2,9,0,-1,19,1,3,-1,0,8,0,0,0,0,2,9,-1,6,3,30,6,-1,-1,-1,-1,-1,-1,0,-1
2024010522939,2024,010522939,1,1,0,18,19,7,3,5,5,0,0,0,0,0,1,1,6,6,2,19,4,-1,-1,-1,-1,4,E01002858,0,1
2024010489725,2024,010489725,2,1,0,9,9,4,1,0,0,1,0,0,0,0,3,1,6,6,1,37,7,-1,-1,-1,-1,3,E01004203,0,1
2024010488432,2024,010488432,2,9,0,18,19,7,3,0,0,8,0,0,0,0,1,1,2,2,2,23,5,-1,-1,-1,-1,3,E01034191,0,1
2024421502718,2024,421502718,1,1,0,-1,19,3,7,-1,0,8,0,0,0,0,4,1,-1,1,1,54,8,-1,-1,-1,-1,2,E01015840,0,1
2024211512815,2024,211512815,1,9,0,-1,19,1,4,-1,0,0,0,0,0,0,1,1,-1,6,1,46,8,-1,-1,-1,-1,2,E01014279,0,1
2024522401605,2024,522401605,2,9,0,18,19,4,7,0,0,8,0,0,0,0,1,1,6,6,1,-1,-1,-1,-1,-1,-1,2,E01035215,0,1
2024320363656,2024,320363656,1,9,0,-1,-1,4,8,0,0,0,0,0,0,0,1,1,-1,-1,2,42,7,-1,-1,-1,-1,6,E01026047,0,4
2024471515977,2024,471515977,1,1,0,-1,19,1,3,-1,0,1,9,0,1,0,3,1,-1,9,2,33,6,-1,-1,-1,-1,5,E01016991,0,1
2024010492788,2024,010492788,1,1,9,99,99,9,9,99,99,9,9,99,9,99,1,1,6,6,1,20,4,-1,-1,-1,-1,2,E01000374,0,1
2024548829624,2024,548829624,1,9,0,9,9,4,2,0,0,5,0,0,0,0,4,1,6,6,1,66,10,-1,-1,-1,-1,7,E01032015,0,1
2024010489235,2024,010489235,1,9,0,99,99,9,9,99,99,9,9,99,9,99,9,9,2,2,1,41,7,-1,-1,-1,-1,5,E01000417,0,2
2024010536236,2024,010536236,2,9,0,99,99,9,9,99,99,9,9,99,9,99,1,9,6,6,3,-1,-1,-1,-1,-1,-1,-1,-1,0,-1
2024991471030,2024,991471030,2,9,0,-1,19,4,8,-1,0,8,0,0,0,0,1,1,-1,9,2,33,6,-1,-1,-1,-1,4,-1,0,2
2024131489706,2024,131489706,2,1,0,-1,19,3,7,-1,4,1,0,0,0,0,1,1,-1,6,2,31,6,-1,-1,-1,-1,7,E01011351,0,1
2024010488443,2024,010488443,2,9,9,99,99,9,9,99,99,9,9,99,9,99,9,9,6,6,3,-1,-1,-1,-1,-1,-1,-1,-1,0,-1
2024221433488,2024,221433488,1,4,0,-1,13,4,8,-1,0,8,0,0,0,0,1,1,-1,6,1,19,4,-1,-1,-1,-1,-1,-1,0,-1
2024531501166,2024,531501166,1,9,0,-1,19,7,3,-1,0,0,0,0,0,0,1,1,-1,6,2,31,6,-1,-1,-1,-1,6,E01022263,0,2
2024451467906,2024,451467906,2,1,0,-1,19,1,4,-1,0,0,0,0,0,0,1,1,-1,6,1,13,3,-1,-1,-1,-1,7,E01030755,0,1
2024371484489,2024,371484489,1,9,0,-1,19,8,2,-1,0,8,0,0,0,0,3,1,-1,9,1,18,4,-1,-1,-1,-1,9,E01033445,0,1
2024010488978,2024,010488978,2,9,0,10,10,5,2,0,0,1,0,0,0,0,3,1,6,6,1,41,7,-1,-1,-1,-1,6,E01002182,0,1
2024520001646,2024,520001646,1,1,0,18,19,2,6,0,0,0,0,0,0,0,1,1,6,6,1,50,8,-1,-1,-1,-1,10,E01014411,0,1
2024430505484,2024,430505484,1,9,0,18,19,1,5,0,0,8,0,0,0,0,1,1,6,6,1,-1,-1,-1,-1,-1,-1,-1,-1,0,-1
2024371467878,2024,371467878,3,9,0,-1,19,7,3,-1,0,0,0,0,0,0,0,1,-1,1,1,47,8,-1,-1,-1,-1,2,E01030031,0,1
2024430456712,2024,430456712,1,9,0,18,19,1,5,0,0,0,0,0,0,0,4,1,6,6,3,-1,-1,-1,-1,-1,-1,-1,-1,0,-1
2024501407842,2024,501407842,2,1,0,-1,19,7,3,-1,5,0,0,0,0,0,1,1,-1,6,1,55,8,-1,-1,-1,-1,5,E01020030,0,1
2024010491583,2024,010491583,1,9,9,99,99,9,9,99,99,9,9,99,9,99,9,9,6,6,3,-1,-1,-1,-1,-1,-1,-1,-1,0,-1
2024311502520,2024,311502520,1,1,0,-1,19,2,6,-1,1,0,0,0,0,0,0,1,-1,9,1,54,8,-1,-1,-1,-1,3,E01027927,0,2
2024501517955,2024,501517955,1,11,0,-1,19,8,4,-1,0,2,0,0,0,0,4,1,-1,1,1,40,7,-1,-1,-1,-1,7,E01018789,0,4
2024302401180,2024,302401180,3,9,0,18,19,1,5,0,0,0,0,0,0,0,1,1,6,6,1,71,10,-1,-1,-1,-1,9,E01025211,0,4
2024311473058,2024,311473058,1,1,0,-1,9,3,7,-1,0,8,1,0,0,0,2,1,-1,9,1,53,8,-1,-1,-1,-1,-1,-1,0,-1
2024440371852,2024,440371852,2,9,0,16,19,3,7,0,0,0,0,0,0,0,1,1,2,2,1,29,6,-1,-1,-1,-1,3,E01032738,0,1
2024361518592,2024,361518592,1,9,0,-1,4,7,3,-1,0,0,1,0,0,0,1,1,-1,1,1,29,6,-1,-1,-1,-1,5,E01026770,0,3
2024340WN5492,2024,340WN5492,1,9,0,-1,19,3,7,-1,0,2,0,0,0,0,1,1,-1,9,1,47,8,-1,-1,-1,-1,5,E01027136,0,1
2024010493325,2024,010493325,3,9,0,2,2,0,0,0,0,1,0,0,0,0,3,1,6,6,3,-1,-1,-1,-1,-1,-1,-1,-1,0,-1
2024421509590,2024,421509590,2,19,0,-1,3,7,3,-1,0,1,0,0,0,0,3,1,-1,6,1,52,8,-1,-1,-1,-1,7,E01021361,0,2
2024010503026,2024,010503026,1,1,0,18,19,3,7,1,1,8,0,0,0,0,1,1,2,2,1,49,8,-1,-1,-1,-1,6,E01035702,0,1
2024440345305,2024,440345305,1,1,0,18,19,6,2,0,0,0,0,0,0,0,0,1,6,6,2,58,9,-1,-1,-1,-1,7,E01022628,0,1
2024501494953,2024,501494953,1,21,1,-1,19,5,1,-1,0,0,0,0,0,0,9,1,-1,6,3,-1,-1,-1,-1,-1,-1,-1,-1,0,-1
2024010498601,2024,010498601,1,1,9,99,99,9,9,99,99,9,9,99,9,99,9,1,2,2,2,31,6,-1,-1,-1,-1,4,E01004342,0,1
2024991525672,2024,991525672,1,9,0,-1,11,5,1,-1,0,0,0,0,0,0,1,1,-1,6,1,23,5,-1,-1,-1,-1,7,-1,0,1
2024010530703,2024,010530703,1,9,9,99,99,9,9,99,99,9,9,99,9,99,9,9,6,6,3,-1,-1,-1,-1,-1,-1,-1,-1,0,-1
2024010529179,2024,010529179,2,1,9,99,99,9,9,99,99,0,9,99,9,99,9,1,6,6,1,-1,-1,-1,-1,-1,-1,4,E01001153,0,3
2024302400092,2024,302400092,2,9,0,18,19,4,8,0,0,0,0,0,0,0,1,1,6,6,1,24,5,-1,-1,-1,-1,8,E01025926,0,3
2024010545947,2024,010545947,1,1,9,99,99,9,9,99,99,1,9,12,9,99,9,1,2,2,3,29,6,-1,-1,-1,-1,8,E01004051,0,1
2024440051340,2024,440051340,1,9,0,9,9,8,4,0,0,6,0,0,0,0,0,1,6,6,1,48,8,-1,-1,-1,-1,10,E01017062,0,4
2024501445601,2024,501445601,1,9,0,-1,15,7,3,-1,0,0,0,0,0,0,1,1,-1,6,1,33,6,-1,-1,-1,-1,5,E01018967,0,4
2024471415576,2024,471415576,2,9,0,-1,19,3,8,-1,0,1,1,0,0,0,1,1,-1,1,1,64,9,-1,-1,-1,-1,6,E01031712,0,2
2024010497301,2024,010497301,2,3,0,99,99,9,9,99,99,9,9,99,9,99,9,1,6,6,3,-1,-1,-1,-1,-1,-1,-1,-1,0,-1
2024031438004,2024,031438004,2,1,0,-1,19,4,5,-1,0,1,0,0,0,0,1,1,-1,6,1,32,6,-1,-1,-1,-1,2,E01019234,0,1
2024461487052,2024,461487052,1,9,0,-1,-1,-1,-1,-1,-1,0,-1,-1,-1,0,-1,9,-1,6,3,-1,-1,-1,-1,-1,-1,-1,-1,0,-1
2024480537342,2024,480537342,1,1,0,18,19,1,5,5,5,1,2,0,0,0,1,1,2,2,1,33,6,-1,-1,-1,-1,4,E01022579,0,4
2024111460786,2024,111460786,2,9,0,-1,19,3,7,-1,0,1,0,0,0,0,3,1,-1,2,2,57,9,-1,-1,-1,-1,3,E01012306,0,1
2024141555826,2024,141555826,1,9,0,-1,19,7,3,-1,0,0,1,0,1,2,4,9,-1,6,2,80,11,-1,-1,-1,-1,7,E01007616,0,3
2024010504871,2024,010504871,2,1,0,18,19,5,1,0,0,0,0,0,0,0,2,1,6,6,1,25,5,-1,-1,-1,-1,4,E01001087,0,1
2024010511809,2024,010511809,2,90,0,99,99,9,9,99,99,9,9,99,9,99,9,9,6,6,3,-1,-1,-1,-1,-1,-1,-1,-1,0,-1
2024440514653,2024,440514653,2,19,0,18,19,3,7,0,0,2,0,0,0,0,1,1,6,6,3,-1,-1,-1,-1,-1,-1,-1,-1,0,-1
2024451447971,2024,451447971,3,9,0,-1,2,2,6,-1,0,0,0,0,0,0,2,1,-1,6,-1,-1,-1,-1,-1,-1,-1,-1,-1,0,-1
2024501412520,2024,501412520,2,9,0,-1,3,4,7,-1,0,0,0,0,0,0,2,1,-1,1,1,31,6,-1,-1,-1,-1,-1,-1,0,-1
2024991472478,2024,991472478,1,9,0,-1,19,6,2,-1,0,1,0,11,0,0,4,1,-1,6,3,30,6,-1,-1,-1,-1,-1,-1,0,-1
2024061412485,2024,061412485,1,9,0,-1,19,7,3,-1,0,8,0,0,0,0,1,9,-1,6,-1,40,7,-1,-1,-1,-1,-1,-1,0,-1
2024201448373,2024,201448373,2,9,0,-1,19,7,3,-1,0,0,0,0,0,0,2,9,-1,6,3,-1,-1,-1,-1,-1,-1,-1,-1,0,-1
2024052401887,2024,052401887,1,9,0,2,2,0,0,0,0,0,0,0,0,0,3,1,6,6,2,36,7,-1,-1,-1,-1,2,E01006953,0,1
2024010494404,2024,010494404,2,9,0,99,99,9,9,99,99,0,9,99,9,99,9,9,6,6,3,-1,-1,-1,-1,-1,-1,-1,-1,0,-1
2024548430324,2024,548430324,2,8,0,18,19,7,3,0,0,0,0,0,0,0,3,1,1,1,1,50,8,-1,-1,-1,-1,3,E01030115,0,5
2024010531786,2024,010531786,1,90,0,99,99,9,9,99,99,9,9,99,9,99,1,9,6,6,3,-1,-1,-1,-1,-1,-1,-1,-1,0,-1
2024522402072,2024,522402072,1,1,0,18,19,1,5,0,0,8,0,0,0,0,1,1,6,6,1,42,7,-1,-1,-1,-1,5,E01035225,0,2
2024461506758,2024,461506758,2,1,0,-1,19,3,7,-1,0,1,1,0,1,0,3,1,-1,6,1,-1,-1,-1,-1,-1,-1,-1,-1,0,-1
2024010531865,2024,010531865,2,9,0,16,19,4,8,0,0,1,0,4,0,0,1,1,6,6,3,-1,-1,-1,-1,-1,-1,-1,-1,0,-1
2024041416034,2024,041416034,3,9,0,-1,19,3,7,-1,0,0,0,0,0,0,2,1,-1,6,1,56,9,-1,-1,-1,-1,6,E01024860,0,4
2024010515180,2024,010515180,2,1,0,15,15,5,1,0,0,5,0,0,0,0,1,1,1,1,1,28,6,-1,-1,-1,-1,3,E01003924,0,1
2024471467488,2024,471467488,1,9,0,-1,19,8,4,-1,0,0,5,0,6,0,3,1,-1,6,1,20,4,-1,-1,-1,-1,7,E01035328,0,3
2024201527028,2024,201527028,1,9,0,-1,19,2,6,-1,0,1,0,0,0,0,1,1,-1,6,1,18,4,-1,-1,-1,-1,8,E01009812,0,1
2024010508561,2024,010508561,1,1,9,18,19,1,5,99,99,0,9,99,9,99,9,1,6,6,3,24,5,-1,-1,-1,-1,-1,-1,0,-1
2024010518422,2024,010518422,1,1,9,99,99,9,9,99,99,9,9,8,9,99,1,1,1,1,2,30,6,-1,-1,-1,-1,4,E01002047,0,2
2024010507211,2024,010507211,1,1,9,99,99,9,9,99,99,9,9,99,9,99,1,1,2,2,1,43,7,-1,-1,-1,-1,5,E01003116,0,2
2024070683733,2024,070683733,2,1,0,18,19,1,5,0,0,1,0,0,0,0,1,1,1,1,2,51,8,-1,-1,-1,-1,1,E01035368,0,1
2024111402389,2024,111402389,1,9,0,-1,1,7,3,-1,0,0,0,0,0,0,2,1,-1,1,1,35,6,-1,-1,-1,-1,9,E01012200,0,3
2024991431376,2024,991431376,2,9,0,-1,19,3,7,-1,0,0,0,0,0,0,1,1,-1,1,1,57,9,-1,-1,-1,-1,6,-1,0,2
2024131399230,2024,131399230,1,9,0,-1,9,5,1,-1,0,0,0,0,0,0,1,1,-1,6,1,28,6,-1,-1,-1,-1,7,E01011013,0,1
2024111437391,2024,111437391,1,9,0,-1,1,3,5,-1,0,1,0,0,0,0,2,2,-1,6,3,30,6,-1,-1,-1,-1,-1,-1,0,-1
202454B125124,2024,54B125124,1,9,0,4,4,3,7,0,0,0,0,0,0,0,2,1,1,1,1,28,6,-1,-1,-1,-1,-1,-1,0,-1
2024061411977,2024,061411977,1,9,0,-1,13,6,8,-1,0,0,1,0,4,1,1,1,-1,2,1,46,8,-1,-1,-1,-1,-1,-1,0,-1
2024101498987,2024,101498987,1,1,0,-1,19,6,1,-1,9,8,0,0,8,0,3,1,-1,6,1,28,6,-1,-1,-1,-1,1,E01027426,0,1
2024991445098,2024,991445098,2,1,0,-1,9,4,1,-1,0,4,0,0,0,0,3,1,-1,9,1,69,10,-1,-1,-1,-1,9,-1,0,1
2024531451506,2024,531451506,2,1,0,-1,19,3,7,-1,5,1,0,0,0,0,1,1,-1,2,2,32,6,-1,-1,-1,-1,7,E01022127,0,1
2024320419374,2024,320419374,1,9,0,9,9,6,4,0,0,6,0,0,0,0,4,1,6,6,2,39,7,-1,-1,-1,-1,4,E01028252,0,5
2024010495574,2024,010495574,1,9,0,18,19,3,7,0,0,0,1,0,0,0,4,1,6,6,3,-1,-1,-1,-1,-1,-1,-1,-1,0,-1
2024991427338,2024,991427338,2,1,0,-1,19,4,8,-1,0,0,0,0,0,0,3,1,-1,6,1,19,4,-1,-1,-1,-1,5,-1,0,1
2024010519263,2024,010519263,2,19,0,99,99,9,9,99,99,9,9,99,9,99,9,9,6,6,3,-1,-1,-1,-1,-1,-1,-1,-1,0,-1