collision_index,collision_year,collision_ref_no,vehicle_reference,vehicle_type,towing_and_articulation,vehicle_manoeuvre_historic,vehicle_manoeuvre,vehicle_direction_from,vehicle_direction_to,vehicle_location_restricted_lane_historic,vehicle_location_restricted_lane,junction_location,skidding_and_overturning,hit_object_in_carriageway,vehicle_leaving_carriageway,hit_object_off_carriageway,first_point_of_impact,vehicle_left_hand_drive,journey_purpose_of_driver_historic,journey_purpose_of_driver,sex_of_driver,age_of_driver,age_band_of_driver,engine_capacity_cc,propulsion_code,age_of_vehicle,generic_make_model,driver_imd_decile,lsoa_of_driver,escooter_flag,driver_distance_banding
2024461422292,2024,461422292,2,22,0,-1,19,1,5,-1,0,0,0,0,0,0,-1,1,-1,6,2,50,8,-1,-1,-1,-1,1,E01024649,0,1
2024141500688,2024,141500688,1,-1,0,-1,19,4,3,-1,0,1,0,0,0,0,1,1,-1,7,1,41,7,-1,-1,-1,-1,1,E01034238,1,1
2024010531845,2024,010531845,1,9,0,99,99,9,9,99,99,9,9,99,9,99,9,9,6,6,3,-1,-1,-1,-1,-1,-1,-1,-1,0,-1
2024451460431,2024,451460431,2,1,0,-1,19,7,3,-1,0,8,1,0,0,0,9,1,-1,6,1,75,10,-1,-1,-1,-1,9,E01030625,0,1
2024631516889,2024,631516889,1,9,0,-1,19,8,4,-1,0,0,0,4,0,0,3,1,-1,6,3,-1,-1,-1,-1,-1,-1,-1,-1,0,-1
2024201526020,2024,201526020,2,1,0,-1,19,2,6,-1,0,0,0,0,0,0,1,1,-1,6,2,23,5,-1,-1,-1,-1,-1,-1,0,-1
2024430563589,2024,430563589,1,1,0,18,19,1,5,0,0,8,0,0,0,0,4,1,2,2,1,61,9,-1,-1,-1,-1,4,E01016705,0,1
2024401485357,2024,401485357,2,9,0,-1,-1,-1,-1,-1,-1,0,-1,-1,-1,0,-1,9,-1,6,1,21,5,-1,-1,-1,-1,2,E01015772,0,1
2024231417722,2024,231417722,2,9,0,-1,4,5,1,-1,0,0,0,0,0,0,2,1,-1,6,2,60,9,-1,-1,-1,-1,3,E01032236,0,4
2024522500231,2024,522500231,1,19,0,7,7,7,1,0,0,5,0,0,0,0,4,1,6,6,3,-1,-1,-1,-1,-1,-1,-1,-1,0,-1
2024010527675,2024,010527675,2,9,0,13,13,1,5,2,2,1,0,0,0,0,3,1,6,6,3,-1,-1,-1,-1,-1,-1,-1,-1,0,-1
2024161463141,2024,161463141,1,1,0,-1,19,4,8,-1,4,0,5,0,0,0,2,1,-1,6,1,12,3,-1,-1,-1,-1,-1,-1,0,-1
2024430022383,2024,430022383,1,9,0,17,19,2,8,0,0,8,1,0,7,9,1,1,6,6,1,17,4,-1,-1,-1,-1,8,E01000680,0,4
2024340WN1412,2024,340WN1412,2,9,0,-1,9,8,6,-1,0,6,0,0,0,0,1,1,-1,9,2,70,10,-1,-1,-1,-1,6,E01027182,0,1
2024010513843,2024,010513843,2,9,0,99,99,9,9,99,99,9,9,99,9,99,9,9,6,6,3,-1,-1,-1,-1,-1,-1,-1,-1,0,-1
2024520402778,2024,520402778,2,9,0,18,19,5,1,0,0,8,0,0,0,0,1,1,6,6,2,48,8,-1,-1,-1,-1,5,E01029108,0,1
2024430217542,2024,430217542,1,9,0,18,19,6,2,0,0,0,0,0,7,0,3,1,6,6,1,44,7,-1,-1,-1,-1,6,E01017674,0,2
2024340WN1892,2024,340WN1892,1,2,0,-1,9,4,2,-1,0,6,0,0,0,0,1,1,-1,6,1,19,4,-1,-1,-1,-1,7,E01027172,0,1
2024302401741,2024,302401741,2,9,0,-1,19,2,5,-1,0,2,0,0,0,0,1,1,-1,6,2,28,6,-1,-1,-1,-1,4,E01019807,0,1
2024440152367,2024,440152367,1,11,0,4,4,5,1,0,0,0,0,0,0,0,0,1,1,1,1,-1,-1,-1,-1,-1,-1,-1,-1,0,-1
2024411455253,2024,411455253,1,9,-1,-1,19,7,3,-1,0,8,0,0,0,0,3,9,-1,6,3,-1,-1,-1,-1,-1,-1,-1,-1,0,-1
2024010512014,2024,010512014,2,1,0,18,19,1,5,0,0,1,0,0,0,0,1,1,6,6,1,29,6,-1,-1,-1,-1,4,E01004462,0,1
2024010496470,2024,010496470,1,3,0,18,19,8,4,2,2,1,1,0,0,0,4,1,6,6,2,33,6,-1,-1,-1,-1,5,E01001974,0,2
2024061407438,2024,061407438,1,1,0,-1,19,7,3,-1,0,8,0,0,0,0,1,1,-1,6,1,35,6,-1,-1,-1,-1,-1,-1,0,-1
202454B882024,2024,54B882024,1,9,0,18,19,2,6,0,0,1,0,0,0,0,1,1,6,6,3,-1,-1,-1,-1,-1,-1,-1,-1,0,-1
202460Q021006,2024,60Q021006,1,9,0,18,19,2,6,0,0,4,0,10,4,6,4,1,6,6,1,27,6,-1,-1,-1,-1,-1,-1,0,-1
2024221427793,2024,221427793,2,1,0,-1,19,5,1,-1,0,8,0,0,0,0,4,1,-1,6,1,21,5,-1,-1,-1,-1,8,E01032329,0,1
2024131467309,2024,131467309,1,9,0,-1,9,1,7,-1,0,8,0,0,0,0,1,1,-1,6,3,-1,-1,-1,-1,-1,-1,-1,-1,0,-1
2024010527985,2024,010527985,2,1,9,99,99,9,9,99,99,9,9,99,9,99,1,1,1,1,1,22,5,-1,-1,-1,-1,3,E01001440,0,1
2024010524776,2024,010524776,2,1,0,18,19,5,1,0,0,0,0,0,0,0,2,1,6,6,1,25,5,-1,-1,-1,-1,8,E01000665,0,2
2024111475993,2024,111475993,1,1,0,-1,19,6,2,-1,0,0,1,0,0,0,1,1,-1,6,3,30,6,-1,-1,-1,-1,-1,-1,0,-1
2024471400540,2024,471400540,2,9,0,-1,19,7,3,-1,0,1,0,0,0,0,1,1,-1,1,1,40,7,-1,-1,-1,-1,4,E01020951,0,1
2024010522281,2024,010522281,2,1,0,18,19,1,5,0,0,8,0,0,0,0,1,1,6,6,1,23,5,-1,-1,-1,-1,3,E01004010,0,1
2024991491810,2024,991491810,1,90,0,-1,19,1,5,-1,0,0,0,0,0,0,1,2,-1,9,1,68,10,-1,-1,-1,-1,-1,-1,0,-1
2024430097532,2024,430097532,1,9,0,5,5,6,2,0,0,4,0,0,0,0,1,1,6,6,2,27,6,-1,-1,-1,-1,-1,-1,0,-1
2024122401000,2024,122401000,2,1,0,7,7,6,8,0,0,8,1,0,0,0,3,1,6,6,1,51,8,-1,-1,-1,-1,6,E01027769,0,1
2024010507263,2024,010507263,2,9,9,99,99,9,9,99,99,0,9,99,9,99,9,9,6,6,3,-1,-1,-1,-1,-1,-1,-1,-1,0,-1
2024302400021,2024,302400021,1,9,0,9,9,6,3,0,0,1,0,0,0,0,1,2,6,6,1,51,8,-1,-1,-1,-1,8,E01019755,0,1
2024010489720,2024,010489720,1,19,0,18,19,8,4,0,0,2,0,0,0,0,1,1,1,1,1,75,10,-1,-1,-1,-1,2,E01000868,0,2
2024010492658,2024,010492658,1,9,0,99,99,9,9,99,99,9,9,99,9,99,2,9,2,2,1,45,7,-1,-1,-1,-1,4,E01002447,0,1
2024061464050,2024,061464050,1,9,0,-1,4,6,2,-1,0,1,0,0,0,0,1,1,-1,6,2,53,8,-1,-1,-1,-1,3,E01006246,0,2
2024471453484,2024,471453484,2,9,0,-1,19,7,3,-1,0,0,0,0,0,0,2,1,-1,1,1,27,6,-1,-1,-1,-1,8,E01020948,0,4
2024010544184,2024,010544184,1,11,9,99,99,9,9,99,99,9,9,99,9,99,9,1,6,6,3,-1,-1,-1,-1,-1,-1,-1,-1,0,-1
2024311447194,2024,311447194,1,9,0,-1,9,1,7,-1,0,7,0,0,0,0,3,1,-1,1,2,29,6,-1,-1,-1,-1,6,E01028037,0,1
2024520002559,2024,520002559,1,9,0,9,9,2,8,0,0,8,0,0,0,0,3,1,6,6,1,55,8,-1,-1,-1,-1,7,E01014375,0,2
2024522401643,2024,522401643,1,1,0,17,19,1,6,0,0,8,0,0,0,0,1,1,2,2,2,36,7,-1,-1,-1,-1,-1,-1,0,-1
2024451494974,2024,451494974,5,9,0,-1,19,2,6,-1,0,0,0,0,0,0,1,1,-1,6,-1,32,6,-1,-1,-1,-1,-1,-1,0,-1
2024010490476,2024,010490476,1,3,0,99,99,9,9,99,99,9,9,99,9,99,9,1,1,1,1,20,4,-1,-1,-1,-1,2,E01001433,0,2
2024041518206,2024,041518206,1,9,0,-1,19,1,5,-1,0,0,0,2,0,0,-1,9,-1,6,3,-1,-1,-1,-1,-1,-1,-1,-1,0,-1
2024010532890,2024,010532890,2,1,9,99,99,9,9,0,0,0,9,99,9,99,9,1,6,6,1,19,4,-1,-1,-1,-1,2,E01002564,0,1
2024010524963,2024,010524963,1,1,9,99,99,9,9,99,99,9,9,8,9,99,9,1,2,2,2,31,6,-1,-1,-1,-1,4,E01001724,0,2
2024311402067,2024,311402067,2,1,0,-1,19,2,6,-1,0,8,0,0,0,0,1,1,-1,2,2,44,7,-1,-1,-1,-1,9,E01028355,0,1
2024010508382,2024,010508382,2,1,0,18,19,1,5,0,0,6,0,0,0,0,1,1,6,6,2,19,4,-1,-1,-1,-1,2,E01000525,0,1
2024340WN2762,2024,340WN2762,1,1,0,-1,19,3,7,-1,0,0,0,0,0,0,1,1,-1,6,1,5,1,-1,-1,-1,-1,4,E01032981,0,1
2024430004310,2024,430004310,2,9,0,7,7,5,3,0,0,5,0,0,0,0,1,1,6,6,3,-1,-1,-1,-1,-1,-1,-1,-1,0,-1
2024430207843,2024,430207843,1,1,0,18,19,3,7,0,0,2,0,0,0,0,1,1,2,2,1,16,4,-1,-1,-1,-1,5,E01016357,0,1
2024010515627,2024,010515627,2,1,0,15,15,3,7,0,0,1,0,0,0,0,2,1,4,7,1,13,3,-1,-1,-1,-1,-1,-1,0,-1
2024351559229,2024,351559229,2,9,0,-1,9,3,1,-1,0,8,0,0,0,0,4,1,-1,6,-1,35,6,-1,-1,-1,-1,-1,-1,0,-1
2024052401801,2024,052401801,2,1,0,5,5,7,3,0,0,0,0,0,0,0,1,1,6,6,1,11,3,-1,-1,-1,-1,3,E01006619,0,1
2024010499958,2024,010499958,1,1,9,99,99,9,9,99,99,9,9,99,9,99,9,1,2,2,1,53,8,-1,-1,-1,-1,10,E01002934,0,1
2024991548099,2024,991548099,2,9,0,-1,19,1,6,-1,0,1,0,4,0,0,1,1,-1,9,1,49,8,-1,-1,-1,-1,3,-1,0,1
2024010492417,2024,010492417,1,3,0,99,99,9,9,99,99,9,9,99,9,99,9,1,1,1,1,27,6,-1,-1,-1,-1,5,E01000606,0,2
2024010514040,2024,010514040,1,1,9,99,99,9,9,99,99,6,9,99,9,99,9,1,6,6,3,21,5,-1,-1,-1,-1,4,E01004028,0,1
2024522500027,2024,522500027,1,22,0,1,1,5,1,9,9,1,0,0,0,0,2,1,6,6,3,-1,-1,-1,-1,-1,-1,-1,-1,0,-1
2024052400480,2024,052400480,1,9,0,18,19,1,5,0,0,1,0,0,0,0,1,1,6,6,3,-1,-1,-1,-1,-1,-1,-1,-1,0,-1
2024991395453,2024,991395453,2,19,0,-1,19,8,4,-1,0,1,0,0,0,0,1,1,-1,1,1,54,8,-1,-1,-1,-1,3,-1,0,4
2024311517102,2024,311517102,2,1,0,-1,19,5,1,-1,9,1,1,0,0,0,1,1,-1,9,1,12,3,-1,-1,-1,-1,2,E01028271,0,1
2024471478160,2024,471478160,1,1,0,-1,19,6,2,-1,4,8,0,0,0,0,0,1,-1,2,2,27,6,-1,-1,-1,-1,6,E01016971,0,1
2024320703802,2024,320703802,1,9,0,9,9,8,6,0,0,6,0,0,0,0,1,1,6,6,3,-1,-1,-1,-1,-1,-1,-1,-1,0,-1
2024141493301,2024,141493301,2,9,0,-1,19,-1,-1,-1,0,8,0,0,0,0,1,9,-1,6,3,-1,-1,-1,-1,-1,-1,-1,-1,0,-1
2024471482333,2024,471482333,2,1,0,-1,19,1,5,-1,0,0,0,0,0,0,4,1,-1,6,1,37,7,-1,-1,-1,-1,5,E01030579,0,1
2024061491836,2024,061491836,1,1,0,-1,19,-1,-1,-1,0,8,0,0,0,0,4,1,-1,2,1,37,7,-1,-1,-1,-1,1,E01034134,0,1
2024010502977,2024,010502977,2,-1,0,16,19,7,3,0,0,8,0,0,0,0,1,1,6,6,1,16,4,-1,-1,-1,-1,4,E01004228,1,1
2024010542797,2024,010542797,2,9,0,99,99,9,9,99,99,9,9,99,9,99,9,9,6,6,3,-1,-1,-1,-1,-1,-1,-1,-1,0,-1
2024351521546,2024,351521546,2,9,0,-1,2,0,0,-1,0,0,0,0,0,0,3,1,-1,6,3,-1,-1,-1,-1,-1,-1,-1,-1,0,-1
2024440336569,2024,440336569,2,1,0,18,19,3,7,0,0,8,0,0,0,0,3,1,2,2,1,52,8,-1,-1,-1,-1,9,E01030761,0,3
2024010504431,2024,010504431,2,9,0,99,99,9,9,99,99,9,9,99,9,99,2,9,6,6,3,-1,-1,-1,-1,-1,-1,-1,-1,0,-1
2024461404795,2024,461404795,2,1,0,-1,7,5,1,-1,0,3,0,0,0,0,4,1,-1,9,1,67,10,-1,-1,-1,-1,10,E01024056,0,2
2024010527203,2024,010527203,1,1,9,99,99,9,9,99,99,9,9,99,9,99,9,1,2,2,1,47,8,-1,-1,-1,-1,4,E01003637,0,1
2024101449709,2024,101449709,2,9,0,-1,3,5,5,-1,0,8,0,0,0,0,1,1,-1,6,3,30,6,-1,-1,-1,-1,-1,-1,0,-1
2024340WN3482,2024,340WN3482,2,9,0,-1,19,3,7,-1,0,3,0,0,0,0,4,1,-1,9,2,30,6,-1,-1,-1,-1,-1,-1,0,-1
2024461432059,2024,461432059,1,9,0,-1,5,-1,-1,-1,0,3,0,0,0,0,3,9,-1,6,1,70,10,-1,-1,-1,-1,-1,-1,0,-1
2024010490766,2024,010490766,1,3,0,99,99,9,9,99,99,9,9,99,9,99,9,1,2,2,1,39,7,-1,-1,-1,-1,5,E01033083,0,3
2024052401862,2024,052401862,2,9,0,2,2,0,0,0,0,8,1,0,0,0,1,1,1,1,2,56,9,-1,-1,-1,-1,8,E01006684,0,2
2024010530082,2024,010530082,2,9,4,99,99,9,9,99,99,9,9,99,9,99,9,9,6,6,3,-1,-1,-1,-1,-1,-1,-1,-1,0,-1
2024430294344,2024,430294344,1,1,0,18,19,8,4,0,0,0,0,0,0,0,3,1,2,2,1,43,7,-1,-1,-1,-1,9,E01030705,0,2
2024302401368,2024,302401368,2,9,0,17,19,7,4,0,0,2,0,0,0,0,4,1,6,6,2,29,6,-1,-1,-1,-1,3,E01019541,0,1
2024451408491,2024,451408491,4,9,0,-1,2,5,1,-1,0,0,0,0,0,0,1,1,-1,6,-1,-1,-1,-1,-1,-1,-1,-1,-1,0,-1
2024461412223,2024,461412223,2,19,0,-1,19,1,5,-1,0,1,0,0,0,0,2,2,-1,1,1,40,7,-1,-1,-1,-1,5,E01024555,0,3
2024010535023,2024,010535023,1,1,9,99,99,9,9,99,99,0,9,99,9,99,9,1,6,6,2,22,5,-1,-1,-1,-1,5,E01033743,0,4
2024201476220,2024,201476220,2,9,0,-1,3,3,6,-1,0,4,0,0,0,0,1,1,-1,6,2,37,7,-1,-1,-1,-1,10,E01009670,0,1
2024221435596,2024,221435596,2,9,0,-1,19,8,6,-1,0,8,0,0,0,0,1,9,-1,2,2,34,6,-1,-1,-1,-1,3,E01008945,0,1
2024010487210,2024,010487210,1,1,9,99,99,9,9,99,99,9,9,99,9,99,9,1,6,6,1,25,5,-1,-1,-1,-1,3,E01034389,0,2
2024070812704,2024,070812704,2,9,0,-1,7,7,2,-1,0,1,0,0,0,0,1,1,-1,9,1,43,7,-1,-1,-1,-1,3,E01018461,0,2
2024061513814,2024,061513814,2,1,0,-1,19,3,8,-1,0,8,0,0,0,0,4,1,-1,6,1,38,7,-1,-1,-1,-1,7,E01005033,0,1
2024471493867,2024,471493867,2,1,0,-1,19,3,7,-1,0,0,5,0,0,0,4,1,-1,6,1,12,3,-1,-1,-1,-1,8,E01031840,0,1
2024041468560,2024,041468560,1,9,0,-1,19,7,3,-1,0,0,0,0,0,0,-1,9,-1,6,3,-1,-1,-1,-1,-1,-1,-1,-1,0,-1
2024340WN1632,2024,340WN1632,2,1,0,-1,19,6,2,-1,0,1,0,0,0,0,2,1,-1,1,1,28,6,-1,-1,-1,-1,2,E01027155,0,1
2024052400148,2024,052400148,2,22,0,18,19,5,1,0,0,1,0,0,0,0,3,1,6,6,1,66,10,-1,-1,-1,-1,2,E01006948,0,1
2024461502754,2024,461502754,1,9,0,-1,10,3,1,-1,0,4,0,0,0,0,0,9,-1,6,3,-1,-1,-1,-1,-1,-1,-1,-1,0,-1
2024411482695,2024,411482695,2,1,0,-1,19,3,7,-1,0,8,0,0,0,0,1,1,-1,6,1,36,7,-1,-1,-1,-1,7,E01023298,0,1
2024430499553,2024,430499553,2,5,0,9,9,-1,-1,0,0,8,0,0,0,0,1,1,6,6,1,50,8,-1,-1,-1,-1,9,E01028723,0,4
2024351423595,2024,351423595,2,1,0,-1,-1,-1,-1,-1,-1,-1,-1,-1,-1,0,-1,1,-1,7,1,14,3,-1,-1,-1,-1,3,E01017952,0,1
2024010493773,2024,010493773,2,21,1,11,11,7,3,0,0,0,0,0,0,0,4,1,1,1,1,50,8,-1,-1,-1,-1,2,E01021303,0,4
2024531394936,2024,531394936,2,1,0,-1,19,3,7,-1,0,8,0,0,0,0,3,1,-1,1,1,45,7,-1,-1,-1,-1,1,E01034792,0,2
2024991502952,2024,991502952,2,1,0,-1,19,3,7,-1,0,1,5,0,0,0,1,1,-1,9,1,66,10,-1,-1,-1,-1,10,-1,0,3
2024430521852,2024,430521852,1,8,0,18,19,9,9,0,0,1,0,0,0,0,1,1,6,6,3,-1,-1,-1,-1,-1,-1,-1,-1,0,-1
2024131468121,2024,131468121,2,9,0,-1,2,7,3,-1,0,1,0,0,0,0,1,1,-1,9,2,37,7,-1,-1,-1,-1,2,E01011149,0,1
2024311450568,2024,311450568,2,1,0,-1,19,4,8,-1,0,2,0,0,0,0,4,1,-1,6,1,14,3,-1,-1,-1,-1,-1,-1,0,-1
2024552400280,2024,552400280,1,9,0,18,19,3,7,0,0,6,0,0,0,0,1,1,6,6,1,33,6,-1,-1,-1,-1,9,E01015431,0,2
2024302400387,2024,302400387,1,11,0,5,5,3,7,0,0,8,0,0,0,0,4,1,1,1,1,53,8,-1,-1,-1,-1,3,E01019810,0,3
2024031424264,2024,031424264,1,9,0,-1,7,2,4,-1,0,0,0,0,1,0,1,1,-1,6,1,56,9,-1,-1,-1,-1,-1,-1,0,-1
2024010524780,2024,010524780,1,1,9,99,99,9,9,99,99,1,9,99,9,99,1,1,2,2,2,44,7,-1,-1,-1,-1,4,E01001635,0,3
2024010493964,2024,010493964,2,19,0,99,99,9,9,99,99,5,9,99,9,99,2,9,6,6,3,-1,-1,-1,-1,-1,-1,-1,-1,0,-1
2024991444448,2024,991444448,2,1,0,-1,7,5,7,-1,0,1,2,0,0,0,3,1,-1,6,1,54,8,-1,-1,-1,-1,9,-1,0,2
2024201455140,2024,201455140,1,8,0,-1,19,4,8,-1,0,0,0,0,0,0,1,1,-1,6,1,40,7,-1,-1,-1,-1,-1,-1,0,-1
2024010497090,2024,010497090,1,9,0,18,19,2,6,0,0,0,0,0,0,0,3,1,6,6,1,22,5,-1,-1,-1,-1,6,E01001068,0,1
2024471430646,2024,471430646,1,22,0,-1,19,1,5,-1,0,1,0,0,0,0,1,1,-1,6,2,75,10,-1,-1,-1,-1,5,E01031786,0,1
2024471465738,2024,471465738,1,9,0,-1,9,1,7,-1,0,6,0,0,0,0,3,1,-1,6,2,55,8,-1,-1,-1,-1,8,E01021081,0,1
2024010497853,2024,010497853,1,1,9,99,99,9,9,99,99,9,9,99,9,99,2,1,2,2,1,45,7,-1,-1,-1,-1,9,E01030299,0,3
2024201459007,2024,201459007,2,-1,0,-1,19,5,1,-1,9,0,0,0,0,0,3,1,-1,6,1,16,4,-1,-1,-1,-1,1,E01034938,1,1
2024010516267,2024,010516267,1,9,0,-1,-1,7,3,0,0,1,0,0,0,0,1,1,6,6,3,-1,-1,-1,-1,-1,-1,-1,-1,0,-1
2024421432170,2024,421432170,2,1,0,-1,19,4,1,-1,0,3,0,0,0,0,4,1,-1,9,1,55,8,-1,-1,-1,-1,10,E01021935,0,2
2024041444912,2024,041444912,1,1,0,-1,5,7,7,-1,0,1,0,0,0,0,1,1,-1,6,1,13,3,-1,-1,-1,-1,3,E01025311,0,1
2024221394586,2024,221394586,1,9,0,-1,19,5,8,-1,0,0,0,0,0,0,4,9,-1,6,1,56,9,-1,-1,-1,-1,10,E01028964,0,1
2024010501251,2024,010501251,1,19,0,-1,-1,5,1,0,0,1,0,8,0,0,1,1,6,6,1,18,4,-1,-1,-1,-1,3,E01004332,0,2
2024430441279,2024,430441279,1,9,0,9,9,8,4,0,0,8,0,0,0,0,1,1,6,6,2,37,7,-1,-1,-1,-1,8,E01033514,0,1
202460Q015469,2024,60Q015469,1,5,0,17,19,5,1,0,0,0,0,10,2,0,4,1,6,6,1,39,7,-1,-1,-1,-1,-1,-1,0,-1
2024991421567,2024,991421567,1,1,0,-1,19,5,1,-1,0,1,0,0,0,0,3,1,-1,6,1,24,5,-1,-1,-1,-1,1,-1,0,1
2024010540326,2024,010540326,2,9,0,99,99,9,9,99,99,9,9,99,9,99,9,9,6,6,3,-1,-1,-1,-1,-1,-1,-1,-1,0,-1
2024461426330,2024,461426330,2,9,0,-1,19,2,6,-1,0,1,0,0,0,0,1,1,-1,1,1,47,8,-1,-1,-1,-1,2,E01024126,0,4
2024141469419,2024,141469419,1,11,0,-1,19,8,4,-1,0,0,0,0,0,0,1,1,-1,1,1,33,6,-1,-1,-1,-1,1,E01007734,0,3
2024201485854,2024,201485854,1,9,0,-1,19,6,2,-1,0,3,0,0,0,0,1,9,-1,6,3,-1,-1,-1,-1,-1,-1,-1,-1,0,-1
2024052401567,2024,052401567,2,1,0,18,19,8,4,0,0,1,0,0,0,0,1,1,6,6,1,-1,-1,-1,-1,-1,-1,1,E01007274,0,1
2024131474009,2024,131474009,2,1,0,-1,19,7,3,-1,0,1,0,0,0,0,4,1,-1,6,1,43,7,-1,-1,-1,-1,9,E01011272,0,1
2024161416668,2024,161416668,1,1,0,-1,19,3,6,-1,4,2,1,0,0,0,4,1,-1,2,2,23,5,-1,-1,-1,-1,1,E01012805,0,2
2024141519682,2024,141519682,1,9,0,-1,19,1,1,-1,0,2,1,7,0,0,1,1,-1,2,1,49,8,-1,-1,-1,-1,9,E01011189,0,3
2024351470679,2024,351470679,2,9,-1,-1,-1,3,7,-1,-1,0,-1,-1,-1,0,-1,9,-1,6,3,-1,-1,-1,-1,-1,-1,-1,-1,0,-1
2024010490053,2024,010490053,2,9,0,99,99,9,9,99,99,6,9,99,9,99,1,9,6,6,3,-1,-1,-1,-1,-1,-1,-1,-1,0,-1
2024481566749,2024,481566749,2,1,0,-1,19,5,1,-1,0,8,0,0,0,0,4,1,-1,9,1,76,11,-1,-1,-1,-1,-1,-1,0,-1
2024201476095,2024,201476095,1,9,0,-1,13,8,4,-1,0,1,0,0,0,0,3,9,-1,9,3,-1,-1,-1,-1,-1,-1,-1,-1,0,-1
2024041400187,2024,041400187,1,9,0,-1,4,3,3,-1,0,0,1,4,0,0,1,1,-1,6,1,25,5,-1,-1,-1,-1,4,E01024930,0,1
2024440021150,2024,440021150,2,9,0,18,19,3,7,0,0,1,0,0,0,0,1,1,6,6,1,20,4,-1,-1,-1,-1,6,E01002497,0,4
2024010529526,2024,010529526,1,23,0,18,19,3,7,0,0,1,0,0,0,0,1,1,6,6,3,-1,-1,-1,-1,-1,-1,-1,-1,0,-1
2024010505158,2024,010505158,2,1,0,18,19,7,3,0,0,6,2,0,0,0,1,1,4,7,1,13,3,-1,-1,-1,-1,5,E01004439,0,1
2024161417727,2024,161417727,2,1,0,-1,19,3,7,-1,0,8,0,0,0,0,1,1,-1,9,2,31,6,-1,-1,-1,-1,1,E01012798,0,1
2024631505783,2024,631505783,2,9,0,-1,13,1,5,-1,0,0,0,0,0,0,4,1,-1,9,1,45,7,-1,-1,-1,-1,5,W01000509,0,4
2024010491894,2024,010491894,1,9,9,99,99,9,9,99,99,9,9,99,9,99,1,9,6,6,2,35,6,-1,-1,-1,-1,2,E01004301,0,1
2024430277314,2024,430277314,2,1,0,18,19,5,3,0,0,2,1,4,0,0,4,1,4,7,2,36,7,-1,-1,-1,-1,9,E01028788,0,2
2024201439795,2024,201439795,2,1,0,-1,5,1,5,-1,0,0,0,0,0,0,1,1,-1,6,1,13,3,-1,-1,-1,-1,1,E01009007,0,1
2024201503677,2024,201503677,2,1,0,-1,19,7,2,-1,0,8,0,0,0,0,1,1,-1,6,1,64,9,-1,-1,-1,-1,5,E01009843,0,1
2024010492378,2024,010492378,2,20,0,1,1,9,9,99,99,9,9,99,9,99,2,9,6,6,1,29,6,-1,-1,-1,-1,3,E01000184,0,1
2024411533948,2024,411533948,2,1,-1,-1,-1,-1,-1,-1,-1,-1,-1,-1,-1,0,-1,1,-1,2,1,56,9,-1,-1,-1,-1,10,E01023749,0,2
2024010512725,2024,010512725,1,1,9,99,99,9,9,99,99,9,9,99,9,99,9,1,6,6,1,23,5,-1,-1,-1,-1,4,E01004342,0,1
2024552401278,2024,552401278,2,9,0,18,19,1,5,0,0,0,0,0,0,0,0,1,6,6,2,53,8,-1,-1,-1,-1,10,E01015295,0,3
2024052402148,2024,052402148,2,1,0,18,19,1,5,0,0,1,0,0,0,0,2,1,6,6,1,36,7,-1,-1,-1,-1,2,E01006710,0,1
2024440076920,2024,440076920,1,9,0,18,19,4,8,0,0,0,0,0,0,0,1,1,6,6,1,-1,-1,-1,-1,-1,-1,-1,-1,0,-1
2024010505216,2024,010505216,3,9,0,18,19,7,3,0,0,0,0,0,0,0,1,1,6,6,1,38,7,-1,-1,-1,-1,7,E01030851,0,2
2024052401383,2024,052401383,1,9,0,5,5,1,5,0,0,1,0,0,0,0,4,1,6,6,3,-1,-1,-1,-1,-1,-1,-1,-1,0,-1
2024311394054,2024,311394054,2,9,0,-1,4,6,2,-1,0,0,0,0,0,0,1,1,-1,2,1,22,5,-1,-1,-1,-1,4,E01027963,0,1
2024481569958,2024,481569958,1,1,0,-1,19,5,1,-1,5,2,0,0,0,0,1,1,-1,6,1,30,6,-1,-1,-1,-1,-1,-1,0,-1
2024010513456,2024,010513456,2,9,0,99,99,9,9,99,99,9,9,99,9,99,9,9,6,6,3,-1,-1,-1,-1,-1,-1,-1,-1,0,-1
2024010530559,2024,010530559,2,1,9,99,99,9,9,99,99,9,9,99,9,99,9,1,6,6,3,-1,-1,-1,-1,-1,-1,-1,-1,0,-1
2024131438986,2024,131438986,1,1,0,-1,19,1,5,-1,0,8,0,0,0,0,1,1,-1,9,1,16,4,-1,-1,-1,-1,7,E01010587,0,1
2024010532084,2024,010532084,1,19,0,99,99,9,9,99,99,0,9,99,9,99,2,9,6,6,2,51,8,-1,-1,-1,-1,5,E01003415,0,3
2024010527298,2024,010527298,2,9,0,99,99,9,9,99,99,9,9,99,9,99,2,9,6,6,3,-1,-1,-1,-1,-1,-1,6,E01030336,0,2
2024010528451,2024,010528451,1,1,9,99,99,9,9,99,99,1,9,99,9,99,1,1,6,6,1,62,9,-1,-1,-1,-1,10,E01003380,0,1
2024010503723,2024,010503723,1,4,9,99,99,9,9,0,0,9,9,0,0,0,1,1,2,2,1,48,8,-1,-1,-1,-1,8,E01002821,0,1
2024041436749,2024,041436749,1,9,0,-1,12,6,4,-1,0,0,0,0,0,0,4,1,-1,9,1,22,5,-1,-1,-1,-1,1,E01025287,0,2
2024401476788,2024,401476788,1,98,-1,-1,-1,-1,-1,-1,-1,0,-1,-1,-1,0,-1,9,-1,6,3,-1,-1,-1,-1,-1,-1,-1,-1,0,-1
2024041440522,2024,041440522,2,9,0,-1,19,7,3,-1,0,1,0,0,0,0,1,1,-1,6,1,57,9,-1,-1,-1,-1,3,E01025407,0,3
2024010523079,2024,010523079,2,1,0,18,19,7,3,0,0,1,0,0,0,0,3,1,1,1,1,24,5,-1,-1,-1,-1,4,E01003803,0,3
2024401477381,2024,401477381,1,9,0,-1,19,6,2,-1,0,0,0,0,0,0,4,1,-1,6,2,38,7,-1,-1,-1,-1,6,E01017511,0,1
2024332400158,2024,332400158,2,98,0,-1,19,9,9,-1,0,1,0,0,0,0,1,1,-1,6,3,-1,-1,-1,-1,-1,-1,-1,-1,0,-1
2024061412616,2024,061412616,3,9,0,-1,4,1,1,-1,0,1,0,0,0,0,2,9,-1,6,1,48,8,-1,-1,-1,-1,-1,-1,0,-1