collision_index,collision_year,collision_ref_no,vehicle_reference,vehicle_type,towing_and_articulation,vehicle_manoeuvre_historic,vehicle_manoeuvre,vehicle_direction_from,vehicle_direction_to,vehicle_location_restricted_lane_historic,vehicle_location_restricted_lane,junction_location,skidding_and_overturning,hit_object_in_carriageway,vehicle_leaving_carriageway,hit_object_off_carriageway,first_point_of_impact,vehicle_left_hand_drive,journey_purpose_of_driver_historic,journey_purpose_of_driver,sex_of_driver,age_of_driver,age_band_of_driver,engine_capacity_cc,propulsion_code,age_of_vehicle,generic_make_model,driver_imd_decile,lsoa_of_driver,escooter_flag,driver_distance_banding
2024552400902,2024,552400902,1,19,0,9,9,2,7,0,0,8,0,0,0,0,3,1,6,6,2,40,7,-1,-1,-1,-1,6,E01015291,0,2
2024010496840,2024,010496840,1,1,9,18,19,9,9,99,99,9,9,99,9,99,1,1,2,2,2,34,6,-1,-1,-1,-1,3,E01003164,0,1
2024411465677,2024,411465677,1,1,0,-1,4,3,7,-1,0,0,0,0,0,0,1,1,-1,6,1,77,11,-1,-1,-1,-1,10,E01023510,0,2
2024471526192,2024,471526192,1,1,0,-1,19,4,8,-1,0,0,0,8,0,0,1,1,-1,6,2,66,10,-1,-1,-1,-1,6,E01031406,0,1
2024010532923,2024,010532923,2,1,0,18,19,1,5,0,0,1,0,0,0,0,3,1,2,2,1,42,7,-1,-1,-1,-1,5,E01001708,0,2
2024522402009,2024,522402009,1,9,0,13,13,6,2,0,0,2,0,0,0,0,4,1,6,6,1,40,7,-1,-1,-1,-1,2,E01014660,0,1
2024501496776,2024,501496776,1,19,0,-1,1,3,1,-1,99,8,0,0,0,0,2,1,-1,6,3,-1,-1,-1,-1,-1,-1,-1,-1,0,-1
2024131477377,2024,131477377,3,9,0,-1,19,7,3,-1,0,1,0,0,0,0,2,1,-1,6,1,59,9,-1,-1,-1,-1,1,E01010722,0,1
2024451488215,2024,451488215,3,97,0,-1,19,3,7,-1,0,0,0,0,0,0,0,1,-1,6,1,19,4,-1,-1,-1,-1,7,E01030755,0,1
2024010500074,2024,010500074,1,1,9,99,99,9,9,99,99,9,9,99,9,99,9,1,6,6,1,50,8,-1,-1,-1,-1,7,E01002007,0,1
2024401492388,2024,401492388,2,1,0,-1,3,-1,-1,-1,0,4,0,0,0,0,2,1,-1,9,1,70,10,-1,-1,-1,-1,10,E01017408,0,2
2024332400963,2024,332400963,1,9,0,-1,19,7,3,-1,0,8,0,0,0,0,1,1,-1,9,1,46,8,-1,-1,-1,-1,5,E01033537,0,3
2024010500684,2024,010500684,1,9,0,99,99,9,9,99,99,1,9,99,9,99,2,9,6,6,2,43,7,-1,-1,-1,-1,3,E01002120,0,1
2024311437513,2024,311437513,1,-1,0,-1,19,1,5,-1,0,0,0,4,1,0,4,1,-1,9,2,46,8,-1,-1,-1,-1,1,E01013841,1,1
2024010525078,2024,010525078,1,-1,9,99,99,9,9,99,99,1,9,99,9,99,9,9,6,6,1,44,7,-1,-1,-1,-1,2,E01001250,1,1
2024041515997,2024,041515997,1,1,0,-1,19,7,3,-1,0,8,0,0,0,0,2,1,-1,9,1,29,6,-1,-1,-1,-1,1,E01025248,0,1
2024340NN3252,2024,340NN3252,2,9,0,-1,7,3,5,-1,0,2,2,10,0,0,4,1,-1,9,2,47,8,-1,-1,-1,-1,5,E01027061,0,1
2024421459443,2024,421459443,2,-1,0,-1,19,1,3,-1,0,3,0,0,0,0,1,9,-1,2,2,19,4,-1,-1,-1,-1,3,E01021267,1,1
2024010497248,2024,010497248,1,9,0,99,99,9,9,99,99,1,9,99,9,99,2,9,6,6,2,60,9,-1,-1,-1,-1,7,E01015864,0,4
2024010541683,2024,010541683,1,1,9,99,99,9,9,99,99,0,9,99,9,99,1,1,6,6,1,57,9,-1,-1,-1,-1,3,E01003975,0,1
202417S101124,2024,17S101124,1,9,0,9,9,6,4,0,0,2,0,0,0,0,1,1,2,2,1,45,7,-1,-1,-1,-1,-1,-1,0,-1
2024122500154,2024,122500154,2,1,0,18,19,6,3,0,0,8,1,0,0,0,1,1,6,6,2,-1,-1,-1,-1,-1,-1,-1,-1,0,-1
2024010491131,2024,010491131,3,9,9,99,99,9,9,99,99,0,9,99,0,0,9,9,6,6,3,-1,-1,-1,-1,-1,-1,10,E01000758,0,1
2024201440128,2024,201440128,1,19,0,-1,19,7,3,-1,0,0,0,0,0,0,1,9,-1,6,3,30,6,-1,-1,-1,-1,-1,-1,0,-1
2024010534003,2024,010534003,6,9,0,2,2,0,0,0,0,1,0,0,0,0,3,1,6,6,3,-1,-1,-1,-1,-1,-1,-1,-1,0,-1
2024061529083,2024,061529083,2,1,-1,-1,19,1,5,-1,4,8,0,0,0,0,1,1,-1,6,1,17,4,-1,-1,-1,-1,1,E01005698,0,2
2024010542307,2024,010542307,1,1,9,99,99,9,9,99,99,9,9,99,9,99,9,1,6,6,1,15,3,-1,-1,-1,-1,1,E01004042,0,1
2024430568816,2024,430568816,1,1,0,18,19,7,3,0,0,0,0,0,0,0,1,1,6,6,1,51,8,-1,-1,-1,-1,10,E01032962,0,1
2024010540670,2024,010540670,2,19,0,99,99,9,9,99,99,9,9,99,9,99,9,9,6,6,1,30,6,-1,-1,-1,-1,10,E01030780,0,4
2024201514518,2024,201514518,1,98,0,-1,19,7,3,-1,0,8,0,0,0,0,4,9,-1,6,3,20,4,-1,-1,-1,-1,-1,-1,0,-1
2024211491242,2024,211491242,1,1,0,-1,19,1,5,-1,0,8,0,0,0,0,1,1,-1,6,1,19,4,-1,-1,-1,-1,-1,-1,0,-1
2024461406248,2024,461406248,1,90,0,-1,19,1,5,-1,0,3,0,0,0,0,1,1,-1,6,3,-1,-1,-1,-1,-1,-1,-1,-1,0,-1
2024211507856,2024,211507856,1,98,0,-1,13,1,5,-1,0,0,0,0,0,0,4,1,-1,6,-1,-1,-1,-1,-1,-1,-1,-1,-1,0,-1
2024361533732,2024,361533732,1,99,-1,-1,7,7,1,-1,-1,1,-1,-1,0,0,4,9,-1,9,1,53,8,-1,-1,-1,-1,7,E01026471,0,1
2024302400095,2024,302400095,1,9,0,9,9,1,6,0,0,2,0,0,0,0,3,1,6,6,1,21,5,-1,-1,-1,-1,10,E01013576,0,1
2024351471062,2024,351471062,2,1,-1,-1,-1,-1,-1,-1,-1,0,-1,-1,-1,0,3,1,-1,2,2,58,9,-1,-1,-1,-1,9,E01034445,0,1
2024010531004,2024,010531004,1,1,9,99,99,9,9,99,99,9,9,99,9,99,9,1,2,2,1,37,7,-1,-1,-1,-1,7,E01003753,0,1
2024520402084,2024,520402084,1,9,0,18,19,7,3,0,0,0,0,11,7,11,1,1,6,6,2,77,11,-1,-1,-1,-1,8,E01014425,0,1
2024010496496,2024,010496496,1,11,0,4,4,8,4,0,0,1,0,0,0,0,0,1,1,1,2,27,6,-1,-1,-1,-1,4,E01034611,0,4
2024522401359,2024,522401359,3,1,0,18,19,6,2,0,0,8,0,0,0,0,4,1,6,6,1,29,6,-1,-1,-1,-1,5,E01014861,0,2
2024311458997,2024,311458997,1,-1,0,-1,19,3,7,-1,0,0,0,0,0,0,1,1,-1,6,1,25,5,-1,-1,-1,-1,-1,-1,1,-1
2024471425586,2024,471425586,2,1,0,-1,19,1,5,-1,4,8,0,0,0,0,4,1,-1,7,1,12,3,-1,-1,-1,-1,6,E01035324,0,1
2024010544490,2024,010544490,1,1,9,99,99,9,9,99,99,9,9,99,9,99,2,1,1,1,1,24,5,-1,-1,-1,-1,3,E01003588,0,3
2024010488570,2024,010488570,1,3,9,99,99,9,9,99,99,9,9,99,9,99,1,1,1,1,1,35,6,-1,-1,-1,-1,4,E01003141,0,1
2024010538337,2024,010538337,2,2,9,18,19,5,1,0,0,0,9,99,9,99,1,1,6,6,3,-1,-1,-1,-1,-1,-1,-1,-1,0,-1
2024471499915,2024,471499915,2,1,0,-1,19,5,1,-1,0,1,0,0,0,0,1,1,-1,6,2,26,6,-1,-1,-1,-1,10,E01031760,0,1
2024010488743,2024,010488743,2,1,9,99,99,9,9,99,99,9,9,99,9,99,9,1,6,6,3,-1,-1,-1,-1,-1,-1,-1,-1,0,-1
2024320258462,2024,320258462,2,1,0,-1,-1,3,7,0,0,8,5,0,0,0,4,1,6,6,2,57,9,-1,-1,-1,-1,7,E01026275,0,1
2024340WN0482,2024,340WN0482,2,9,0,-1,19,4,8,-1,0,0,0,0,2,0,3,1,-1,2,1,55,8,-1,-1,-1,-1,9,E01021479,0,5
2024501500734,2024,501500734,2,9,0,-1,19,7,3,-1,0,1,0,0,0,0,3,1,-1,6,2,24,5,-1,-1,-1,-1,8,E01034639,0,1
2024010491087,2024,010491087,1,9,0,18,19,5,1,0,0,1,0,0,0,0,4,1,6,6,1,57,9,-1,-1,-1,-1,3,E01000523,0,1
2024501408795,2024,501408795,1,9,0,-1,19,8,4,-1,0,1,0,0,0,0,1,9,-1,6,2,35,6,-1,-1,-1,-1,-1,-1,0,-1
202417S305624,2024,17S305624,2,20,0,-1,19,5,1,-1,0,0,0,0,0,0,1,1,-1,6,3,-1,-1,-1,-1,-1,-1,-1,-1,0,-1
2024351422642,2024,351422642,2,1,0,-1,19,5,1,-1,0,8,5,0,0,0,4,1,-1,2,1,35,6,-1,-1,-1,-1,5,E01017954,0,1
2024320735483,2024,320735483,2,1,0,-1,-1,3,7,0,0,8,0,0,0,0,3,1,6,6,2,50,8,-1,-1,-1,-1,-1,-1,0,-1
2024010503431,2024,010503431,1,11,0,16,19,1,5,0,0,1,0,0,0,0,0,1,1,1,1,30,6,-1,-1,-1,-1,-1,-1,0,-1
2024010546441,2024,010546441,1,1,0,7,7,5,7,0,0,1,0,0,0,0,1,1,6,6,1,24,5,-1,-1,-1,-1,-1,-1,0,-1
2024461526436,2024,461526436,3,9,0,-1,3,2,6,-1,0,0,0,0,0,0,2,1,-1,6,1,53,8,-1,-1,-1,-1,8,E01024235,0,2
2024401455288,2024,401455288,2,9,0,-1,2,0,0,-1,0,0,0,0,0,0,4,1,-1,6,-1,-1,-1,-1,-1,-1,-1,-1,-1,0,-1
2024211531392,2024,211531392,2,9,0,-1,99,-1,-1,-1,0,1,0,0,0,0,4,1,-1,6,3,-1,-1,-1,-1,-1,-1,-1,-1,0,-1
2024141522520,2024,141522520,2,9,0,-1,19,6,1,-1,0,1,1,0,0,0,1,9,-1,6,3,-1,-1,-1,-1,-1,-1,-1,-1,0,-1
2024052400785,2024,052400785,1,1,0,5,5,1,5,0,0,0,0,0,0,0,2,1,6,6,1,14,3,-1,-1,-1,-1,10,E01007191,0,1
2024221513868,2024,221513868,2,9,0,-1,19,4,7,-1,0,0,0,0,0,0,1,1,-1,6,1,77,11,-1,-1,-1,-1,4,E01028958,0,1
2024501447260,2024,501447260,1,9,0,-1,4,3,7,-1,0,0,0,7,0,0,1,1,-1,9,2,36,7,-1,-1,-1,-1,3,E01015115,0,2
2024320197454,2024,320197454,2,9,0,-1,-1,4,2,0,0,4,0,0,0,11,4,1,1,1,2,25,5,-1,-1,-1,-1,5,E01026276,0,2
2024010524702,2024,010524702,2,1,9,99,99,9,9,99,99,9,9,99,9,99,9,1,2,2,2,25,5,-1,-1,-1,-1,7,E01002127,0,2
2024101533457,2024,101533457,2,9,0,-1,9,5,3,-1,0,1,0,0,7,0,4,1,-1,9,1,23,5,-1,-1,-1,-1,2,E01027528,0,4
2024552401005,2024,552401005,1,9,0,18,19,5,1,0,0,0,0,0,0,0,1,1,6,6,3,-1,-1,-1,-1,-1,-1,-1,-1,0,-1
2024451452942,2024,451452942,1,8,0,-1,1,3,7,-1,5,0,0,0,0,0,2,9,-1,6,1,30,6,-1,-1,-1,-1,-1,-1,0,-1
2024471417629,2024,471417629,1,9,0,-1,10,5,7,-1,0,6,0,0,0,0,1,1,-1,7,1,53,8,-1,-1,-1,-1,2,E01021016,0,1
2024302401666,2024,302401666,2,9,0,-1,4,3,7,-1,0,0,0,0,0,0,0,1,-1,6,3,-1,-1,-1,-1,-1,-1,5,E01019456,0,3
2024010546164,2024,010546164,2,1,0,18,19,5,1,0,0,1,0,0,0,0,1,1,6,6,1,57,9,-1,-1,-1,-1,4,E01000875,0,1
2024111473676,2024,111473676,1,9,0,-1,3,7,3,-1,0,0,0,0,0,0,1,1,-1,6,1,30,6,-1,-1,-1,-1,8,E01012269,0,2
2024311417784,2024,311417784,1,9,0,-1,19,1,5,-1,0,0,0,0,0,0,4,2,-1,6,1,35,6,-1,-1,-1,-1,2,E01013906,0,1
2024161426982,2024,161426982,2,9,0,-1,19,2,6,-1,0,4,0,0,0,0,1,1,-1,6,1,19,4,-1,-1,-1,-1,4,E01026070,0,4
2024531418469,2024,531418469,1,9,0,-1,15,5,1,-1,9,1,0,0,1,2,1,1,-1,6,2,32,6,-1,-1,-1,-1,6,E01034791,0,1
2024351481435,2024,351481435,1,9,0,-1,19,3,7,-1,0,1,0,0,0,0,9,9,-1,6,3,-1,-1,-1,-1,-1,-1,-1,-1,0,-1
2024010517577,2024,010517577,1,9,0,9,9,7,4,0,0,8,0,0,0,0,1,1,6,6,1,26,6,-1,-1,-1,-1,5,E01000251,0,4
2024544435024,2024,544435024,1,1,0,18,19,3,7,0,0,1,0,0,0,0,1,1,6,6,1,12,3,-1,-1,-1,-1,9,E01031988,0,1
2024522500035,2024,522500035,1,-1,0,18,19,7,3,9,9,0,0,0,0,0,1,1,6,6,3,-1,-1,-1,-1,-1,-1,-1,-1,1,-1
2024332400624,2024,332400624,2,-1,0,-1,19,7,3,-1,0,0,0,0,0,0,1,1,-1,6,2,14,3,-1,-1,-1,-1,1,E01013676,1,1
2024010512480,2024,010512480,1,1,9,99,99,9,9,99,99,9,9,99,9,99,9,1,3,7,1,47,8,-1,-1,-1,-1,4,E01032764,0,1
2024061485071,2024,061485071,1,9,0,-1,19,5,1,-1,0,1,0,0,0,0,1,1,-1,6,3,-1,-1,-1,-1,-1,-1,-1,-1,0,-1
2024010524337,2024,010524337,1,1,9,99,99,9,9,99,99,9,9,99,9,99,9,1,6,6,3,27,6,-1,-1,-1,-1,5,E01035663,0,1
2024622400686,2024,622400686,1,1,0,18,19,4,8,0,0,4,0,0,0,0,1,1,6,6,1,53,8,-1,-1,-1,-1,1,W01001222,0,1
2024520403294,2024,520403294,1,9,0,18,19,8,4,0,0,0,0,0,0,0,1,1,6,6,1,37,7,-1,-1,-1,-1,2,E01029095,0,3
2024340WN3622,2024,340WN3622,1,9,0,-1,19,2,6,-1,0,0,5,0,0,0,4,1,-1,6,1,63,9,-1,-1,-1,-1,-1,-1,0,-1
2024471408601,2024,471408601,2,1,0,-1,19,5,1,-1,0,1,0,0,0,0,1,1,-1,6,1,68,10,-1,-1,-1,-1,5,E01031832,0,1
2024361483927,2024,361483927,1,9,0,-1,15,2,5,-1,0,0,0,0,0,0,3,9,-1,6,3,-1,-1,-1,-1,-1,-1,-1,-1,0,-1
2024522401852,2024,522401852,1,1,0,18,19,4,8,0,0,0,0,8,0,0,1,1,6,6,1,19,4,-1,-1,-1,-1,7,E01014735,0,1
2024070692743,2024,070692743,2,9,0,-1,-1,6,8,0,0,0,0,0,0,0,1,1,1,1,1,62,9,-1,-1,-1,-1,10,E01018690,0,1
2024010515534,2024,010515534,2,10,0,99,99,9,9,99,99,9,9,99,9,99,1,9,6,6,1,58,9,-1,-1,-1,-1,9,E01004713,0,1
2024221433045,2024,221433045,1,9,0,-1,19,1,5,-1,0,1,0,0,4,6,1,1,-1,6,2,51,8,-1,-1,-1,-1,6,E01032460,0,1
2024631463219,2024,631463219,2,8,0,-1,19,6,2,-1,0,0,0,0,0,0,1,1,-1,1,1,66,10,-1,-1,-1,-1,7,W01000675,0,3
2024201478761,2024,201478761,2,1,0,-1,14,2,6,-1,0,1,0,0,0,0,4,1,-1,6,1,-1,-1,-1,-1,-1,-1,-1,-1,0,-1
2024311454338,2024,311454338,1,1,0,-1,5,2,4,-1,0,0,0,0,0,0,3,1,-1,6,1,24,5,-1,-1,-1,-1,-1,-1,0,-1
2024622400493,2024,622400493,2,97,0,18,19,6,2,0,0,0,0,0,0,0,4,1,1,1,1,64,9,-1,-1,-1,-1,6,W01000662,0,4
2024471476290,2024,471476290,1,9,0,-1,1,3,7,-1,0,0,0,0,0,0,2,1,-1,9,1,64,9,-1,-1,-1,-1,3,E01016922,0,1
2024161400450,2024,161400450,1,9,0,-1,19,3,7,-1,0,1,1,0,1,3,3,1,-1,6,1,20,4,-1,-1,-1,-1,3,E01012759,0,2
2024401496207,2024,401496207,2,-1,0,-1,5,5,1,-1,0,3,0,0,0,0,3,1,-1,2,2,39,7,-1,-1,-1,-1,2,E01015735,1,1
2024320209422,2024,320209422,1,22,0,-1,-1,6,2,9,9,0,0,0,0,0,1,1,6,6,1,57,9,-1,-1,-1,-1,1,E01026114,0,1
2024430277314,2024,430277314,3,1,0,18,19,3,7,0,0,1,1,4,0,0,3,1,4,7,1,10,2,-1,-1,-1,-1,10,E01032554,0,1
2024201487861,2024,201487861,2,1,0,-1,19,2,6,-1,0,8,0,0,0,0,1,1,-1,6,1,55,8,-1,-1,-1,-1,1,E01008972,0,1
2024302400642,2024,302400642,1,9,0,17,19,2,1,0,0,8,0,0,0,0,1,1,2,2,1,57,9,-1,-1,-1,-1,7,E01019553,0,1
2024501517578,2024,501517578,1,2,0,-1,9,6,4,-1,0,2,5,0,0,0,1,1,-1,9,1,15,3,-1,-1,-1,-1,4,E01018994,0,1
2024332400761,2024,332400761,2,-1,0,-1,19,4,8,-1,0,8,0,0,0,0,3,1,-1,6,1,26,6,-1,-1,-1,-1,3,E01034020,1,1
2024010541469,2024,010541469,2,9,0,18,19,6,2,0,0,1,0,0,0,0,3,2,2,2,1,36,7,-1,-1,-1,-1,3,E01034207,0,2
2024010534078,2024,010534078,1,1,0,18,19,5,1,0,0,1,0,0,0,0,3,1,1,1,1,22,5,-1,-1,-1,-1,8,E01002835,0,1
2024010486931,2024,010486931,2,9,0,2,2,0,0,0,0,0,0,4,0,0,2,1,6,6,3,-1,-1,-1,-1,-1,-1,-1,-1,0,-1
2024481561496,2024,481561496,1,8,0,-1,2,0,0,-1,0,1,0,0,0,0,4,1,-1,1,1,50,8,-1,-1,-1,-1,-1,-1,0,-1
2024161510469,2024,161510469,1,1,0,-1,19,7,3,-1,99,1,0,99,9,0,9,1,-1,6,1,14,3,-1,-1,-1,-1,1,E01012951,0,1
2024122401277,2024,122401277,2,1,0,18,19,5,1,0,0,0,0,0,0,0,2,1,6,6,1,55,8,-1,-1,-1,-1,10,E01034978,0,1
2024501431274,2024,501431274,2,9,0,-1,19,1,5,-1,0,2,0,0,0,0,2,1,-1,6,2,17,4,-1,-1,-1,-1,8,E01015064,0,2
2024010509169,2024,010509169,2,1,0,18,19,5,1,0,0,1,0,0,0,0,4,1,2,2,1,23,5,-1,-1,-1,-1,6,E01001088,0,1
2024010495084,2024,010495084,2,1,0,18,19,5,1,0,0,6,5,0,0,0,1,1,6,6,1,27,6,-1,-1,-1,-1,2,E01002075,0,3
2024231507118,2024,231507118,1,9,0,-1,9,4,2,-1,0,5,0,0,0,0,3,9,-1,6,1,59,9,-1,-1,-1,-1,4,E01031087,0,1
2024010518216,2024,010518216,2,1,0,5,5,7,3,4,4,1,0,0,0,0,1,1,1,1,1,29,6,-1,-1,-1,-1,3,E01003977,0,1
2024430494001,2024,430494001,1,9,0,18,19,8,4,0,0,1,0,0,0,-1,4,1,6,6,1,-1,-1,-1,-1,-1,-1,-1,-1,0,-1
2024061496432,2024,061496432,1,1,0,-1,19,1,1,-1,0,1,0,0,0,0,0,1,-1,6,1,29,6,-1,-1,-1,-1,1,E01005874,0,1
2024430373212,2024,430373212,2,9,0,99,99,9,9,0,0,0,9,0,0,99,9,1,6,6,3,-1,-1,-1,-1,-1,-1,-1,-1,0,-1
2024631472115,2024,631472115,2,9,0,-1,19,2,5,-1,0,0,0,0,0,0,3,1,-1,9,1,50,8,-1,-1,-1,-1,6,W01000698,0,2
2024010547635,2024,010547635,1,1,0,-1,-1,3,7,0,0,8,0,0,0,0,1,1,6,6,1,29,6,-1,-1,-1,-1,2,E01033587,0,1
2024211492962,2024,211492962,2,9,0,-1,19,5,1,-1,0,0,1,4,0,0,1,1,-1,9,1,44,7,-1,-1,-1,-1,-1,-1,0,-1
2024131499151,2024,131499151,2,1,0,-1,19,3,7,-1,0,1,0,0,0,0,1,1,-1,9,1,12,3,-1,-1,-1,-1,1,E01010819,0,1
2024471515939,2024,471515939,1,1,0,-1,19,5,1,-1,0,8,0,0,0,0,2,1,-1,6,-1,31,6,-1,-1,-1,-1,3,E01016922,0,1
2024311401689,2024,311401689,2,22,0,-1,19,3,3,-1,0,6,0,0,0,0,3,1,-1,9,2,60,9,-1,-1,-1,-1,2,E01013886,0,1
2024010509944,2024,010509944,1,9,0,18,19,1,5,0,0,2,0,0,0,0,1,1,6,6,1,19,4,-1,-1,-1,-1,2,E01002100,0,1
2024552401034,2024,552401034,2,9,0,9,9,8,6,0,0,8,0,0,0,0,2,1,6,6,2,25,5,-1,-1,-1,-1,2,E01015290,0,1
2024041397785,2024,041397785,2,1,0,-1,19,3,7,-1,0,8,0,0,0,0,3,1,-1,6,1,32,6,-1,-1,-1,-1,1,E01012687,0,1
2024010529313,2024,010529313,1,8,0,18,19,7,3,0,0,2,0,7,1,1,1,1,1,1,1,27,6,-1,-1,-1,-1,5,E01003740,0,1
2024311523940,2024,311523940,1,9,0,-1,19,3,7,-1,0,0,0,0,0,0,1,9,-1,6,3,-1,-1,-1,-1,-1,-1,-1,-1,0,-1
2024010489668,2024,010489668,1,19,0,9,9,7,5,0,0,2,0,0,0,0,1,1,2,2,1,44,7,-1,-1,-1,-1,3,E01004341,0,2
202460Q062138,2024,60Q062138,2,1,0,5,5,5,1,0,0,1,0,0,0,0,2,1,6,6,1,46,8,-1,-1,-1,-1,-1,-1,0,-1
2024010487799,2024,010487799,2,9,0,18,19,1,5,0,0,1,0,4,0,0,2,1,6,6,1,29,6,-1,-1,-1,-1,4,E01035253,0,3
2024041509546,2024,041509546,1,9,0,-1,9,1,5,-1,0,5,1,0,1,2,1,1,-1,9,2,21,5,-1,-1,-1,-1,8,E01025000,0,1
2024991483962,2024,991483962,1,9,0,-1,9,7,4,-1,0,1,0,0,0,0,4,1,-1,9,1,58,9,-1,-1,-1,-1,9,-1,0,1
2024010537797,2024,010537797,2,1,0,14,14,3,7,0,0,2,0,0,0,0,0,1,1,1,1,23,5,-1,-1,-1,-1,8,E01002864,0,1
2024010492091,2024,010492091,1,9,0,18,19,1,5,0,0,0,0,0,0,0,1,1,6,6,1,72,10,-1,-1,-1,-1,4,E01001738,0,1
2024421416159,2024,421416159,2,9,0,-1,4,4,8,-1,0,0,0,0,0,0,2,1,-1,9,2,50,8,-1,-1,-1,-1,9,E01021238,0,2
2024201517031,2024,201517031,1,1,0,-1,7,5,7,-1,0,2,0,0,0,0,1,1,-1,2,1,59,9,-1,-1,-1,-1,4,E01009226,0,1
2024161533721,2024,161533721,2,1,0,-1,10,5,3,-1,0,6,0,0,0,0,1,1,-1,6,1,16,4,-1,-1,-1,-1,-1,-1,0,-1
2024520402242,2024,520402242,1,19,0,18,19,5,1,0,0,0,0,0,0,0,1,2,6,6,1,32,6,-1,-1,-1,-1,10,E01014793,0,4
2024131458486,2024,131458486,2,1,0,-1,5,7,3,-1,0,8,0,0,0,0,4,1,-1,6,1,52,8,-1,-1,-1,-1,-1,-1,0,-1
202417M305624,2024,17M305624,1,9,0,-1,3,3,7,-1,0,1,0,0,0,0,2,1,-1,9,2,25,5,-1,-1,-1,-1,-1,-1,0,-1
2024302500216,2024,302500216,2,1,0,18,19,8,7,0,0,8,0,0,0,0,2,1,2,2,1,60,9,-1,-1,-1,-1,9,E01019478,0,1
2024546280624,2024,546280624,1,9,0,8,8,6,2,0,0,5,0,0,0,0,3,1,6,6,1,38,7,-1,-1,-1,-1,5,E01015480,0,1
2024340WN0162,2024,340WN0162,1,19,0,-1,5,5,1,-1,0,6,0,0,3,0,1,1,-1,9,1,69,10,-1,-1,-1,-1,7,E01027306,0,1
2024520401300,2024,520401300,1,9,0,18,19,3,7,0,0,0,0,0,0,0,3,1,6,6,2,40,7,-1,-1,-1,-1,4,E01029238,0,1
2024041417045,2024,041417045,1,9,0,-1,1,5,7,-1,0,8,0,0,0,0,2,1,-1,1,1,27,6,-1,-1,-1,-1,3,E01025368,0,4
2024061497994,2024,061497994,2,1,0,-1,19,5,1,-1,0,0,0,0,0,0,2,1,-1,6,1,13,3,-1,-1,-1,-1,1,E01006168,0,1
2024430494557,2024,430494557,1,9,0,18,19,1,5,0,0,4,0,0,0,0,0,1,6,6,3,-1,-1,-1,-1,-1,-1,-1,-1,0,-1
2024421455546,2024,421455546,1,9,0,-1,9,4,7,-1,0,8,0,0,0,0,1,1,-1,9,2,86,11,-1,-1,-1,-1,6,E01021986,0,1
2024010493929,2024,010493929,3,9,0,18,19,4,8,0,0,1,0,0,0,0,3,1,2,2,1,53,8,-1,-1,-1,-1,5,E01000475,0,2
2024430101463,2024,430101463,1,20,0,18,19,8,4,0,0,0,0,0,0,0,1,2,1,1,1,48,8,-1,-1,-1,-1,9,E01028511,0,3
2024401498501,2024,401498501,3,9,0,-1,2,1,5,-1,0,0,0,0,0,0,1,1,-1,6,-1,-1,-1,-1,-1,-1,-1,-1,-1,0,-1
2024041421101,2024,041421101,1,9,0,-1,5,0,5,-1,0,0,0,0,0,0,3,1,-1,2,2,46,8,-1,-1,-1,-1,8,E01025277,0,2
2024061477818,2024,061477818,2,9,-1,-1,-1,-1,-1,-1,-1,-1,-1,-1,-1,0,-1,9,-1,6,3,-1,-1,-1,-1,-1,-1,-1,-1,0,-1
2024430039846,2024,430039846,3,9,0,18,19,5,1,0,0,0,0,0,0,0,2,1,6,6,1,19,4,-1,-1,-1,-1,10,E01016689,0,1
2024010494515,2024,010494515,1,3,0,99,99,9,9,99,99,9,9,99,9,99,9,1,1,1,1,29,6,-1,-1,-1,-1,4,E01000637,0,2
2024010488423,2024,010488423,2,11,0,18,19,6,2,2,2,2,1,0,0,0,1,1,1,1,1,44,7,-1,-1,-1,-1,4,E01001174,0,1
2024991428107,2024,991428107,1,9,0,-1,19,6,1,-1,0,0,0,0,0,0,1,9,-1,6,3,-1,-1,-1,-1,-1,-1,-1,-1,0,-1
2024610017824,2024,610017824,1,3,0,18,19,2,6,0,0,0,0,4,0,0,1,1,6,6,1,29,6,-1,-1,-1,-1,3,W01001368,0,1
2024061463304,2024,061463304,1,9,0,-1,4,4,8,-1,0,1,0,0,0,0,1,1,-1,9,1,27,6,-1,-1,-1,-1,4,E01005029,0,1
2024311452542,2024,311452542,1,9,0,-1,19,1,7,-1,0,1,0,0,0,0,0,9,-1,6,3,-1,-1,-1,-1,-1,-1,-1,-1,0,-1
2024471471068,2024,471471068,1,9,0,-1,1,3,7,-1,0,6,0,0,0,0,2,1,-1,6,1,52,8,-1,-1,-1,-1,6,E01031807,0,1
202417M116124,2024,17M116124,2,9,0,-1,19,4,8,-1,0,0,0,0,0,0,1,1,-1,6,3,-1,-1,-1,-1,-1,-1,-1,-1,0,-1
2024131529637,2024,131529637,1,9,0,-1,4,5,2,-1,0,1,0,0,0,0,0,1,-1,6,3,-1,-1,-1,-1,-1,-1,-1,-1,0,-1
2024010537784,2024,010537784,2,1,0,15,15,1,5,0,0,1,0,0,0,0,1,1,6,6,1,66,10,-1,-1,-1,-1,3,E01001136,0,2
2024421409624,2024,421409624,2,19,0,-1,1,3,7,-1,0,0,0,0,0,0,2,9,-1,6,3,-1,-1,-1,-1,-1,-1,-1,-1,0,-1
2024361488121,2024,361488121,1,19,-1,-1,-1,-1,-1,-1,-1,0,-1,-1,-1,0,-1,9,-1,6,3,-1,-1,-1,-1,-1,-1,-1,-1,0,-1
2024131420007,2024,131420007,2,1,0,-1,19,5,1,-1,0,8,0,0,0,0,4,1,-1,6,1,25,5,-1,-1,-1,-1,5,E01011096,0,1
2024052401698,2024,052401698,1,9,0,5,5,2,6,0,0,8,0,0,0,0,1,1,6,6,3,29,6,-1,-1,-1,-1,6,E01006801,0,1
2024010525310,2024,010525310,1,3,0,18,19,7,3,0,0,0,1,0,0,0,1,1,6,6,1,20,4,-1,-1,-1,-1,3,E01032574,0,1
2024041476386,2024,041476386,1,23,0,-1,19,4,8,-1,0,3,0,0,1,0,1,1,-1,6,1,53,8,-1,-1,-1,-1,3,E01025405,0,1