collision_index,collision_year,collision_ref_no,vehicle_reference,vehicle_type,towing_and_articulation,vehicle_manoeuvre_historic,vehicle_manoeuvre,vehicle_direction_from,vehicle_direction_to,vehicle_location_restricted_lane_historic,vehicle_location_restricted_lane,junction_location,skidding_and_overturning,hit_object_in_carriageway,vehicle_leaving_carriageway,hit_object_off_carriageway,first_point_of_impact,vehicle_left_hand_drive,journey_purpose_of_driver_historic,journey_purpose_of_driver,sex_of_driver,age_of_driver,age_band_of_driver,engine_capacity_cc,propulsion_code,age_of_vehicle,generic_make_model,driver_imd_decile,lsoa_of_driver,escooter_flag,driver_distance_banding
2024010493324,2024,010493324,2,9,0,99,99,9,9,99,99,9,9,99,9,99,1,9,6,6,3,-1,-1,-1,-1,-1,-1,3,E01003989,0,1
2024430602030,2024,430602030,1,9,0,7,7,6,8,0,0,6,0,0,0,0,1,1,6,6,1,47,8,-1,-1,-1,-1,-1,-1,0,-1
2024061460438,2024,061460438,1,9,0,-1,19,7,3,-1,0,2,0,0,0,0,1,9,-1,6,3,-1,-1,-1,-1,-1,-1,-1,-1,0,-1
2024010497237,2024,010497237,1,11,0,5,5,3,7,0,0,6,0,0,0,0,0,1,1,1,1,52,8,-1,-1,-1,-1,3,E01000024,0,1
2024430226304,2024,430226304,1,1,0,18,19,5,1,0,0,0,0,0,0,0,3,1,6,6,1,9,2,-1,-1,-1,-1,-1,-1,0,-1
202454D780524,2024,54D780524,2,9,0,16,19,7,1,0,0,8,0,0,0,0,4,1,2,2,1,58,9,-1,-1,-1,-1,2,E01015539,0,1
2024471445728,2024,471445728,1,9,0,-1,19,-1,-1,-1,99,9,0,0,0,0,1,1,-1,6,3,-1,-1,-1,-1,-1,-1,-1,-1,0,-1
2024991454270,2024,991454270,2,1,0,-1,7,5,7,-1,0,1,0,0,0,0,1,1,-1,6,1,51,8,-1,-1,-1,-1,8,-1,0,1
2024201500483,2024,201500483,2,1,0,-1,19,1,5,-1,0,8,0,0,0,0,1,1,-1,6,1,17,4,-1,-1,-1,-1,1,E01008979,0,1
2024221463005,2024,221463005,2,9,0,-1,19,5,2,-1,0,8,0,0,0,0,1,1,-1,2,1,46,8,-1,-1,-1,-1,8,E01032446,0,1
2024010502048,2024,010502048,1,97,0,18,19,7,3,0,0,0,0,0,0,0,1,1,6,6,3,-1,-1,-1,-1,-1,-1,-1,-1,0,-1
2024610014824,2024,610014824,2,9,0,18,19,5,8,0,0,3,0,0,0,0,1,1,6,6,1,32,6,-1,-1,-1,-1,5,W01001671,0,3
2024520401122,2024,520401122,1,9,0,18,19,7,3,0,0,0,1,0,7,10,4,1,6,6,2,38,7,-1,-1,-1,-1,6,E01029195,0,1
2024161409603,2024,161409603,3,-1,0,-1,19,8,4,-1,0,0,0,0,0,0,3,1,-1,6,1,17,4,-1,-1,-1,-1,2,E01035481,1,1
2024010545243,2024,010545243,1,9,0,99,99,9,9,99,99,9,9,99,9,99,9,9,6,6,3,-1,-1,-1,-1,-1,-1,-1,-1,0,-1
2024010494862,2024,010494862,1,19,0,1,1,5,1,0,0,2,0,0,0,0,2,1,1,1,1,62,9,-1,-1,-1,-1,6,E01000663,0,3
2024010517359,2024,010517359,2,9,0,99,99,9,9,99,99,9,9,99,9,99,1,9,6,6,3,-1,-1,-1,-1,-1,-1,3,E01034474,0,4
2024101536194,2024,101536194,2,1,0,-1,19,7,3,-1,0,4,0,0,0,0,1,1,-1,6,1,15,3,-1,-1,-1,-1,4,E01008640,0,1
2024010508676,2024,010508676,1,1,9,99,99,9,9,99,99,9,9,99,9,99,9,1,2,2,1,46,8,-1,-1,-1,-1,3,E01004063,0,2
2024201490566,2024,201490566,2,1,0,-1,19,6,2,-1,0,0,0,0,0,0,1,1,-1,6,1,12,3,-1,-1,-1,-1,1,E01010131,0,1
2024201468269,2024,201468269,2,9,0,-1,3,2,6,-1,0,0,0,0,0,0,2,9,-1,9,2,29,6,-1,-1,-1,-1,1,E01009212,0,1
2024461447745,2024,461447745,3,9,0,-1,19,2,5,-1,0,0,0,1,0,0,3,1,-1,2,1,62,9,-1,-1,-1,-1,7,E01024380,0,2
2024522402312,2024,522402312,1,1,0,18,19,1,5,0,0,1,0,0,0,0,1,1,6,6,1,29,6,-1,-1,-1,-1,8,E01014514,0,1
2024481563912,2024,481563912,1,19,0,-1,1,3,7,-1,0,0,0,0,0,0,2,1,-1,1,2,32,6,-1,-1,-1,-1,-1,-1,0,-1
2024531501554,2024,531501554,2,9,0,-1,19,1,5,-1,0,0,0,0,0,0,2,1,-1,9,1,26,6,-1,-1,-1,-1,8,E01034800,0,1
2024211436046,2024,211436046,2,9,0,-1,19,5,1,-1,0,0,0,0,0,0,1,1,-1,6,2,-1,-1,-1,-1,-1,-1,9,E01029816,0,2
2024111450692,2024,111450692,2,5,0,-1,19,5,1,-1,0,0,0,0,0,0,1,1,-1,9,1,56,9,-1,-1,-1,-1,2,E01012216,0,3
2024010512870,2024,010512870,1,1,9,99,99,9,9,99,99,9,9,99,9,99,1,1,6,6,1,27,6,-1,-1,-1,-1,8,E01004508,0,1
2024351490972,2024,351490972,2,1,-1,-1,19,1,3,-1,0,8,0,0,0,0,4,1,-1,6,1,23,5,-1,-1,-1,-1,7,E01018264,0,1
2024010536751,2024,010536751,1,9,0,9,9,5,2,0,0,6,0,0,0,0,1,1,1,1,1,32,6,-1,-1,-1,-1,10,E01024272,0,4
2024131527893,2024,131527893,1,1,0,-1,-1,-1,-1,-1,-1,8,-1,-1,-1,0,4,1,-1,9,1,60,9,-1,-1,-1,-1,1,E01010814,0,1
2024010546101,2024,010546101,2,1,0,5,5,3,7,0,0,8,0,0,0,0,3,1,2,2,1,54,8,-1,-1,-1,-1,1,E01033650,0,5
2024010550466,2024,010550466,2,1,0,9,9,5,3,0,0,8,0,0,0,0,1,1,6,6,2,26,6,-1,-1,-1,-1,4,E01003264,0,3
2024361454318,2024,361454318,2,1,0,-1,19,2,6,-1,0,2,0,0,0,0,2,1,-1,9,1,14,3,-1,-1,-1,-1,1,E01026624,0,1
2024351431773,2024,351431773,2,1,0,-1,3,-1,-1,-1,0,0,0,0,0,0,3,1,-1,6,1,25,5,-1,-1,-1,-1,6,E01017997,0,1
2024141418753,2024,141418753,1,9,0,-1,9,1,7,-1,0,1,0,0,0,0,3,1,-1,9,2,25,5,-1,-1,-1,-1,4,E01007699,0,2
2024010489072,2024,010489072,1,1,9,99,99,9,9,99,99,9,9,8,9,99,1,1,6,6,1,35,6,-1,-1,-1,-1,5,E01000973,0,1
2024010497231,2024,010497231,1,11,0,5,5,1,5,0,0,0,0,0,0,0,0,1,1,1,1,52,8,-1,-1,-1,-1,4,E01000035,0,3
2024052402526,2024,052402526,1,9,0,5,5,4,8,0,0,0,0,0,0,0,1,1,6,6,3,-1,-1,-1,-1,-1,-1,-1,-1,0,-1
2024010544693,2024,010544693,2,9,0,99,99,9,9,99,99,9,9,99,9,99,9,9,6,6,3,-1,-1,-1,-1,-1,-1,-1,-1,0,-1
2024421423778,2024,421423778,1,4,0,-1,19,3,7,-1,0,0,0,0,0,0,1,1,-1,9,1,21,5,-1,-1,-1,-1,5,E01021822,0,4
2024052402459,2024,052402459,2,1,0,18,19,1,5,0,0,1,0,0,0,0,2,1,6,6,1,20,4,-1,-1,-1,-1,2,E01006535,0,1
2024010535225,2024,010535225,1,1,9,99,99,9,9,99,99,9,9,99,9,99,0,1,6,6,2,34,6,-1,-1,-1,-1,10,E01003851,0,1
2024451493585,2024,451493585,2,98,0,-1,-1,-1,-1,-1,-1,0,-1,-1,-1,0,-1,9,-1,6,3,-1,-1,-1,-1,-1,-1,-1,-1,0,-1
2024010547861,2024,010547861,2,1,9,99,99,9,9,99,99,9,9,99,9,99,1,1,2,2,1,34,6,-1,-1,-1,-1,9,E01026570,0,5
2024440262102,2024,440262102,1,9,0,9,9,3,1,0,0,5,0,0,0,0,4,1,6,6,2,21,5,-1,-1,-1,-1,8,E01032605,0,1
2024010490695,2024,010490695,2,9,0,18,19,1,5,0,0,8,0,0,0,0,1,1,6,6,1,49,8,-1,-1,-1,-1,2,E01001773,0,1
2024010529378,2024,010529378,1,1,9,99,99,9,9,99,99,1,9,99,9,99,9,1,6,6,1,19,4,-1,-1,-1,-1,2,E01001702,0,1
2024010528160,2024,010528160,2,1,0,18,19,1,5,0,0,8,5,0,0,0,2,1,6,6,1,38,7,-1,-1,-1,-1,8,E01015965,0,4
2024311469028,2024,311469028,2,1,0,-1,19,3,7,-1,0,2,0,0,0,0,4,1,-1,6,2,37,7,-1,-1,-1,-1,5,E01028022,0,1
2024061450213,2024,061450213,2,11,0,-1,12,-1,-1,-1,0,0,0,0,0,0,3,1,-1,6,3,-1,-1,-1,-1,-1,-1,-1,-1,0,-1
2024991454572,2024,991454572,1,9,0,-1,19,1,5,-1,0,0,0,0,4,6,1,1,-1,9,1,34,6,-1,-1,-1,-1,4,-1,0,4
2024451502233,2024,451502233,2,1,0,-1,5,3,7,-1,0,8,0,0,0,0,4,1,-1,2,1,34,6,-1,-1,-1,-1,10,E01030925,0,1
2024061522319,2024,061522319,1,4,0,-1,19,1,7,-1,0,0,0,0,0,0,3,1,-1,6,1,57,9,-1,-1,-1,-1,3,E01005760,0,1
2024010493787,2024,010493787,1,9,0,7,7,7,1,0,0,5,0,0,0,0,4,1,1,1,1,34,6,-1,-1,-1,-1,6,E01003437,0,3
2024501474876,2024,501474876,1,9,0,-1,19,4,8,-1,0,0,2,0,2,3,4,1,-1,9,1,21,5,-1,-1,-1,-1,4,E01020314,0,4
2024552400928,2024,552400928,2,23,0,18,19,4,8,0,0,8,0,0,0,0,1,1,6,6,1,16,4,-1,-1,-1,-1,7,E01020513,0,1
2024052402284,2024,052402284,1,9,0,18,19,3,7,0,0,4,0,0,0,0,1,1,2,2,1,58,9,-1,-1,-1,-1,1,E01034834,0,1
2024010523719,2024,010523719,1,1,0,18,19,1,5,0,0,8,0,0,0,0,4,1,2,2,2,30,6,-1,-1,-1,-1,5,E01003247,0,1
2024010541868,2024,010541868,1,9,0,18,19,2,6,0,0,3,0,0,0,0,3,1,6,6,3,-1,-1,-1,-1,-1,-1,-1,-1,0,-1
2024010501017,2024,010501017,2,9,9,99,99,9,9,99,99,9,9,99,9,99,9,9,6,6,3,-1,-1,-1,-1,-1,-1,-1,-1,0,-1
202417M109524,2024,17M109524,1,1,0,-1,19,2,6,-1,0,8,0,0,0,0,2,1,-1,2,1,55,8,-1,-1,-1,-1,1,E01012111,0,2
2024010490377,2024,010490377,1,1,9,99,99,9,9,99,99,9,9,99,9,99,2,1,6,6,1,27,6,-1,-1,-1,-1,2,E01003918,0,1
2024440262590,2024,440262590,2,9,0,7,7,5,3,0,0,6,0,0,0,0,1,1,6,6,3,-1,-1,-1,-1,-1,-1,-1,-1,0,-1
2024010492623,2024,010492623,2,9,0,99,99,9,9,99,99,9,9,99,9,99,9,9,6,6,3,-1,-1,-1,-1,-1,-1,-1,-1,0,-1
2024522500434,2024,522500434,2,19,4,7,7,5,7,0,0,5,0,0,0,0,4,1,6,6,3,-1,-1,-1,-1,-1,-1,-1,-1,0,-1
2024010559230,2024,010559230,2,9,0,99,99,9,9,99,99,9,9,99,9,99,9,9,6,6,3,-1,-1,-1,-1,-1,-1,8,E01002813,0,1
202454A735224,2024,54A735224,2,9,0,17,19,7,4,0,0,0,0,0,0,0,1,1,6,6,1,31,6,-1,-1,-1,-1,4,E01032113,0,1
2024131401004,2024,131401004,2,9,0,-1,13,1,5,-1,0,0,0,0,0,0,-1,1,-1,6,3,-1,-1,-1,-1,-1,-1,-1,-1,0,-1
2024010491485,2024,010491485,1,9,0,18,19,5,1,9,9,5,0,0,7,0,1,1,6,6,1,33,6,-1,-1,-1,-1,3,E01001796,0,1
2024440109771,2024,440109771,1,19,0,18,19,8,4,0,0,0,0,0,0,0,1,1,1,1,3,-1,-1,-1,-1,-1,-1,-1,-1,0,-1
2024010514741,2024,010514741,2,1,0,18,19,1,5,0,0,0,0,0,0,0,2,1,6,6,1,39,7,-1,-1,-1,-1,2,E01003509,0,2
2024010522092,2024,010522092,2,19,9,99,99,9,9,99,99,0,9,99,9,99,4,1,6,6,3,-1,-1,-1,-1,-1,-1,6,E01017674,0,4
2024461530192,2024,461530192,3,98,1,-1,19,6,2,-1,0,1,0,0,0,0,1,1,-1,6,-1,30,6,-1,-1,-1,-1,-1,-1,0,-1
2024010492861,2024,010492861,2,9,0,9,9,7,5,0,0,9,0,99,0,0,9,1,6,6,1,33,6,-1,-1,-1,-1,10,E01030416,0,4
2024131433710,2024,131433710,2,1,0,-1,5,2,2,-1,0,2,0,0,0,0,2,1,-1,9,1,13,3,-1,-1,-1,-1,2,E01011321,0,1
2024010494700,2024,010494700,2,9,0,18,19,1,5,0,0,8,0,0,0,0,1,2,2,2,1,24,5,-1,-1,-1,-1,7,E01002216,0,2
2024101442003,2024,101442003,1,1,0,-1,19,2,6,-1,0,8,5,0,0,0,1,1,-1,6,1,-1,-1,-1,-1,-1,-1,-1,-1,0,-1
2024010520199,2024,010520199,1,1,0,7,7,2,4,0,0,8,0,0,1,0,1,1,6,6,1,32,6,-1,-1,-1,-1,4,E01002796,0,1
2024520001798,2024,520001798,1,1,0,18,19,8,5,0,0,0,0,0,0,0,9,1,6,6,1,26,6,-1,-1,-1,-1,4,E01014401,0,1
2024161452808,2024,161452808,2,9,0,-1,7,5,8,-1,0,1,0,0,0,0,1,9,-1,6,1,-1,-1,-1,-1,-1,-1,-1,-1,0,-1
2024351423618,2024,351423618,2,1,0,-1,19,5,1,-1,4,8,0,0,3,0,3,1,-1,2,1,25,5,-1,-1,-1,-1,10,E01018234,0,2
2024010527549,2024,010527549,2,1,9,99,99,9,9,99,99,9,9,99,9,99,1,1,6,6,1,-1,-1,-1,-1,-1,-1,3,E01003124,0,1
2024201444455,2024,201444455,2,9,0,-1,19,4,8,-1,0,0,0,0,0,0,3,1,-1,9,1,43,7,-1,-1,-1,-1,3,E01014159,0,4
2024440338378,2024,440338378,1,-1,0,18,19,3,7,0,0,8,0,0,0,0,3,1,6,6,1,14,3,-1,-1,-1,-1,8,E01017175,1,1
2024311411721,2024,311411721,2,1,0,-1,19,1,5,-1,0,0,0,0,0,0,1,1,-1,6,1,34,6,-1,-1,-1,-1,-1,-1,0,-1
2024010494814,2024,010494814,1,3,0,99,99,9,9,99,99,9,9,99,9,99,9,1,6,6,1,29,6,-1,-1,-1,-1,3,E01002774,0,2
2024340WN0872,2024,340WN0872,2,9,0,-1,3,6,2,-1,0,0,0,0,7,0,2,1,-1,6,2,51,8,-1,-1,-1,-1,8,E01032792,0,4
2024440539544,2024,440539544,1,1,0,10,10,6,4,0,0,8,0,0,0,0,2,1,2,2,1,32,6,-1,-1,-1,-1,4,E01023260,0,2
2024411439897,2024,411439897,2,1,-1,-1,19,-1,-1,-1,0,-1,-1,-1,-1,0,-1,1,-1,7,1,64,9,-1,-1,-1,-1,7,E01023356,0,2
2024041492241,2024,041492241,2,9,0,-1,3,5,1,-1,0,0,0,0,0,0,2,1,-1,6,1,30,6,-1,-1,-1,-1,1,E01012578,0,1
2024010523584,2024,010523584,2,1,0,18,19,7,3,0,0,8,0,0,0,0,1,1,2,2,1,59,9,-1,-1,-1,-1,2,E01004420,0,3
2024351506954,2024,351506954,2,1,0,-1,19,3,7,-1,4,8,0,0,0,0,1,1,-1,6,2,30,6,-1,-1,-1,-1,2,E01017946,0,1
2024041394947,2024,041394947,2,9,0,-1,19,5,1,-1,0,1,0,0,2,0,1,1,-1,9,1,-1,-1,-1,-1,-1,-1,-1,-1,0,-1
2024010487793,2024,010487793,1,1,0,18,19,3,7,9,9,6,0,0,0,0,0,1,6,6,1,23,5,-1,-1,-1,-1,-1,-1,0,-1
2024440002228,2024,440002228,2,9,0,18,19,8,4,0,0,0,0,0,0,0,1,1,6,6,2,56,9,-1,-1,-1,-1,4,E01023019,0,2
2024111429563,2024,111429563,1,19,0,-1,12,7,2,-1,0,8,0,0,0,0,3,1,-1,6,1,30,6,-1,-1,-1,-1,-1,-1,0,-1
2024201445989,2024,201445989,2,1,0,-1,19,6,2,-1,0,8,0,0,0,0,1,1,-1,6,1,12,3,-1,-1,-1,-1,2,E01010511,0,1
2024161452781,2024,161452781,1,1,0,-1,19,6,2,-1,0,1,0,0,0,0,1,1,-1,6,1,18,4,-1,-1,-1,-1,10,E01034757,0,1
2024161397406,2024,161397406,2,9,0,-1,9,3,7,-1,0,8,0,0,0,0,4,1,-1,9,1,54,8,-1,-1,-1,-1,5,E01033414,0,1
2024010514200,2024,010514200,2,1,9,99,99,9,9,99,99,9,9,99,9,99,1,1,6,6,3,-1,-1,-1,-1,-1,-1,-1,-1,0,-1
2024440021004,2024,440021004,2,1,0,18,19,8,4,0,0,1,0,0,0,0,1,1,6,6,1,43,7,-1,-1,-1,-1,7,E01035449,0,1
2024411490141,2024,411490141,1,11,0,-1,9,1,7,-1,0,1,0,0,0,0,1,1,-1,1,1,54,8,-1,-1,-1,-1,-1,-1,0,-1
2024010493004,2024,010493004,1,19,0,3,3,7,3,0,0,1,0,0,0,0,2,1,2,2,1,29,6,-1,-1,-1,-1,6,E01021331,0,4
2024141424081,2024,141424081,1,1,0,-1,19,6,2,-1,0,0,0,4,0,0,1,1,-1,6,1,52,8,-1,-1,-1,-1,1,E01007463,0,1
2024010502088,2024,010502088,1,1,9,99,99,9,9,99,99,9,9,8,9,99,9,1,2,2,1,50,8,-1,-1,-1,-1,7,E01003476,0,1
2024041519612,2024,041519612,4,9,0,-1,2,0,0,-1,-1,1,0,0,0,0,4,1,-1,2,2,25,5,-1,-1,-1,-1,1,E01024882,0,1
2024041508611,2024,041508611,2,90,0,-1,7,5,1,-1,0,2,0,11,0,0,3,1,-1,1,1,39,7,-1,-1,-1,-1,7,E01025131,0,2
2024010493093,2024,010493093,1,3,0,99,99,9,9,99,99,0,9,99,9,99,2,1,1,1,3,24,5,-1,-1,-1,-1,3,E01003452,0,1
2024440458703,2024,440458703,2,9,0,18,19,5,1,0,0,8,0,0,0,0,1,1,6,6,1,24,5,-1,-1,-1,-1,9,E01022689,0,1
2024161462989,2024,161462989,1,9,0,-1,2,5,1,-1,9,0,0,8,0,0,4,1,-1,6,2,-1,-1,-1,-1,-1,-1,-1,-1,0,-1
2024052402353,2024,052402353,2,4,0,18,19,1,5,0,0,0,0,0,0,0,1,1,6,6,1,24,5,-1,-1,-1,-1,1,E01006599,0,1
2024430605128,2024,430605128,1,9,0,3,3,4,8,0,0,2,0,0,0,0,2,1,6,6,1,32,6,-1,-1,-1,-1,7,E01016579,0,4
2024991435325,2024,991435325,2,1,0,-1,10,3,8,-1,0,5,5,0,0,0,4,1,-1,9,1,60,9,-1,-1,-1,-1,8,E01030471,0,5
2024351521119,2024,351521119,3,98,0,-1,2,0,0,-1,0,0,0,0,0,0,2,1,-1,6,-1,-1,-1,-1,-1,-1,-1,-1,-1,0,-1
2024361456005,2024,361456005,2,1,0,-1,19,7,3,-1,0,1,0,0,0,0,1,1,-1,6,1,17,4,-1,-1,-1,-1,2,E01026834,0,1
2024430303671,2024,430303671,1,9,0,18,19,4,8,0,0,8,0,0,0,0,3,1,6,6,3,-1,-1,-1,-1,-1,-1,-1,-1,0,-1
2024010489316,2024,010489316,1,9,0,3,3,1,5,0,0,0,0,0,0,0,0,1,6,6,2,29,6,-1,-1,-1,-1,2,E01004535,0,1
2024471458734,2024,471458734,2,1,0,-1,19,4,8,-1,0,1,0,0,0,0,1,1,-1,1,1,26,6,-1,-1,-1,-1,2,E01020910,0,1
2024010488673,2024,010488673,1,9,0,99,99,9,9,99,99,0,9,99,9,99,2,9,6,6,2,27,6,-1,-1,-1,-1,2,E01004214,0,2
2024501475354,2024,501475354,2,9,0,-1,2,0,0,-1,0,0,1,0,1,0,2,1,-1,6,-1,-1,-1,-1,-1,-1,-1,-1,-1,0,-1
2024401441019,2024,401441019,2,9,0,-1,3,5,1,-1,0,0,0,0,0,0,2,1,-1,1,1,63,9,-1,-1,-1,-1,10,E01017419,0,3
2024430007946,2024,430007946,1,9,0,9,9,8,6,0,0,6,0,0,0,0,3,1,6,6,1,73,10,-1,-1,-1,-1,10,E01031214,0,4
2024461404610,2024,461404610,1,9,0,-1,4,5,1,-1,0,0,0,0,0,0,1,9,-1,6,2,-1,-1,-1,-1,-1,-1,8,E01001617,0,3
2024302401725,2024,302401725,2,1,0,-1,19,4,8,-1,0,8,0,0,0,0,4,1,-1,6,1,59,9,-1,-1,-1,-1,10,E01013467,0,1
2024161464997,2024,161464997,1,1,0,-1,19,7,5,-1,0,1,1,0,0,0,4,1,-1,9,1,47,8,-1,-1,-1,-1,4,E01012816,0,2
2024430091445,2024,430091445,1,19,0,16,19,4,7,0,0,0,0,0,0,0,4,1,6,6,3,-1,-1,-1,-1,-1,-1,-1,-1,0,-1
2024061499495,2024,061499495,2,1,0,-1,19,1,5,-1,0,8,0,0,0,0,3,1,-1,6,1,44,7,-1,-1,-1,-1,1,E01005245,0,1
2024622400613,2024,622400613,2,1,0,18,19,8,4,0,0,8,0,0,0,0,4,1,6,6,1,55,8,-1,-1,-1,-1,10,W01001197,0,4
2024131405323,2024,131405323,1,19,0,-1,19,1,1,-1,0,0,0,0,0,0,0,1,-1,6,3,38,7,-1,-1,-1,-1,-1,-1,0,-1
2024201479989,2024,201479989,1,98,0,-1,11,4,8,-1,0,0,0,0,0,0,1,9,-1,6,1,-1,-1,-1,-1,-1,-1,-1,-1,0,-1
2024351519200,2024,351519200,2,9,0,-1,7,1,3,-1,0,1,5,0,0,0,4,1,-1,6,1,53,8,-1,-1,-1,-1,6,E01018111,0,3
2024122400936,2024,122400936,1,9,0,5,5,7,1,0,0,1,0,0,0,0,4,1,6,6,1,66,10,-1,-1,-1,-1,8,E01027748,0,3
2024041443782,2024,041443782,1,98,0,-1,19,7,3,-1,0,1,0,0,0,0,-1,9,-1,6,3,-1,-1,-1,-1,-1,-1,-1,-1,0,-1
2024061512853,2024,061512853,2,9,0,-1,19,1,1,-1,0,1,0,0,0,0,4,1,-1,6,3,21,5,-1,-1,-1,-1,-1,-1,0,-1
2024010496502,2024,010496502,2,1,0,18,19,7,3,0,0,0,0,0,0,0,2,1,6,6,2,39,7,-1,-1,-1,-1,2,E01003049,0,1
2024371449834,2024,371449834,3,9,0,-1,19,1,5,-1,0,0,0,0,0,0,1,1,-1,6,2,25,5,-1,-1,-1,-1,7,E01034573,0,2
2024201531550,2024,201531550,1,9,0,-1,11,2,6,-1,0,1,0,0,0,0,1,9,-1,6,3,-1,-1,-1,-1,-1,-1,-1,-1,0,-1
2024421405543,2024,421405543,2,1,0,-1,19,3,7,-1,0,2,0,0,0,0,1,1,-1,6,1,42,7,-1,-1,-1,-1,3,E01021864,0,1
2024161477997,2024,161477997,1,9,0,-1,19,6,2,-1,0,0,2,0,7,0,1,1,-1,2,2,28,6,-1,-1,-1,-1,6,E01013253,0,2
2024131477951,2024,131477951,1,9,0,-1,-1,-1,-1,-1,-1,0,-1,-1,-1,-1,-1,1,-1,6,3,-1,-1,-1,-1,-1,-1,-1,-1,0,-1
2024461456641,2024,461456641,1,2,0,-1,19,-1,-1,-1,0,0,0,0,0,0,1,1,-1,6,3,-1,-1,-1,-1,-1,-1,-1,-1,0,-1
2024371507621,2024,371507621,1,19,0,-1,19,3,7,-1,0,5,0,0,0,0,1,1,-1,1,1,20,4,-1,-1,-1,-1,9,E01033443,0,4
2024201400592,2024,201400592,1,9,0,-1,1,7,3,-1,0,6,0,0,0,0,2,1,-1,6,2,-1,-1,-1,-1,-1,-1,3,E01010512,0,1
2024052402501,2024,052402501,1,1,0,18,19,2,6,0,0,8,0,0,0,0,1,1,6,6,3,-1,-1,-1,-1,-1,-1,-1,-1,0,-1
2024471450751,2024,471450751,1,-1,0,-1,19,5,1,-1,0,0,0,4,0,0,1,1,-1,9,1,63,9,-1,-1,-1,-1,6,E01034818,1,1
2024371469318,2024,371469318,2,1,0,-1,19,2,4,-1,0,0,0,0,0,0,3,1,-1,9,1,10,2,-1,-1,-1,-1,9,E01030085,0,1
2024320261005,2024,320261005,1,9,0,-1,-1,8,4,0,0,1,0,0,0,0,1,1,-1,-1,2,32,6,-1,-1,-1,-1,9,E01026197,0,2
2024131453172,2024,131453172,2,1,0,-1,19,1,5,-1,0,1,0,0,0,0,3,1,-1,6,1,29,6,-1,-1,-1,-1,1,E01033697,0,1
2024010527152,2024,010527152,2,1,0,18,19,5,1,0,0,1,0,0,0,0,1,1,6,6,1,65,9,-1,-1,-1,-1,4,E01034610,0,1
2024401466453,2024,401466453,2,1,0,-1,19,5,1,-1,0,1,0,0,0,0,1,1,-1,6,1,48,8,-1,-1,-1,-1,6,E01017451,0,3
2024101475996,2024,101475996,2,1,0,-1,-1,0,0,-1,-1,0,0,0,0,0,-1,1,-1,6,1,43,7,-1,-1,-1,-1,5,E01008587,0,1
2024010529667,2024,010529667,2,9,0,18,19,6,2,0,0,1,0,0,0,0,1,1,6,6,3,-1,-1,-1,-1,-1,-1,-1,-1,0,-1
2024451447414,2024,451447414,1,9,0,-1,19,3,7,-1,0,1,0,0,0,0,1,1,-1,9,2,71,10,-1,-1,-1,-1,9,E01030625,0,1
2024010533905,2024,010533905,1,1,9,99,99,9,9,99,99,9,9,99,9,99,9,1,2,2,2,44,7,-1,-1,-1,-1,6,E01002742,0,1
2024991464906,2024,991464906,2,9,0,-1,19,2,6,-1,0,0,0,0,0,0,0,1,-1,1,1,57,9,-1,-1,-1,-1,9,-1,0,5
2024161447246,2024,161447246,1,1,0,-1,3,4,8,-1,0,1,0,0,0,0,2,1,-1,6,1,22,5,-1,-1,-1,-1,2,E01013187,0,1
202454E928924,2024,54E928924,1,19,0,18,19,1,5,0,0,1,0,0,0,0,1,1,6,6,3,-1,-1,-1,-1,-1,-1,-1,-1,0,-1
2024010525522,2024,010525522,1,11,9,99,99,9,9,99,99,9,9,99,9,99,9,1,6,6,3,-1,-1,-1,-1,-1,-1,-1,-1,0,-1
2024071034919,2024,071034919,1,9,0,-1,3,3,7,-1,0,1,0,0,0,0,1,1,-1,1,1,27,6,-1,-1,-1,-1,3,E01012523,0,3
2024070192132,2024,070192132,1,9,0,18,19,1,5,0,0,1,0,0,0,0,3,1,2,2,1,64,9,-1,-1,-1,-1,8,E01012909,0,5
2024010493694,2024,010493694,8,9,0,2,2,0,0,0,0,0,0,0,0,0,1,1,6,6,3,-1,-1,-1,-1,-1,-1,-1,-1,0,-1
2024010528864,2024,010528864,2,1,0,18,19,1,5,4,4,1,0,0,0,0,3,1,6,6,1,34,6,-1,-1,-1,-1,5,E01001164,0,2
2024010493856,2024,010493856,1,11,0,14,14,7,3,0,0,0,0,0,0,0,0,1,1,1,1,46,8,-1,-1,-1,-1,3,E01023310,0,3
2024141399227,2024,141399227,3,98,0,-1,19,3,7,-1,0,0,0,0,0,0,0,9,-1,6,1,40,7,-1,-1,-1,-1,-1,-1,0,-1
2024070873165,2024,070873165,2,1,0,-1,19,6,3,-1,0,8,0,0,0,0,4,1,-1,9,1,61,9,-1,-1,-1,-1,10,E01018644,0,1
2024201446418,2024,201446418,1,9,0,-1,19,5,1,-1,0,0,0,0,0,0,1,9,-1,6,1,60,9,-1,-1,-1,-1,-1,-1,0,-1
2024430165915,2024,430165915,2,1,0,18,19,5,1,5,5,1,0,0,0,0,1,1,6,6,1,21,5,-1,-1,-1,-1,8,E01017660,0,1
2024010523248,2024,010523248,2,9,0,99,99,9,9,99,99,6,9,99,9,99,1,9,6,6,3,-1,-1,-1,-1,-1,-1,-1,-1,0,-1
2024041498343,2024,041498343,1,9,0,-1,5,3,7,-1,9,6,0,0,1,0,3,1,-1,9,1,36,7,-1,-1,-1,-1,6,E01025279,0,3
2024010551738,2024,010551738,1,1,9,99,99,9,9,99,99,9,9,99,9,99,9,1,6,6,3,29,6,-1,-1,-1,-1,7,E01033493,0,1
2024311487068,2024,311487068,1,99,0,-1,19,3,7,-1,0,0,0,0,0,0,1,1,-1,6,3,-1,-1,-1,-1,-1,-1,-1,-1,0,-1
2024010550608,2024,010550608,2,9,0,9,9,1,7,0,0,5,0,0,0,0,1,1,6,6,3,-1,-1,-1,-1,-1,-1,-1,-1,0,-1
2024221397092,2024,221397092,2,4,0,-1,19,1,5,-1,0,8,0,0,0,0,1,1,-1,9,1,59,9,-1,-1,-1,-1,8,E01032123,0,1