collision_index,collision_year,collision_ref_no,vehicle_reference,vehicle_type,towing_and_articulation,vehicle_manoeuvre_historic,vehicle_manoeuvre,vehicle_direction_from,vehicle_direction_to,vehicle_location_restricted_lane_historic,vehicle_location_restricted_lane,junction_location,skidding_and_overturning,hit_object_in_carriageway,vehicle_leaving_carriageway,hit_object_off_carriageway,first_point_of_impact,vehicle_left_hand_drive,journey_purpose_of_driver_historic,journey_purpose_of_driver,sex_of_driver,age_of_driver,age_band_of_driver,engine_capacity_cc,propulsion_code,age_of_vehicle,generic_make_model,driver_imd_decile,lsoa_of_driver,escooter_flag,driver_distance_banding
2024010493282,2024,010493282,2,11,0,99,99,9,9,99,99,9,9,99,9,99,1,9,6,6,3,28,6,-1,-1,-1,-1,-1,-1,0,-1
2024440200537,2024,440200537,2,9,0,18,19,5,1,0,0,8,0,0,0,0,1,1,2,2,1,20,4,-1,-1,-1,-1,7,E01032748,0,1
2024547272324,2024,547272324,2,1,0,18,19,5,1,0,0,0,0,0,0,0,4,1,6,6,1,12,3,-1,-1,-1,-1,9,E01033847,0,1
2024552400143,2024,552400143,1,1,0,18,19,3,7,0,0,8,0,0,0,0,3,1,6,6,1,19,4,-1,-1,-1,-1,6,E01034279,0,1
2024131433858,2024,131433858,1,9,0,-1,19,8,4,-1,0,1,0,0,0,0,1,1,-1,1,1,53,8,-1,-1,-1,-1,2,E01011485,0,1
2024221486195,2024,221486195,2,1,0,-1,14,7,3,-1,0,0,0,8,0,0,1,1,-1,6,1,39,7,-1,-1,-1,-1,6,E01014092,0,1
2024361490232,2024,361490232,2,1,-1,-1,-1,-1,-1,-1,-1,0,-1,-1,-1,0,-1,1,-1,6,2,31,6,-1,-1,-1,-1,6,E01033435,0,1
2024010502794,2024,010502794,1,3,0,18,19,3,7,0,0,1,0,0,0,0,3,1,6,6,1,24,5,-1,-1,-1,-1,-1,-1,0,-1
2024161517433,2024,161517433,1,9,0,-1,19,3,7,-1,0,1,0,0,0,0,1,1,-1,6,1,-1,-1,-1,-1,-1,-1,-1,-1,0,-1
2024991427338,2024,991427338,1,9,0,-1,19,4,8,-1,0,0,0,0,0,0,4,1,-1,6,3,50,8,-1,-1,-1,-1,-1,-1,0,-1
2024131412211,2024,131412211,2,9,0,-1,2,0,0,-1,9,8,0,0,0,0,1,1,-1,6,-1,-1,-1,-1,-1,-1,-1,-1,-1,0,-1
2024201478761,2024,201478761,1,99,0,-1,15,2,6,-1,0,1,0,0,0,0,4,9,-1,9,3,-1,-1,-1,-1,-1,-1,-1,-1,0,-1
2024141426241,2024,141426241,2,9,0,-1,19,3,7,-1,0,1,0,0,3,0,1,1,-1,2,1,29,6,-1,-1,-1,-1,1,E01007327,0,1
2024451441575,2024,451441575,1,1,0,-1,19,3,7,-1,5,1,0,0,0,0,1,1,-1,9,1,34,6,-1,-1,-1,-1,7,E01004493,0,4
2024471407166,2024,471407166,1,9,0,-1,1,5,1,-1,0,0,0,0,0,0,2,1,-1,6,1,-1,-1,-1,-1,-1,-1,-1,-1,0,-1
2024131475794,2024,131475794,2,1,0,-1,19,7,3,-1,0,1,0,0,0,0,2,1,-1,6,1,65,9,-1,-1,-1,-1,6,E01010975,0,1
2024411459366,2024,411459366,1,98,0,-1,19,-1,-1,-1,0,1,0,0,0,0,1,9,-1,6,1,-1,-1,-1,-1,-1,-1,-1,-1,0,-1
2024201482091,2024,201482091,1,9,0,-1,19,7,3,-1,0,3,0,0,0,0,1,9,-1,1,1,35,6,-1,-1,-1,-1,4,E01009229,0,3
2024520401094,2024,520401094,2,9,0,16,19,8,4,0,0,0,0,0,0,0,3,1,6,6,1,24,5,-1,-1,-1,-1,9,E01032651,0,2
2024031494051,2024,031494051,1,98,1,-1,5,6,1,-1,0,0,0,0,0,0,2,9,-1,6,1,40,7,-1,-1,-1,-1,7,E01025130,0,4
2024520002050,2024,520002050,2,9,0,5,5,3,7,0,0,0,0,0,0,0,3,1,6,6,1,41,7,-1,-1,-1,-1,-1,-1,0,-1
2024010531802,2024,010531802,1,1,9,99,99,9,9,99,99,0,9,99,9,99,1,1,2,2,1,40,7,-1,-1,-1,-1,9,E01001279,0,1
2024010527604,2024,010527604,2,1,0,18,19,4,8,0,0,1,0,0,0,0,1,1,6,6,1,21,5,-1,-1,-1,-1,4,E01004417,0,3
2024010514173,2024,010514173,2,1,9,99,99,9,9,99,99,9,9,99,9,99,1,1,1,1,1,-1,-1,-1,-1,-1,-1,-1,-1,0,-1
2024010527437,2024,010527437,2,9,0,99,99,9,9,99,99,9,9,99,9,99,1,9,6,6,3,-1,-1,-1,-1,-1,-1,-1,-1,0,-1
2024522403293,2024,522403293,1,9,0,18,19,5,1,0,0,8,0,0,0,0,1,1,6,6,1,56,9,-1,-1,-1,-1,7,E01029085,0,2
2024101497266,2024,101497266,2,-1,0,-1,19,5,8,-1,0,1,0,0,0,0,2,1,-1,2,1,23,5,-1,-1,-1,-1,-1,-1,1,-1
2024010491945,2024,010491945,1,9,0,3,3,7,3,0,0,2,0,0,0,0,4,1,1,1,1,23,5,-1,-1,-1,-1,4,E01004259,0,1
2024010492284,2024,010492284,1,9,0,9,9,2,7,0,0,3,0,0,7,0,4,1,6,6,2,64,9,-1,-1,-1,-1,5,E01002667,0,1
2024010493794,2024,010493794,1,1,9,99,99,9,9,99,99,9,9,99,9,99,9,1,6,6,2,41,7,-1,-1,-1,-1,4,E01003212,0,1
2024061434114,2024,061434114,1,1,0,-1,4,-1,-1,-1,0,1,0,99,0,0,3,1,-1,9,2,44,7,-1,-1,-1,-1,5,E01006371,0,1
2024131508915,2024,131508915,1,9,0,-1,-1,-1,-1,-1,-1,-1,-1,-1,-1,-1,-1,1,-1,6,3,-1,-1,-1,-1,-1,-1,-1,-1,0,-1
2024401467960,2024,401467960,2,5,0,-1,19,4,8,-1,0,3,0,0,0,0,1,1,-1,9,1,31,6,-1,-1,-1,-1,7,E01017376,0,1
2024430151816,2024,430151816,2,9,0,18,19,4,8,0,0,8,0,0,0,0,4,1,6,6,1,69,10,-1,-1,-1,-1,8,E01027194,0,4
2024201494529,2024,201494529,2,1,0,-1,19,3,7,-1,0,8,0,0,0,0,3,1,-1,7,1,17,4,-1,-1,-1,-1,4,E01010427,0,1
2024161493573,2024,161493573,1,9,0,-1,19,2,6,-1,0,0,0,0,0,0,1,1,-1,6,3,-1,-1,-1,-1,-1,-1,-1,-1,0,-1
2024141494853,2024,141494853,2,98,0,-1,19,5,1,-1,0,0,0,0,0,0,0,9,-1,6,3,-1,-1,-1,-1,-1,-1,-1,-1,0,-1
2024161532217,2024,161532217,2,9,0,-1,19,5,1,-1,0,2,0,0,0,0,1,9,-1,6,3,-1,-1,-1,-1,-1,-1,-1,-1,0,-1
2024131522907,2024,131522907,1,9,0,-1,19,3,7,-1,0,8,0,0,0,0,0,1,-1,9,1,27,6,-1,-1,-1,-1,1,E01011360,0,1
2024010504726,2024,010504726,1,1,0,5,5,5,1,4,4,1,0,10,0,0,0,1,6,6,1,56,9,-1,-1,-1,-1,4,E01000507,0,3
2024340WN4932,2024,340WN4932,3,9,0,-1,19,5,1,-1,0,0,0,0,1,0,3,1,-1,6,1,33,6,-1,-1,-1,-1,8,E01027285,0,3
2024070935906,2024,070935906,1,9,9,-1,19,3,7,-1,0,0,0,0,0,0,9,-1,-1,6,3,-1,-1,-1,-1,-1,-1,-1,-1,0,-1
2024631509612,2024,631509612,1,5,0,-1,13,6,2,-1,0,0,0,0,0,0,1,1,-1,9,2,50,8,-1,-1,-1,-1,8,W01000624,0,4
2024052400613,2024,052400613,1,9,0,5,5,2,6,0,0,0,0,0,0,0,1,1,6,6,3,-1,-1,-1,-1,-1,-1,-1,-1,0,-1
2024131441634,2024,131441634,2,1,0,-1,19,1,1,-1,0,8,0,0,0,0,1,1,-1,6,1,65,9,-1,-1,-1,-1,6,E01010588,0,1
2024010495021,2024,010495021,2,9,0,99,99,9,9,99,99,9,9,99,9,99,9,9,6,6,3,-1,-1,-1,-1,-1,-1,2,E01032513,0,2
2024991505831,2024,991505831,1,22,0,-1,19,8,5,-1,0,2,0,0,0,0,1,1,-1,6,2,69,10,-1,-1,-1,-1,4,-1,0,1
2024201516471,2024,201516471,2,1,0,-1,5,4,6,-1,0,3,0,0,0,0,4,1,-1,1,2,24,5,-1,-1,-1,-1,5,E01009283,0,1
2024010521097,2024,010521097,2,1,0,17,19,4,8,4,4,1,0,0,0,0,2,1,6,6,2,24,5,-1,-1,-1,-1,-1,-1,0,-1
2024141483611,2024,141483611,1,97,0,-1,3,5,1,-1,0,1,2,0,0,0,1,1,-1,6,3,-1,-1,-1,-1,-1,-1,-1,-1,0,-1
2024332400250,2024,332400250,2,1,0,-1,19,4,2,-1,0,0,0,0,0,0,3,1,-1,6,1,70,10,-1,-1,-1,-1,-1,-1,0,-1
2024061507493,2024,061507493,1,-1,0,-1,15,3,7,-1,0,8,0,0,0,0,3,1,-1,6,1,15,3,-1,-1,-1,-1,7,E01004915,1,1
2024501504545,2024,501504545,1,9,0,-1,19,7,3,-1,0,0,0,0,1,4,1,1,-1,9,1,78,11,-1,-1,-1,-1,4,E01018779,0,2
2024141505110,2024,141505110,1,9,0,-1,19,3,7,-1,0,0,0,0,0,0,3,1,-1,7,2,22,5,-1,-1,-1,-1,2,E01007447,0,1
2024332400874,2024,332400874,1,1,0,-1,99,6,2,-1,0,0,0,0,0,0,1,1,-1,2,1,23,5,-1,-1,-1,-1,9,E01013703,0,1
2024101415781,2024,101415781,2,11,0,-1,19,1,5,-1,0,0,0,0,0,0,0,1,-1,1,1,43,7,-1,-1,-1,-1,2,E01020606,0,2
2024161530430,2024,161530430,1,1,0,-1,9,5,3,-1,0,8,5,99,1,0,2,1,-1,6,1,20,4,-1,-1,-1,-1,8,E01012909,0,1
2024010488287,2024,010488287,2,9,0,99,99,9,9,99,99,9,9,99,9,99,1,9,6,6,3,-1,-1,-1,-1,-1,-1,-1,-1,0,-1
2024471426396,2024,471426396,1,1,0,-1,9,4,2,-1,0,8,0,0,0,0,2,1,-1,9,1,73,10,-1,-1,-1,-1,7,E01016878,0,2
2024010493766,2024,010493766,2,9,0,18,19,8,4,0,0,0,0,0,0,0,1,1,6,6,3,-1,-1,-1,-1,-1,-1,-1,-1,0,-1
2024010494090,2024,010494090,1,3,0,99,99,9,9,99,99,9,9,99,9,99,2,1,2,2,1,49,8,-1,-1,-1,-1,6,E01003149,0,2
2024010535670,2024,010535670,2,1,0,18,19,1,5,0,0,1,0,0,0,0,2,1,6,6,2,41,7,-1,-1,-1,-1,7,E01000334,0,1
2024101522136,2024,101522136,1,9,-1,-1,9,8,6,-1,0,6,0,0,0,0,1,9,-1,6,3,-1,-1,-1,-1,-1,-1,-1,-1,0,-1
2024010492930,2024,010492930,1,9,0,18,19,5,1,0,0,0,0,8,0,0,1,1,2,2,2,32,6,-1,-1,-1,-1,9,E01000672,0,1
2024122400373,2024,122400373,2,1,0,15,15,6,2,0,0,4,0,0,0,0,3,1,6,6,2,38,7,-1,-1,-1,-1,10,E01013060,0,2
2024461414335,2024,461414335,1,1,0,-1,4,7,2,-1,0,4,1,0,0,0,4,1,-1,6,1,82,11,-1,-1,-1,-1,9,E01035290,0,1
2024010498072,2024,010498072,2,9,9,99,99,9,9,99,99,9,9,99,9,99,9,9,6,6,2,-1,-1,-1,-1,-1,-1,-1,-1,0,-1
2024041489305,2024,041489305,1,9,0,-1,19,3,7,-1,0,4,0,0,0,0,1,1,-1,6,3,-1,-1,-1,-1,-1,-1,-1,-1,0,-1
2024552500032,2024,552500032,2,9,0,18,19,7,3,0,0,8,0,0,0,0,3,1,6,6,2,40,7,-1,-1,-1,-1,5,E01020562,0,1
2024010492586,2024,010492586,1,4,0,18,19,1,5,0,0,0,0,0,0,0,1,1,6,6,1,34,6,-1,-1,-1,-1,3,E01000545,0,1
2024430091445,2024,430091445,2,1,0,16,19,4,7,0,0,0,0,0,0,0,3,1,6,6,1,26,6,-1,-1,-1,-1,4,E01028543,0,1
2024010492612,2024,010492612,1,1,0,18,19,5,1,0,0,0,0,0,0,0,1,1,6,6,3,24,5,-1,-1,-1,-1,-1,-1,0,-1
2024302400558,2024,302400558,2,19,0,18,19,1,5,0,0,1,0,0,0,0,4,1,6,6,3,-1,-1,-1,-1,-1,-1,5,E01019456,0,4
2024101463338,2024,101463338,1,9,0,-1,-1,-1,-1,-1,-1,0,-1,-1,-1,0,3,9,-1,6,3,-1,-1,-1,-1,-1,-1,-1,-1,0,-1
2024421475218,2024,421475218,1,9,0,-1,7,5,7,-1,0,6,0,0,0,0,1,1,-1,6,1,30,6,-1,-1,-1,-1,4,E01021287,0,3
2024101416448,2024,101416448,2,9,0,-1,19,8,4,-1,0,8,0,0,0,0,1,1,-1,1,1,37,7,-1,-1,-1,-1,2,E01008826,0,1
2024052400231,2024,052400231,1,9,0,18,19,2,6,0,0,0,0,0,0,0,1,1,6,6,3,-1,-1,-1,-1,-1,-1,-1,-1,0,-1
2024201475880,2024,201475880,1,2,0,-1,19,5,1,-1,0,8,0,0,0,0,1,1,-1,6,2,18,4,-1,-1,-1,-1,2,E01009786,0,1
2024411452833,2024,411452833,2,1,0,-1,19,5,1,-1,0,2,0,0,0,0,3,1,-1,6,2,24,5,-1,-1,-1,-1,5,E01023806,0,1
2024010491467,2024,010491467,2,90,0,18,19,3,7,0,0,0,0,0,0,0,2,1,6,6,1,48,8,-1,-1,-1,-1,8,E01002148,0,1
2024061431789,2024,061431789,2,1,0,-1,19,5,1,-1,0,1,0,0,0,0,1,1,-1,6,3,-1,-1,-1,-1,-1,-1,-1,-1,0,-1
2024361396226,2024,361396226,2,9,0,-1,19,1,5,-1,0,0,0,0,1,0,1,1,-1,6,1,46,8,-1,-1,-1,-1,-1,-1,0,-1
2024010515956,2024,010515956,2,1,0,10,10,1,7,0,0,1,0,0,0,0,2,1,6,6,2,21,5,-1,-1,-1,-1,9,E01003905,0,1
2024201535757,2024,201535757,3,9,0,-1,2,0,0,-1,0,0,0,0,0,0,3,1,-1,6,-1,-1,-1,-1,-1,-1,-1,-1,-1,0,-1
2024311404590,2024,311404590,2,90,0,-1,10,1,7,-1,0,6,0,0,0,0,3,1,-1,9,1,64,9,-1,-1,-1,-1,2,E01028067,0,4
2024101413827,2024,101413827,2,9,-1,-1,9,5,3,-1,0,1,0,0,0,0,2,9,-1,9,1,20,4,-1,-1,-1,-1,10,E01027471,0,3
2024010491603,2024,010491603,1,1,9,99,99,9,9,99,99,9,9,99,9,99,1,1,6,6,3,-1,-1,-1,-1,-1,-1,4,E01023873,0,3
2024471469938,2024,471469938,2,1,0,-1,19,4,1,-1,0,8,1,0,0,0,4,1,-1,9,1,32,6,-1,-1,-1,-1,5,E01031809,0,2
2024141403349,2024,141403349,2,9,0,-1,15,1,5,-1,0,0,0,0,0,0,4,9,-1,6,3,-1,-1,-1,-1,-1,-1,-1,-1,0,-1
2024340WN6642,2024,340WN6642,1,9,0,-1,19,7,3,-1,0,0,0,0,0,0,1,1,-1,6,2,45,7,-1,-1,-1,-1,-1,-1,0,-1
2024351414587,2024,351414587,1,9,0,-1,-1,-1,-1,-1,-1,0,-1,-1,-1,0,-1,1,-1,6,3,-1,-1,-1,-1,-1,-1,-1,-1,0,-1
2024501396875,2024,501396875,2,9,0,-1,19,1,3,-1,0,8,0,0,0,0,1,1,-1,6,2,79,11,-1,-1,-1,-1,4,E01020287,0,2
2024010516027,2024,010516027,1,3,9,99,99,9,9,99,99,9,9,99,9,99,9,1,6,6,3,-1,-1,-1,-1,-1,-1,-1,-1,0,-1
2024010517091,2024,010517091,2,1,0,5,5,5,1,0,0,0,0,0,0,0,2,1,2,2,1,27,6,-1,-1,-1,-1,3,E01004584,0,1
2024440257704,2024,440257704,1,9,0,18,19,6,2,0,0,1,0,0,0,0,1,1,6,6,1,80,11,-1,-1,-1,-1,5,E01023285,0,2
2024991410797,2024,991410797,1,9,0,-1,15,1,5,-1,0,0,0,0,0,0,1,1,-1,2,1,53,8,-1,-1,-1,-1,7,E01027390,0,4
2024501454379,2024,501454379,3,9,0,-1,7,5,7,-1,0,6,0,0,0,0,0,9,-1,6,-1,-1,-1,-1,-1,-1,-1,-1,-1,0,-1
2024010493246,2024,010493246,1,3,0,99,99,9,9,99,99,2,9,99,9,99,9,1,1,1,1,25,5,-1,-1,-1,-1,3,E01000558,0,1
2024311406923,2024,311406923,1,-1,0,-1,19,4,8,-1,9,1,0,0,0,0,1,1,-1,6,1,14,3,-1,-1,-1,-1,-1,-1,1,-1
2024010528124,2024,010528124,1,9,0,99,99,9,9,99,99,9,9,99,9,99,9,9,6,6,3,-1,-1,-1,-1,-1,-1,-1,-1,0,-1
2024201493431,2024,201493431,3,9,0,-1,2,0,0,-1,0,0,0,0,0,0,2,9,-1,6,-1,-1,-1,-1,-1,-1,-1,-1,-1,0,-1
2024351492111,2024,351492111,1,9,0,-1,9,7,2,-1,-1,5,0,0,3,10,1,1,-1,9,1,74,10,-1,-1,-1,-1,7,E01018188,0,1
2024451431184,2024,451431184,1,9,0,-1,3,1,3,-1,0,8,0,0,0,0,0,9,-1,6,2,55,8,-1,-1,-1,-1,7,E01030652,0,1
2024311417291,2024,311417291,2,9,0,-1,4,1,5,-1,0,8,0,0,0,0,0,9,-1,6,1,30,6,-1,-1,-1,-1,-1,-1,0,-1
2024320409163,2024,320409163,1,9,0,-1,-1,2,6,0,0,1,0,0,0,0,1,1,6,6,3,-1,-1,-1,-1,-1,-1,-1,-1,0,-1
2024010524461,2024,010524461,1,1,9,99,99,9,9,99,99,0,9,99,9,99,9,1,6,6,1,35,6,-1,-1,-1,-1,2,E01033584,0,1
2024010515111,2024,010515111,2,9,0,99,99,9,9,99,99,9,9,99,9,99,1,9,6,6,3,-1,-1,-1,-1,-1,-1,-1,-1,0,-1
2024010550710,2024,010550710,2,1,0,18,19,5,1,9,9,8,0,0,0,0,1,1,6,6,1,20,4,-1,-1,-1,-1,-1,-1,0,-1
2024010524955,2024,010524955,2,90,0,7,7,2,5,0,0,6,0,0,0,0,0,1,6,6,1,-1,-1,-1,-1,-1,-1,-1,-1,0,-1
2024010543939,2024,010543939,2,1,9,99,99,9,9,99,99,9,9,99,9,99,9,1,6,6,2,-1,-1,-1,-1,-1,-1,-1,-1,0,-1
2024041471394,2024,041471394,1,90,4,-1,12,3,7,-1,0,8,0,0,0,0,3,2,-1,1,1,33,6,-1,-1,-1,-1,-1,-1,0,-1
2024332400779,2024,332400779,2,1,0,-1,19,1,5,-1,0,0,0,0,1,0,2,1,-1,6,1,24,5,-1,-1,-1,-1,7,E01025673,0,1
2024052401917,2024,052401917,2,1,0,3,3,4,8,0,0,1,0,0,0,0,1,1,6,6,1,14,3,-1,-1,-1,-1,1,E01033228,0,1
2024010561184,2024,010561184,1,1,9,99,99,9,9,99,99,9,9,99,9,99,2,1,6,6,2,32,6,-1,-1,-1,-1,3,E01003983,0,2
2024221441771,2024,221441771,2,9,0,-1,4,6,2,-1,0,8,0,0,0,0,2,1,-1,6,1,66,10,-1,-1,-1,-1,5,E01014008,0,4
2024340WN2242,2024,340WN2242,2,1,0,-1,19,1,5,-1,0,1,0,8,0,0,1,1,-1,1,1,36,7,-1,-1,-1,-1,3,E01027227,0,1
2024531510272,2024,531510272,4,9,0,-1,2,0,0,-1,0,0,0,0,0,0,1,1,-1,7,2,33,6,-1,-1,-1,-1,10,E01022439,0,1
2024010515551,2024,010515551,2,1,0,18,19,5,1,4,4,8,0,0,0,0,1,1,6,6,1,18,4,-1,-1,-1,-1,4,E01003222,0,1
2024552401141,2024,552401141,1,9,0,9,9,6,4,0,0,8,0,0,0,0,3,1,6,6,1,75,10,-1,-1,-1,-1,6,E01020493,0,3
2024211482711,2024,211482711,2,19,0,-1,19,1,5,-1,0,4,0,0,0,0,1,1,-1,6,1,61,9,-1,-1,-1,-1,-1,-1,0,-1
2024010528597,2024,010528597,2,22,0,99,99,9,9,0,0,0,0,0,0,0,9,1,6,6,2,54,8,-1,-1,-1,-1,8,E01002518,0,1
2024201406922,2024,201406922,1,9,0,-1,9,4,2,-1,0,8,0,0,0,0,1,1,-1,6,3,-1,-1,-1,-1,-1,-1,-1,-1,0,-1
2024010514440,2024,010514440,1,9,0,18,19,1,5,0,0,1,0,0,0,0,9,9,6,6,2,91,11,-1,-1,-1,-1,-1,-1,0,-1
2024340WN4202,2024,340WN4202,1,1,0,-1,19,3,7,-1,0,8,0,0,0,0,1,1,-1,6,1,15,3,-1,-1,-1,-1,7,E01027259,0,1
2024430282059,2024,430282059,1,19,0,18,19,5,1,0,0,6,1,0,7,4,3,1,6,6,1,40,7,-1,-1,-1,-1,-1,-1,0,-1
2024010526422,2024,010526422,1,9,0,18,19,5,1,0,0,1,0,0,0,0,1,1,6,6,3,-1,-1,-1,-1,-1,-1,-1,-1,0,-1
2024401474734,2024,401474734,2,1,0,-1,19,2,6,-1,4,1,0,0,0,0,1,1,-1,9,1,17,4,-1,-1,-1,-1,4,E01015751,0,1
2024010488741,2024,010488741,1,3,0,99,99,9,9,99,99,9,9,99,9,99,9,1,1,1,1,36,7,-1,-1,-1,-1,5,E01003654,0,1
2024631492602,2024,631492602,2,22,0,-1,19,7,3,-1,0,0,0,0,0,0,3,1,-1,6,1,89,11,-1,-1,-1,-1,5,W01001611,0,5
2024440284276,2024,440284276,2,-1,0,18,19,5,1,0,0,0,0,0,0,0,1,1,2,2,1,13,3,-1,-1,-1,-1,4,E01017258,1,1
2024552401165,2024,552401165,1,4,0,13,13,7,3,0,0,8,1,0,0,0,4,1,6,6,1,66,10,-1,-1,-1,-1,3,E01015386,0,3
2024522402418,2024,522402418,1,9,0,18,19,6,2,0,0,0,0,0,0,0,1,1,6,6,2,64,9,-1,-1,-1,-1,6,E01014642,0,2
2024010493194,2024,010493194,2,8,0,99,99,9,9,99,99,9,9,99,9,99,1,9,6,6,3,-1,-1,-1,-1,-1,-1,-1,-1,0,-1
2024610011224,2024,610011224,1,19,0,7,7,4,6,0,0,6,0,0,0,0,2,1,1,1,1,32,6,-1,-1,-1,-1,6,W01001204,0,3
2024440225617,2024,440225617,2,1,0,18,19,3,7,0,0,8,0,0,0,0,4,1,6,6,1,50,8,-1,-1,-1,-1,5,E01017137,0,1
2024161471331,2024,161471331,2,1,0,-1,19,1,5,-1,0,0,0,0,0,0,1,1,-1,6,1,44,7,-1,-1,-1,-1,3,E01012899,0,2
2024430457734,2024,430457734,2,1,0,3,3,3,7,0,0,1,0,0,1,0,3,1,6,6,2,-1,-1,-1,-1,-1,-1,-1,-1,0,-1
2024010551654,2024,010551654,1,1,0,18,19,4,8,0,0,0,0,0,0,0,1,1,6,6,3,-1,-1,-1,-1,-1,-1,-1,-1,0,-1
2024411433528,2024,411433528,1,9,0,-1,5,7,1,-1,0,6,0,0,0,0,1,1,-1,6,2,43,7,-1,-1,-1,-1,5,E01023322,0,1
2024421523202,2024,421523202,1,99,0,-1,3,7,3,-1,0,1,0,0,0,0,1,1,-1,2,1,35,6,-1,-1,-1,-1,4,E01015906,0,1
2024010539140,2024,010539140,2,1,0,3,3,3,7,0,0,1,0,0,0,0,4,1,6,6,1,32,6,-1,-1,-1,-1,4,E01002620,0,3
2024010538929,2024,010538929,2,1,0,5,5,5,1,0,0,2,0,0,0,0,2,1,1,1,1,30,6,-1,-1,-1,-1,3,E01002637,0,1
2024010493487,2024,010493487,1,3,0,99,99,9,9,99,99,1,9,99,9,99,1,1,1,1,1,35,6,-1,-1,-1,-1,3,E01003430,0,1
2024010487974,2024,010487974,1,9,0,4,4,5,1,0,0,1,0,4,0,0,1,1,1,1,2,53,8,-1,-1,-1,-1,4,E01000997,0,2
202417M117424,2024,17M117424,2,1,0,-1,19,6,2,-1,0,8,0,0,0,0,4,1,-1,2,1,35,6,-1,-1,-1,-1,1,E01012020,0,1
2024010534498,2024,010534498,2,1,9,99,99,9,9,99,99,9,9,99,9,99,0,1,2,2,2,40,7,-1,-1,-1,-1,4,E01002796,0,1
2024311465318,2024,311465318,1,9,0,-1,4,2,4,-1,0,1,0,0,0,0,1,1,-1,9,2,40,7,-1,-1,-1,-1,4,E01028252,0,1
2024010496807,2024,010496807,2,9,0,99,99,9,9,99,99,9,9,99,9,99,9,9,6,6,3,-1,-1,-1,-1,-1,-1,-1,-1,0,-1
2024010496802,2024,010496802,2,9,0,99,99,9,9,99,99,9,9,99,9,99,1,9,6,6,3,49,8,-1,-1,-1,-1,9,E01003011,0,1
2024131492674,2024,131492674,1,23,0,-1,19,2,6,-1,0,8,2,0,0,0,1,1,-1,6,1,31,6,-1,-1,-1,-1,1,E01011791,0,1
2024522402253,2024,522402253,2,1,0,18,19,9,9,0,0,1,0,0,0,0,1,1,6,6,3,-1,-1,-1,-1,-1,-1,-1,-1,0,-1
2024610006724,2024,610006724,1,4,0,18,19,5,1,0,0,8,0,0,0,0,4,1,6,6,1,18,4,-1,-1,-1,-1,6,W01001534,0,1
2024010493684,2024,010493684,2,4,0,13,13,8,4,0,0,1,0,0,0,0,1,1,6,6,1,29,6,-1,-1,-1,-1,5,E01000360,0,1
2024101438116,2024,101438116,1,8,0,-1,4,5,1,-1,0,4,0,0,0,0,1,1,-1,1,1,62,9,-1,-1,-1,-1,2,E01008335,0,1
2024010495675,2024,010495675,1,9,0,14,14,6,2,0,0,0,0,0,0,0,3,1,6,6,2,31,6,-1,-1,-1,-1,3,E01004349,0,1
2024440136274,2024,440136274,1,9,0,18,19,5,1,0,0,0,1,0,2,7,1,1,6,6,1,23,5,-1,-1,-1,-1,8,E01000574,0,4
2024131489180,2024,131489180,2,19,0,-1,-1,-1,-1,-1,-1,2,-1,-1,-1,-1,-1,1,-1,6,3,-1,-1,-1,-1,-1,-1,-1,-1,0,-1
2024010525873,2024,010525873,2,19,0,18,19,3,7,0,0,1,0,0,0,0,1,9,6,6,3,-1,-1,-1,-1,-1,-1,-1,-1,0,-1
2024010498015,2024,010498015,1,9,0,99,99,9,9,99,99,0,9,99,9,99,9,9,6,6,3,-1,-1,-1,-1,-1,-1,-1,-1,0,-1
2024552400653,2024,552400653,2,1,0,18,19,4,8,0,0,0,0,10,0,0,3,1,6,6,2,43,7,-1,-1,-1,-1,9,E01015299,0,3
2024131418867,2024,131418867,1,1,0,-1,19,3,7,-1,0,0,0,0,0,0,3,1,-1,9,1,14,3,-1,-1,-1,-1,1,E01011344,0,1
2024201503177,2024,201503177,1,9,0,-1,9,3,1,-1,0,5,0,0,0,0,3,1,-1,6,3,-1,-1,-1,-1,-1,-1,-1,-1,0,-1
2024010491486,2024,010491486,2,9,0,99,99,9,9,99,99,9,9,99,9,99,2,9,6,6,3,-1,-1,-1,-1,-1,-1,-1,-1,0,-1
2024622400713,2024,622400713,3,1,0,18,19,6,4,0,0,0,0,0,0,0,1,1,6,6,1,51,8,-1,-1,-1,-1,10,W01001159,0,3
2024010493521,2024,010493521,1,9,0,99,99,9,9,0,0,0,9,99,9,99,2,9,2,2,1,38,7,-1,-1,-1,-1,8,E01034364,0,3
2024010535517,2024,010535517,2,9,0,99,99,9,9,99,99,9,9,99,9,99,1,9,6,6,3,-1,-1,-1,-1,-1,-1,-1,-1,0,-1
2024041438928,2024,041438928,2,18,0,-1,19,5,1,-1,1,6,0,0,0,0,1,1,-1,1,1,29,6,-1,-1,-1,-1,7,E01024990,0,3
2024552400057,2024,552400057,3,9,0,8,8,5,6,0,0,6,0,0,0,0,1,1,6,6,2,42,7,-1,-1,-1,-1,9,E01015316,0,1
2024010519991,2024,010519991,1,1,0,5,5,5,1,9,9,0,2,0,0,0,0,1,1,1,1,22,5,-1,-1,-1,-1,4,E01002487,0,1
202460Q181423,2024,60Q181423,1,90,0,18,19,3,7,4,4,0,0,0,7,1,1,1,6,6,1,19,4,-1,-1,-1,-1,-1,-1,0,-1
2024302401264,2024,302401264,2,22,0,18,19,3,7,0,0,1,0,0,0,0,1,1,6,6,2,79,11,-1,-1,-1,-1,3,E01019580,0,1
2024501483393,2024,501483393,2,9,0,-1,2,0,0,-1,0,0,0,0,0,0,3,1,-1,6,-1,-1,-1,-1,-1,-1,-1,-1,-1,0,-1
2024340WN4782,2024,340WN4782,1,19,0,-1,19,3,6,-1,0,0,0,0,0,0,1,1,-1,6,1,51,8,-1,-1,-1,-1,7,E01026994,0,1
2024010487672,2024,010487672,2,11,0,5,5,5,1,0,0,8,0,0,0,0,1,1,1,1,1,41,7,-1,-1,-1,-1,4,-1,0,5