collision_index,collision_year,collision_ref_no,vehicle_reference,vehicle_type,towing_and_articulation,vehicle_manoeuvre_historic,vehicle_manoeuvre,vehicle_direction_from,vehicle_direction_to,vehicle_location_restricted_lane_historic,vehicle_location_restricted_lane,junction_location,skidding_and_overturning,hit_object_in_carriageway,vehicle_leaving_carriageway,hit_object_off_carriageway,first_point_of_impact,vehicle_left_hand_drive,journey_purpose_of_driver_historic,journey_purpose_of_driver,sex_of_driver,age_of_driver,age_band_of_driver,engine_capacity_cc,propulsion_code,age_of_vehicle,generic_make_model,driver_imd_decile,lsoa_of_driver,escooter_flag,driver_distance_banding
2024311433327,2024,311433327,1,1,0,-1,19,3,7,-1,9,5,0,10,3,0,0,1,-1,1,1,30,6,-1,-1,-1,-1,-1,-1,0,-1
2024991445594,2024,991445594,2,9,0,-1,19,8,4,-1,0,2,0,0,0,0,4,1,-1,9,2,51,8,-1,-1,-1,-1,6,-1,0,1
2024361441358,2024,361441358,1,-1,0,-1,19,8,4,-1,4,0,5,7,0,0,1,1,-1,9,2,41,7,-1,-1,-1,-1,7,E01026508,1,2
2024131523009,2024,131523009,1,9,0,-1,19,3,7,-1,0,8,0,0,0,0,1,1,-1,6,1,22,5,-1,-1,-1,-1,3,E01028577,0,5
2024010497177,2024,010497177,2,3,9,99,99,9,9,99,99,9,9,99,9,99,9,1,6,6,3,-1,-1,-1,-1,-1,-1,-1,-1,0,-1
2024010549928,2024,010549928,2,1,0,18,19,5,1,0,0,8,1,0,0,0,0,1,2,2,2,50,8,-1,-1,-1,-1,5,E01001138,0,1
2024421503834,2024,421503834,2,1,0,-1,3,6,2,-1,0,0,0,0,0,0,2,1,-1,9,1,48,8,-1,-1,-1,-1,3,E01021339,0,1
2024010542475,2024,010542475,2,1,9,99,99,9,9,99,99,9,9,99,9,99,1,1,6,6,1,22,5,-1,-1,-1,-1,3,E01035678,0,1
2024161405498,2024,161405498,1,-1,0,-1,19,6,2,-1,0,0,0,0,0,0,1,1,-1,6,3,-1,-1,-1,-1,-1,-1,-1,-1,1,-1
2024131466175,2024,131466175,1,9,0,-1,19,7,3,-1,0,1,0,0,0,0,-1,1,-1,6,3,-1,-1,-1,-1,-1,-1,-1,-1,0,-1
2024010500269,2024,010500269,2,5,0,4,4,5,1,0,0,1,5,0,0,0,1,1,6,6,1,23,5,-1,-1,-1,-1,3,E01001440,0,3
2024010499227,2024,010499227,1,1,9,99,99,9,9,99,99,9,9,99,9,99,1,1,1,1,1,23,5,-1,-1,-1,-1,3,E01000506,0,2
2024332400981,2024,332400981,2,1,0,-1,19,1,5,-1,0,8,0,0,0,0,1,1,-1,6,1,55,8,-1,-1,-1,-1,1,E01013603,0,1
2024991507739,2024,991507739,1,99,0,-1,19,4,8,-1,0,0,0,0,0,0,3,1,-1,6,1,45,7,-1,-1,-1,-1,-1,-1,0,-1
2024430224564,2024,430224564,1,1,0,18,19,5,1,9,9,0,0,0,0,0,1,1,6,6,1,30,6,-1,-1,-1,-1,-1,-1,0,-1
2024201448680,2024,201448680,1,9,0,-1,15,2,6,-1,0,1,0,0,0,0,1,9,-1,6,1,30,6,-1,-1,-1,-1,-1,-1,0,-1
2024311524388,2024,311524388,2,1,0,-1,7,7,8,-1,0,6,0,0,0,0,3,1,-1,6,1,56,9,-1,-1,-1,-1,-1,-1,0,-1
2024061504469,2024,061504469,2,9,0,-1,19,2,7,-1,0,1,0,0,0,0,1,1,-1,6,1,54,8,-1,-1,-1,-1,4,E01004920,0,1
2024430037480,2024,430037480,3,9,0,16,19,2,4,0,0,0,0,0,0,0,0,1,6,6,3,-1,-1,-1,-1,-1,-1,-1,-1,0,-1
2024320695072,2024,320695072,2,9,0,4,4,6,2,0,0,0,0,0,0,0,2,1,1,1,2,24,5,-1,-1,-1,-1,3,E01026024,0,1
2024010506611,2024,010506611,1,1,0,18,19,5,1,0,0,8,5,0,0,0,0,1,2,2,2,48,8,-1,-1,-1,-1,2,E01002831,0,1
2024010518450,2024,010518450,2,1,0,18,19,7,3,0,0,1,0,0,0,0,1,1,1,1,1,41,7,-1,-1,-1,-1,8,E01004602,0,1
2024421484194,2024,421484194,2,9,0,-1,19,6,2,-1,0,0,5,0,1,5,1,1,-1,9,1,81,11,-1,-1,-1,-1,6,E01021742,0,3
2024061398624,2024,061398624,1,9,0,-1,15,3,7,-1,0,0,5,4,0,0,4,1,-1,9,1,87,11,-1,-1,-1,-1,6,E01006202,0,1
2024340WN2822,2024,340WN2822,1,1,0,-1,19,1,5,-1,0,0,0,0,0,0,1,1,-1,1,1,-1,-1,-1,-1,-1,-1,-1,-1,0,-1
2024332400102,2024,332400102,2,9,0,-1,19,6,2,-1,0,0,0,0,0,0,1,1,-1,6,1,-1,-1,-1,-1,-1,-1,-1,-1,0,-1
2024421438133,2024,421438133,2,1,0,-1,19,2,6,-1,0,0,0,0,0,0,3,1,-1,2,2,40,7,-1,-1,-1,-1,4,E01021849,0,1
2024010497325,2024,010497325,2,9,0,4,4,1,5,0,0,1,0,0,0,0,1,1,1,1,1,42,7,-1,-1,-1,-1,2,E01002003,0,4
2024311423380,2024,311423380,2,18,-1,-1,19,6,2,-1,1,1,0,0,0,0,1,1,-1,1,2,26,6,-1,-1,-1,-1,1,E01028276,0,4
2024061448818,2024,061448818,2,1,0,-1,19,1,5,-1,4,-1,0,0,0,0,1,1,-1,6,1,62,9,-1,-1,-1,-1,1,E01005132,0,2
2024552400958,2024,552400958,1,19,0,18,19,6,2,0,0,0,0,0,0,0,1,1,6,6,1,72,10,-1,-1,-1,-1,7,E01020436,0,1
2024010497774,2024,010497774,2,1,0,18,19,3,7,5,5,1,0,0,0,0,1,1,1,1,1,43,7,-1,-1,-1,-1,-1,-1,0,-1
2024131478506,2024,131478506,2,1,0,-1,19,6,2,-1,0,1,5,0,1,0,2,1,-1,6,1,15,3,-1,-1,-1,-1,1,E01010821,0,1
2024421493884,2024,421493884,1,9,0,-1,19,3,7,-1,0,0,0,0,0,0,1,1,-1,1,1,19,4,-1,-1,-1,-1,5,E01032523,0,4
2024440144430,2024,440144430,1,1,0,9,9,6,4,0,0,8,0,0,0,0,3,1,2,2,1,36,7,-1,-1,-1,-1,-1,-1,0,-1
2024531469982,2024,531469982,2,9,0,-1,6,3,7,-1,0,0,0,0,0,0,3,1,-1,9,1,50,8,-1,-1,-1,-1,10,W01001512,0,4
2024101419973,2024,101419973,1,9,0,-1,5,8,4,-1,0,1,0,0,0,0,1,1,-1,9,2,76,11,-1,-1,-1,-1,1,E01027431,0,1
2024101530712,2024,101530712,2,1,0,-1,19,8,4,-1,0,0,0,0,0,0,2,1,-1,9,1,16,4,-1,-1,-1,-1,7,E01008465,0,3
2024461481229,2024,461481229,2,1,-1,-1,19,-1,-1,-1,0,0,0,0,0,0,3,1,-1,6,1,26,6,-1,-1,-1,-1,7,E01024302,0,4
2024010526482,2024,010526482,1,9,0,7,7,3,6,0,0,1,0,0,0,0,4,1,6,6,1,25,5,-1,-1,-1,-1,3,E01033599,0,1
2024401405478,2024,401405478,2,1,-1,-1,-1,-1,-1,-1,-1,-1,-1,-1,-1,0,-1,1,-1,7,1,13,3,-1,-1,-1,-1,4,E01033835,0,1
2024501486053,2024,501486053,2,1,0,-1,19,-1,-1,-1,0,0,1,0,0,0,3,1,-1,6,3,-1,-1,-1,-1,-1,-1,-1,-1,0,-1
2024610016624,2024,610016624,1,9,0,18,19,4,8,0,0,0,0,0,0,0,1,1,2,2,1,61,9,-1,-1,-1,-1,2,W01001532,0,3
2024421424644,2024,421424644,2,19,4,-1,19,7,3,-1,0,0,0,0,0,0,2,1,-1,6,-1,17,4,-1,-1,-1,-1,-1,-1,0,-1
2024010493503,2024,010493503,1,9,0,18,19,5,1,0,0,1,0,0,0,0,1,1,6,6,2,63,9,-1,-1,-1,-1,2,E01000022,0,1
2024471459622,2024,471459622,2,1,0,-1,3,2,4,-1,0,8,0,0,0,0,3,1,-1,6,2,26,6,-1,-1,-1,-1,7,E01016889,0,1
2024122500166,2024,122500166,2,1,0,18,19,7,3,0,0,8,1,0,0,0,0,1,6,6,1,39,7,-1,-1,-1,-1,9,E01013392,0,1
2024548562724,2024,548562724,2,9,0,4,4,5,7,0,0,1,0,0,0,0,2,1,1,1,2,32,6,-1,-1,-1,-1,4,E01031980,0,2
2024010509124,2024,010509124,2,-1,0,18,19,5,1,9,9,1,5,0,0,0,1,2,6,6,1,41,7,-1,-1,-1,-1,4,E01001467,1,1
2024010544493,2024,010544493,1,9,0,99,99,9,9,99,99,9,9,99,9,99,9,9,6,6,3,-1,-1,-1,-1,-1,-1,-1,-1,0,-1
2024061431806,2024,061431806,1,98,0,-1,4,4,8,-1,0,0,0,0,0,0,1,9,-1,6,3,-1,-1,-1,-1,-1,-1,-1,-1,0,-1
2024010539994,2024,010539994,2,9,0,99,99,9,9,99,99,6,9,99,9,99,9,9,6,6,3,-1,-1,-1,-1,-1,-1,4,E01030601,0,4
2024010534911,2024,010534911,2,9,0,13,13,3,7,0,0,1,1,7,0,0,4,1,6,6,3,-1,-1,-1,-1,-1,-1,-1,-1,0,-1
2024481561489,2024,481561489,2,1,0,-1,4,7,3,-1,0,0,0,0,0,0,2,1,-1,2,2,27,6,-1,-1,-1,-1,-1,-1,0,-1
2024430396927,2024,430396927,1,9,0,9,9,2,8,0,0,6,0,0,0,0,3,1,1,1,1,21,5,-1,-1,-1,-1,7,E01009554,0,4
2024010497306,2024,010497306,2,19,0,99,99,9,9,99,99,9,9,99,9,99,9,9,6,6,3,-1,-1,-1,-1,-1,-1,2,E01003267,0,1
2024061454054,2024,061454054,1,1,0,-1,7,-1,-1,-1,0,1,0,0,0,0,3,1,-1,2,2,37,7,-1,-1,-1,-1,9,E01006192,0,1
2024401465206,2024,401465206,2,1,0,-1,19,-1,-1,-1,0,1,0,0,0,0,1,1,-1,2,1,35,6,-1,-1,-1,-1,5,E01015739,0,1
2024010523311,2024,010523311,1,1,9,99,99,9,9,99,99,9,9,99,9,99,1,1,2,2,1,39,7,-1,-1,-1,-1,3,E01000925,0,1
2024340WN1542,2024,340WN1542,2,9,0,-1,5,5,1,-1,0,4,0,0,0,0,1,1,-1,1,1,44,7,-1,-1,-1,-1,3,E01027240,0,1
2024471439115,2024,471439115,2,9,0,-1,10,1,5,-1,0,1,0,0,0,0,3,1,-1,9,1,55,8,-1,-1,-1,-1,6,E01031506,0,4
2024052401270,2024,052401270,2,1,0,5,5,4,8,0,0,1,0,0,0,0,2,1,6,6,1,24,5,-1,-1,-1,-1,2,E01006748,0,1
2024010521548,2024,010521548,1,1,0,5,5,5,1,0,0,1,0,0,0,0,1,1,6,6,1,34,6,-1,-1,-1,-1,2,E01033737,0,4
2024122401085,2024,122401085,1,9,0,16,19,5,1,0,0,0,0,0,0,0,0,1,1,1,1,71,10,-1,-1,-1,-1,5,E01027778,0,4
2024061522948,2024,061522948,2,9,0,-1,19,-1,-1,-1,0,8,0,99,0,0,1,1,-1,6,3,-1,-1,-1,-1,-1,-1,-1,-1,0,-1
2024161398465,2024,161398465,2,1,0,-1,19,5,1,-1,0,0,0,0,0,0,3,1,-1,6,1,14,3,-1,-1,-1,-1,-1,-1,0,-1
202454A775324,2024,54A775324,2,1,0,18,19,1,5,0,0,1,0,0,0,0,3,1,6,6,1,62,9,-1,-1,-1,-1,8,E01017178,0,4
2024010493694,2024,010493694,4,9,0,18,19,5,1,0,0,0,0,0,0,0,1,1,6,6,2,45,7,-1,-1,-1,-1,2,E01000102,0,1
2024010516286,2024,010516286,2,1,0,18,19,5,1,0,0,8,0,0,0,0,3,1,6,6,1,29,6,-1,-1,-1,-1,3,E01002765,0,1
2024010503799,2024,010503799,2,1,0,7,7,7,1,0,0,6,0,0,0,0,3,1,1,1,1,28,6,-1,-1,-1,-1,6,E01003781,0,4
2024332400482,2024,332400482,2,1,0,-1,19,8,4,-1,0,2,0,0,0,0,2,1,-1,6,1,58,9,-1,-1,-1,-1,2,E01032602,0,1
2024010542707,2024,010542707,1,1,0,18,19,7,3,0,0,0,5,0,0,0,1,1,6,6,1,24,5,-1,-1,-1,-1,2,E01001388,0,2
2024010503094,2024,010503094,2,9,0,99,99,9,9,99,99,9,9,99,9,99,9,9,6,6,3,-1,-1,-1,-1,-1,-1,-1,-1,0,-1
2024161456184,2024,161456184,2,9,0,-1,19,8,3,-1,0,1,0,0,0,0,1,1,-1,6,1,46,8,-1,-1,-1,-1,8,E01013033,0,1
2024421496857,2024,421496857,1,1,0,-1,19,5,1,-1,0,0,0,4,0,0,1,1,-1,9,1,26,6,-1,-1,-1,-1,-1,-1,0,-1
2024340WN6132,2024,340WN6132,1,9,0,-1,9,2,8,-1,0,0,0,0,0,0,0,1,-1,9,1,52,8,-1,-1,-1,-1,3,E01027188,0,1
2024010493716,2024,010493716,1,8,0,5,5,0,1,6,6,6,0,0,0,0,4,2,6,6,1,51,8,-1,-1,-1,-1,4,E01003548,0,1
2024010526624,2024,010526624,1,9,0,2,2,0,0,0,0,9,0,99,0,0,4,9,6,6,3,-1,-1,-1,-1,-1,-1,-1,-1,0,-1
2024161502364,2024,161502364,1,97,0,-1,19,6,2,-1,0,0,0,0,0,0,4,1,-1,6,3,-1,-1,-1,-1,-1,-1,-1,-1,0,-1
2024010489742,2024,010489742,1,21,1,12,12,7,3,0,0,0,0,0,0,0,1,2,1,1,1,31,6,-1,-1,-1,-1,-1,-1,0,-1
2024351480026,2024,351480026,1,9,0,-1,-1,-1,-1,-1,0,8,-1,-1,-1,0,-1,9,-1,6,1,50,8,-1,-1,-1,-1,7,E01018140,0,1
2024421512223,2024,421512223,1,9,0,-1,3,5,1,-1,0,0,0,0,0,0,1,1,-1,9,2,36,7,-1,-1,-1,-1,4,E01027996,0,5
2024522500371,2024,522500371,2,9,0,18,19,9,9,0,0,8,0,0,0,0,1,1,6,6,3,-1,-1,-1,-1,-1,-1,-1,-1,0,-1
2024010488750,2024,010488750,1,19,0,9,9,4,2,0,0,5,0,0,3,0,2,1,1,1,1,40,7,-1,-1,-1,-1,5,E01000975,0,1
2024610021524,2024,610021524,1,90,0,18,19,8,4,0,0,0,0,0,0,0,1,1,6,6,1,37,7,-1,-1,-1,-1,5,W01001458,0,1
2024991433682,2024,991433682,2,9,0,-1,19,8,4,-1,0,1,0,0,0,0,1,1,-1,6,2,52,8,-1,-1,-1,-1,4,-1,0,3
2024010487990,2024,010487990,1,3,0,99,99,9,9,99,99,9,9,99,9,99,9,1,6,6,1,43,7,-1,-1,-1,-1,6,E01001091,0,4
2024141438775,2024,141438775,2,9,0,-1,19,8,4,-1,0,8,0,0,0,0,3,1,-1,9,2,54,8,-1,-1,-1,-1,8,E01007612,0,1
2024041500575,2024,041500575,1,9,0,-1,19,-1,-1,-1,0,0,0,0,0,0,-1,9,-1,6,3,-1,-1,-1,-1,-1,-1,-1,-1,0,-1
2024010546095,2024,010546095,1,1,9,99,99,9,9,99,99,9,9,99,9,99,9,1,6,6,2,38,7,-1,-1,-1,-1,7,E01004634,0,1
2024122500181,2024,122500181,2,9,0,4,4,6,2,0,0,0,0,0,0,0,2,1,2,2,1,39,7,-1,-1,-1,-1,4,E01012145,0,4
2024371516658,2024,371516658,2,9,0,-1,19,1,5,-1,0,0,0,0,0,0,3,1,-1,9,1,30,6,-1,-1,-1,-1,5,E01030245,0,3
2024010505149,2024,010505149,3,9,0,4,4,3,7,0,0,1,0,0,0,0,1,1,1,1,2,24,5,-1,-1,-1,-1,2,E01001339,0,2
2024010532231,2024,010532231,2,9,0,99,99,9,9,99,99,9,9,99,9,99,1,9,6,6,3,-1,-1,-1,-1,-1,-1,-1,-1,0,-1
2024361432813,2024,361432813,1,9,0,-1,19,5,1,-1,0,0,2,0,2,0,4,1,-1,1,1,35,6,-1,-1,-1,-1,4,E01026677,0,3
2024501423576,2024,501423576,1,9,0,-1,1,1,5,-1,0,0,0,0,0,0,2,9,-1,6,1,-1,-1,-1,-1,-1,-1,-1,-1,0,-1
2024010525213,2024,010525213,2,1,0,18,19,7,3,9,9,0,0,0,0,0,1,1,6,6,2,9,2,-1,-1,-1,-1,3,E01000331,0,1
2024010490093,2024,010490093,2,19,0,18,19,1,5,0,0,6,0,0,0,0,9,9,6,6,3,-1,-1,-1,-1,-1,-1,-1,-1,0,-1
2024522401877,2024,522401877,3,9,0,18,19,7,3,0,0,0,0,0,0,0,1,1,6,6,1,-1,-1,-1,-1,-1,-1,-1,-1,0,-1
2024010496118,2024,010496118,1,1,9,99,99,9,9,99,99,9,9,99,9,99,9,1,2,2,2,29,6,-1,-1,-1,-1,3,E01001733,0,1
2024010516120,2024,010516120,2,9,0,99,99,9,9,99,99,9,9,99,9,99,9,9,6,6,3,28,6,-1,-1,-1,-1,1,E01001845,0,2
2024010498707,2024,010498707,1,1,9,99,99,9,9,99,99,9,9,99,9,99,0,1,6,6,1,49,8,-1,-1,-1,-1,6,E01004059,0,1
2024010538598,2024,010538598,2,9,9,99,99,9,9,99,99,9,9,99,9,99,9,9,6,6,1,39,7,-1,-1,-1,-1,5,E01001142,0,2
2024622400055,2024,622400055,1,9,0,18,19,1,5,0,0,1,0,0,1,0,4,1,6,6,2,57,9,-1,-1,-1,-1,10,W01001730,0,1
2024010519601,2024,010519601,2,3,0,99,99,9,9,99,99,9,9,99,9,99,9,1,6,6,3,-1,-1,-1,-1,-1,-1,-1,-1,0,-1
2024010491262,2024,010491262,2,1,0,18,19,3,7,0,0,1,0,0,0,0,3,1,6,6,1,25,5,-1,-1,-1,-1,3,E01003960,0,1
2024010490026,2024,010490026,1,3,0,99,99,9,9,99,99,1,9,99,9,99,1,1,6,6,2,25,5,-1,-1,-1,-1,5,E01003415,0,1
2024010547788,2024,010547788,1,9,0,99,99,9,9,99,99,9,9,99,9,99,2,1,6,6,3,-1,-1,-1,-1,-1,-1,-1,-1,0,-1
2024010488143,2024,010488143,1,3,9,99,99,9,9,99,99,9,9,99,9,99,9,1,6,6,3,33,6,-1,-1,-1,-1,5,E01030819,0,4
2024520401306,2024,520401306,1,9,0,16,19,8,4,0,0,0,2,0,1,9,1,1,6,6,1,37,7,-1,-1,-1,-1,7,E01032668,0,3
2024131458438,2024,131458438,2,1,0,-1,19,2,6,-1,0,8,0,0,0,0,1,1,-1,9,1,35,6,-1,-1,-1,-1,2,E01011856,0,1
2024010489809,2024,010489809,2,9,0,99,99,9,9,99,99,9,9,99,9,99,1,9,6,6,2,37,7,-1,-1,-1,-1,7,E01001058,0,3
2024201414488,2024,201414488,1,9,0,-1,7,8,2,-1,0,6,0,0,0,0,1,9,-1,6,1,20,4,-1,-1,-1,-1,8,E01010540,0,3
2024501433812,2024,501433812,1,19,0,-1,19,6,2,-1,0,0,0,0,0,0,1,9,-1,6,2,26,6,-1,-1,-1,-1,4,E01034157,0,1
2024131470365,2024,131470365,1,9,0,-1,19,6,2,-1,0,1,0,0,0,0,1,1,-1,9,1,43,7,-1,-1,-1,-1,2,E01011015,0,1
2024010487729,2024,010487729,1,11,0,4,4,1,5,0,0,1,0,0,0,0,0,1,1,1,1,30,6,-1,-1,-1,-1,6,E01001040,0,2
2024430474152,2024,430474152,2,1,0,18,19,4,8,4,4,1,0,10,0,0,1,1,2,2,1,23,5,-1,-1,-1,-1,2,E01028576,0,1
2024010497794,2024,010497794,1,9,0,18,19,1,5,9,9,1,0,0,0,0,1,1,6,6,3,37,7,-1,-1,-1,-1,-1,-1,0,-1
2024421536139,2024,421536139,1,9,-1,-1,-1,-1,-1,-1,-1,0,-1,-1,-1,0,-1,9,-1,6,3,-1,-1,-1,-1,-1,-1,-1,-1,0,-1
2024451527227,2024,451527227,1,1,0,-1,19,5,1,-1,0,2,0,0,1,0,0,1,-1,9,1,34,6,-1,-1,-1,-1,8,E01030613,0,1
2024430230521,2024,430230521,2,9,0,18,19,5,1,0,0,8,0,0,0,0,3,1,2,2,2,20,4,-1,-1,-1,-1,7,E01016764,0,1
2024411438197,2024,411438197,1,9,0,-1,4,6,1,-1,0,0,0,0,0,0,1,1,-1,6,1,35,6,-1,-1,-1,-1,4,E01023652,0,3
2024061532099,2024,061532099,1,9,0,-1,19,3,8,-1,0,8,0,0,0,0,1,1,-1,6,-1,-1,-1,-1,-1,-1,-1,-1,-1,0,-1
2024481503981,2024,481503981,2,9,0,-1,19,3,7,-1,0,1,0,0,0,0,4,1,-1,6,3,45,7,-1,-1,-1,-1,-1,-1,0,-1
2024010539285,2024,010539285,1,1,9,99,99,9,9,99,99,9,9,99,9,99,2,1,6,6,1,48,8,-1,-1,-1,-1,5,E01000251,0,1
2024010495334,2024,010495334,1,9,0,1,1,3,7,0,0,6,0,0,0,0,2,1,6,6,1,56,9,-1,-1,-1,-1,7,E01033911,0,1
2024010547089,2024,010547089,2,9,0,99,99,9,9,99,99,9,9,99,9,99,9,9,6,6,3,-1,-1,-1,-1,-1,-1,-1,-1,0,-1
2024010526486,2024,010526486,1,19,0,18,19,5,1,0,0,1,0,0,0,0,1,1,6,6,1,59,9,-1,-1,-1,-1,8,E01020953,0,4
2024440214197,2024,440214197,3,19,0,18,19,3,7,0,0,1,0,0,0,0,1,1,6,6,2,24,5,-1,-1,-1,-1,2,E01017115,0,1
2024010536603,2024,010536603,1,1,9,18,19,5,1,0,0,5,9,99,0,0,9,1,1,1,2,43,7,-1,-1,-1,-1,2,E01003303,0,1
2024430273781,2024,430273781,1,1,0,18,19,7,3,4,4,1,0,0,0,0,1,1,1,1,1,22,5,-1,-1,-1,-1,8,E01028547,0,1
2024010530715,2024,010530715,1,-1,0,7,7,4,5,0,0,2,0,0,0,0,4,1,6,6,1,58,9,-1,-1,-1,-1,4,E01003554,1,1
2024430326587,2024,430326587,2,9,0,18,19,1,5,0,0,8,0,0,0,0,4,1,6,6,3,-1,-1,-1,-1,-1,-1,-1,-1,0,-1
2024010539390,2024,010539390,1,-1,0,18,19,8,4,0,0,0,0,0,0,0,1,1,6,6,1,-1,-1,-1,-1,-1,-1,-1,-1,1,-1
2024010546357,2024,010546357,2,1,9,99,99,9,9,99,99,9,9,99,9,99,2,1,2,2,1,35,6,-1,-1,-1,-1,3,E01001834,0,1
2024010528170,2024,010528170,1,11,0,4,4,3,7,0,0,0,0,0,0,0,0,1,6,6,3,23,5,-1,-1,-1,-1,-1,-1,0,-1
2024361532686,2024,361532686,2,1,0,-1,19,3,7,-1,0,1,0,0,0,0,1,1,-1,9,1,51,8,-1,-1,-1,-1,7,E01026897,0,1
2024340WN0742,2024,340WN0742,2,9,0,-1,19,8,4,-1,0,0,0,0,0,0,1,1,-1,1,1,35,6,-1,-1,-1,-1,6,E01027234,0,2
2024010535408,2024,010535408,1,9,9,99,99,9,9,99,99,9,9,99,9,99,9,9,6,6,3,-1,-1,-1,-1,-1,-1,-1,-1,0,-1
2024401452793,2024,401452793,1,20,0,-1,4,7,3,-1,0,0,0,0,0,0,2,1,-1,1,1,41,7,-1,-1,-1,-1,9,E01017403,0,3
2024010496733,2024,010496733,2,9,0,99,99,9,9,99,99,9,9,99,9,99,9,9,6,6,3,-1,-1,-1,-1,-1,-1,-1,-1,0,-1
2024010533247,2024,010533247,2,3,0,99,99,9,9,99,99,9,9,99,9,99,0,1,6,6,3,-1,-1,-1,-1,-1,-1,2,E01002879,0,1
2024311407692,2024,311407692,2,9,0,-1,19,6,3,-1,0,8,0,0,0,0,1,1,-1,6,2,-1,-1,-1,-1,-1,-1,-1,-1,0,-1
2024421435038,2024,421435038,2,9,0,-1,19,8,4,-1,0,0,0,0,0,0,2,1,-1,9,1,19,4,-1,-1,-1,-1,6,E01022052,0,1
2024440330458,2024,440330458,1,1,0,12,12,1,5,0,0,1,0,0,0,0,3,1,6,6,1,69,10,-1,-1,-1,-1,8,E01014510,0,5
2024430026315,2024,430026315,1,9,0,7,7,2,4,0,0,8,0,0,0,0,3,1,3,7,1,34,6,-1,-1,-1,-1,10,E01032759,0,1
2024010510177,2024,010510177,2,1,9,99,99,9,9,99,99,9,9,99,9,99,1,1,6,6,2,22,5,-1,-1,-1,-1,7,E01000493,0,1
2024440459885,2024,440459885,2,1,0,18,19,5,1,0,0,1,0,0,0,0,0,1,6,6,2,49,8,-1,-1,-1,-1,9,E01030929,0,2
2024471434684,2024,471434684,1,1,0,-1,19,1,5,-1,0,1,0,0,0,0,1,1,-1,6,1,18,4,-1,-1,-1,-1,9,E01021227,0,2
2024010550457,2024,010550457,1,9,0,18,19,1,5,0,0,1,0,0,0,0,1,1,6,6,3,-1,-1,-1,-1,-1,-1,-1,-1,0,-1
2024010508660,2024,010508660,1,19,0,99,99,9,9,99,99,9,9,99,9,99,9,9,6,6,3,-1,-1,-1,-1,-1,-1,4,E01000031,0,3
2024070402783,2024,070402783,2,1,0,18,19,3,7,9,9,0,0,0,0,0,1,1,6,6,2,41,7,-1,-1,-1,-1,8,E01012385,0,1
2024010543580,2024,010543580,1,1,0,18,19,6,2,0,0,1,0,7,0,0,1,1,6,6,1,48,8,-1,-1,-1,-1,9,E01004073,0,2
2024201406906,2024,201406906,1,9,0,-1,3,8,4,-1,0,0,0,0,0,0,1,9,-1,6,3,-1,-1,-1,-1,-1,-1,-1,-1,0,-1
2024131497299,2024,131497299,1,19,0,-1,-1,-1,-1,-1,-1,0,-1,-1,-1,-1,-1,1,-1,6,3,-1,-1,-1,-1,-1,-1,-1,-1,0,-1
2024041444654,2024,041444654,1,97,0,-1,19,-1,-1,-1,0,1,0,0,0,0,1,1,-1,6,1,21,5,-1,-1,-1,-1,6,E01025608,0,1
2024371471193,2024,371471193,2,1,0,-1,19,5,1,-1,0,3,0,0,0,0,4,1,-1,2,1,32,6,-1,-1,-1,-1,3,E01029996,0,1
2024010508784,2024,010508784,2,9,0,18,19,5,1,0,0,5,0,0,0,0,2,1,6,6,1,29,6,-1,-1,-1,-1,3,E01004400,0,2
2024131489077,2024,131489077,1,9,0,-1,-1,-1,-1,-1,-1,-1,-1,-1,-1,-1,-1,1,-1,6,3,-1,-1,-1,-1,-1,-1,-1,-1,0,-1
2024010517542,2024,010517542,2,1,0,18,19,3,7,0,0,1,5,0,0,0,1,1,6,6,1,39,7,-1,-1,-1,-1,3,E01000222,0,2
2024141485883,2024,141485883,2,-1,0,-1,19,5,1,-1,0,1,0,0,0,0,1,1,-1,9,2,12,3,-1,-1,-1,-1,3,E01007436,1,1
202460Q037278,2024,60Q037278,2,1,0,18,19,3,7,0,0,8,5,0,0,0,4,1,6,6,1,23,5,-1,-1,-1,-1,-1,-1,0,-1
2024461534702,2024,461534702,2,9,0,-1,19,2,7,-1,0,8,0,0,0,0,1,1,-1,6,1,55,8,-1,-1,-1,-1,3,E01024488,0,3
2024991474884,2024,991474884,2,9,0,-1,19,7,3,-1,0,0,0,0,1,9,3,1,-1,9,1,70,10,-1,-1,-1,-1,7,-1,0,2
2024461468013,2024,461468013,2,9,0,-1,4,6,2,-1,0,0,0,0,0,0,2,9,-1,9,1,69,10,-1,-1,-1,-1,3,E01003584,0,3
2024041522004,2024,041522004,2,1,0,-1,19,3,7,-1,0,1,0,0,0,0,1,1,-1,2,1,17,4,-1,-1,-1,-1,1,E01012674,0,1
2024010540344,2024,010540344,1,1,0,18,19,5,1,0,0,0,0,10,1,0,1,1,6,6,1,18,4,-1,-1,-1,-1,9,E01000451,0,1
2024481569665,2024,481569665,2,1,0,-1,19,5,1,-1,5,8,0,0,0,0,1,1,-1,2,2,31,6,-1,-1,-1,-1,-1,-1,0,-1
2024311427937,2024,311427937,2,-1,0,-1,19,-1,-1,-1,0,0,0,0,0,0,-1,1,-1,9,2,14,3,-1,-1,-1,-1,5,E01028164,1,1
2024411536314,2024,411536314,1,9,0,-1,3,6,2,-1,0,0,0,0,0,0,2,1,-1,9,1,36,7,-1,-1,-1,-1,5,E01030569,0,4
2024421505335,2024,421505335,1,9,0,-1,1,1,3,-1,0,0,0,0,0,0,4,9,-1,6,2,-1,-1,-1,-1,-1,-1,-1,-1,0,-1
2024622400423,2024,622400423,2,1,0,18,19,6,2,0,0,1,0,0,0,0,1,1,6,6,1,30,6,-1,-1,-1,-1,5,W01001725,0,1
2024522403169,2024,522403169,2,1,0,5,5,5,1,0,0,6,0,0,0,0,4,1,6,6,1,19,4,-1,-1,-1,-1,1,E01014654,0,1
2024010493049,2024,010493049,1,3,0,18,19,1,5,0,0,2,2,0,0,0,3,1,6,6,1,33,6,-1,-1,-1,-1,4,E01001406,0,1
2024101522596,2024,101522596,1,9,0,-1,19,8,6,-1,0,1,0,0,0,0,1,9,-1,6,1,-1,-1,-1,-1,-1,-1,-1,-1,0,-1