collision_index,collision_year,collision_ref_no,vehicle_reference,vehicle_type,towing_and_articulation,vehicle_manoeuvre_historic,vehicle_manoeuvre,vehicle_direction_from,vehicle_direction_to,vehicle_location_restricted_lane_historic,vehicle_location_restricted_lane,junction_location,skidding_and_overturning,hit_object_in_carriageway,vehicle_leaving_carriageway,hit_object_off_carriageway,first_point_of_impact,vehicle_left_hand_drive,journey_purpose_of_driver_historic,journey_purpose_of_driver,sex_of_driver,age_of_driver,age_band_of_driver,engine_capacity_cc,propulsion_code,age_of_vehicle,generic_make_model,driver_imd_decile,lsoa_of_driver,escooter_flag,driver_distance_banding
2024010542251,2024,010542251,1,1,9,99,99,9,9,99,99,9,9,99,9,99,1,1,2,2,1,27,6,-1,-1,-1,-1,2,E01002734,0,1
2024010490400,2024,010490400,1,9,0,99,99,9,9,99,99,9,9,99,9,99,1,9,6,6,2,78,11,-1,-1,-1,-1,9,E01023849,0,1
2024010494607,2024,010494607,1,4,0,18,19,1,5,0,0,0,0,0,0,0,3,1,6,6,1,20,4,-1,-1,-1,-1,4,E01003372,0,1
2024052402696,2024,052402696,1,1,0,18,19,4,8,0,0,1,0,0,0,0,1,1,6,6,3,-1,-1,-1,-1,-1,-1,-1,-1,0,-1
2024010525841,2024,010525841,1,1,9,99,99,9,9,99,99,1,9,99,9,99,9,1,2,2,1,31,6,-1,-1,-1,-1,2,E01001955,0,1
2024031506517,2024,031506517,1,9,4,-1,4,2,6,-1,0,0,1,0,0,0,1,1,-1,9,1,79,11,-1,-1,-1,-1,6,E01026391,0,5
2024122400946,2024,122400946,1,5,0,17,19,5,1,0,0,0,0,0,1,4,3,1,6,6,1,77,11,-1,-1,-1,-1,-1,-1,0,-1
2024010510581,2024,010510581,2,1,9,99,99,9,9,99,99,9,9,99,9,99,9,1,6,6,3,-1,-1,-1,-1,-1,-1,-1,-1,0,-1
2024430234498,2024,430234498,1,9,0,18,19,6,2,0,0,0,0,0,0,0,1,1,6,6,2,62,9,-1,-1,-1,-1,-1,-1,0,-1
2024010509752,2024,010509752,1,1,9,99,99,9,9,99,99,9,9,99,9,99,9,1,6,6,3,-1,-1,-1,-1,-1,-1,-1,-1,0,-1
2024010496778,2024,010496778,1,3,0,99,99,9,9,99,99,1,9,99,9,99,9,1,6,6,1,54,8,-1,-1,-1,-1,3,E01000143,0,1
2024302400606,2024,302400606,2,1,0,9,9,4,8,0,0,0,0,0,0,0,3,1,6,6,3,55,8,-1,-1,-1,-1,4,E01013537,0,1
202454A725524,2024,54A725524,1,9,0,5,5,5,1,9,9,6,0,0,0,0,1,1,1,1,2,36,7,-1,-1,-1,-1,9,E01032058,0,3
2024010543119,2024,010543119,1,1,9,99,99,9,9,99,99,9,9,99,9,99,1,1,1,1,1,32,6,-1,-1,-1,-1,2,E01001802,0,1
2024361548755,2024,361548755,2,22,0,-1,19,3,7,-1,0,2,0,0,0,0,4,1,-1,6,2,63,9,-1,-1,-1,-1,4,E01026610,0,1
2024010499483,2024,010499483,2,1,0,18,19,1,5,0,0,1,0,0,1,0,1,1,2,2,2,55,8,-1,-1,-1,-1,5,E01000964,0,1
2024411407133,2024,411407133,1,9,0,-1,4,4,8,-1,0,1,0,0,0,0,1,1,-1,6,1,57,9,-1,-1,-1,-1,3,E01004341,0,4
2024201513073,2024,201513073,1,1,0,-1,19,6,2,-1,0,0,0,0,0,0,4,1,-1,6,1,30,6,-1,-1,-1,-1,1,E01009327,0,1
2024430037689,2024,430037689,2,9,0,9,9,2,8,0,0,5,0,0,0,0,1,1,3,7,2,34,6,-1,-1,-1,-1,4,E01016705,0,1
2024061534259,2024,061534259,2,9,0,-1,19,-1,-1,-1,99,0,0,0,0,0,4,1,-1,6,3,-1,-1,-1,-1,-1,-1,-1,-1,0,-1
2024010522147,2024,010522147,3,9,0,2,2,0,0,0,0,1,0,0,0,0,1,1,6,6,3,-1,-1,-1,-1,-1,-1,-1,-1,0,-1
2024991465860,2024,991465860,2,9,0,-1,19,1,5,-1,0,0,0,0,0,0,1,1,-1,9,1,56,9,-1,-1,-1,-1,6,-1,0,2
2024010493901,2024,010493901,2,9,0,10,10,3,8,0,0,1,0,0,3,0,1,1,6,6,1,22,5,-1,-1,-1,-1,3,E01010361,0,5
2024010534456,2024,010534456,1,1,9,99,99,9,9,99,99,9,9,99,9,99,9,1,2,2,2,58,9,-1,-1,-1,-1,8,E01004627,0,1
2024311461292,2024,311461292,2,9,0,-1,19,2,7,-1,0,4,0,0,0,0,3,1,-1,2,2,43,7,-1,-1,-1,-1,1,E01027976,0,3
2024070229186,2024,070229186,1,9,0,1,1,3,7,0,0,0,0,0,0,0,2,1,6,6,1,-1,-1,-1,-1,-1,-1,-1,-1,0,-1
2024471504601,2024,471504601,1,21,0,-1,19,8,4,-1,9,0,5,11,1,10,1,1,-1,1,1,45,7,-1,-1,-1,-1,2,E01021327,0,4
2024010512211,2024,010512211,2,1,0,5,5,5,1,0,0,1,0,0,0,0,1,1,6,6,1,62,9,-1,-1,-1,-1,4,E01000742,0,1
2024461443326,2024,461443326,2,9,0,-1,19,6,2,-1,0,0,1,0,0,0,3,1,-1,1,1,39,7,-1,-1,-1,-1,6,E01035003,0,4
2024161490605,2024,161490605,2,9,0,-1,3,4,8,-1,0,0,0,0,0,0,2,1,-1,6,2,35,6,-1,-1,-1,-1,9,E01013191,0,1
2024010491813,2024,010491813,2,1,0,18,19,1,5,0,0,8,0,4,0,0,1,1,2,2,2,33,6,-1,-1,-1,-1,8,E01000910,0,1
2024440295307,2024,440295307,1,1,0,3,3,6,2,0,0,1,0,0,0,0,2,1,6,6,2,37,7,-1,-1,-1,-1,8,E01017150,0,1
2024010535708,2024,010535708,1,1,9,99,99,9,9,99,99,0,9,99,9,99,0,1,2,2,1,40,7,-1,-1,-1,-1,7,E01004193,0,1
2024101528306,2024,101528306,1,9,0,-1,19,1,1,-1,0,0,0,0,0,0,4,1,-1,6,1,91,11,-1,-1,-1,-1,9,E01008722,0,2
2024361456630,2024,361456630,2,1,0,-1,5,1,5,-1,0,2,0,0,0,0,-1,1,-1,1,1,37,7,-1,-1,-1,-1,4,E01026610,0,2
2024311424918,2024,311424918,2,9,0,-1,19,1,1,-1,0,1,0,0,0,0,1,1,-1,6,1,51,8,-1,-1,-1,-1,9,E01028095,0,1
2024552400366,2024,552400366,1,9,0,18,19,2,6,0,0,0,0,0,0,0,1,1,6,6,3,-1,-1,-1,-1,-1,-1,-1,-1,0,-1
2024052400510,2024,052400510,2,1,0,18,19,7,3,0,0,1,0,0,0,0,1,1,2,2,2,52,8,-1,-1,-1,-1,3,E01007302,0,1
2024302401398,2024,302401398,2,9,0,17,19,8,5,0,0,0,0,0,0,0,3,1,6,6,2,37,7,-1,-1,-1,-1,-1,-1,0,-1
2024332401225,2024,332401225,1,9,0,-1,14,4,8,-1,0,8,0,0,0,0,1,1,-1,6,1,29,6,-1,-1,-1,-1,6,E01033386,0,1
2024010500684,2024,010500684,2,9,0,3,3,1,5,0,0,1,0,0,0,0,3,1,6,6,2,55,8,-1,-1,-1,-1,2,E01000484,0,1
2024451529387,2024,451529387,1,1,0,-1,19,1,5,-1,0,8,5,0,0,0,1,1,-1,2,1,30,6,-1,-1,-1,-1,10,E01030923,0,1
2024552401319,2024,552401319,2,1,0,18,19,2,6,0,0,8,0,0,0,0,4,1,6,6,1,58,9,-1,-1,-1,-1,3,E01033242,0,1
2024041482815,2024,041482815,1,1,0,-1,19,1,3,-1,0,8,0,0,0,0,4,1,-1,9,1,31,6,-1,-1,-1,-1,3,E01012685,0,3
2024010536107,2024,010536107,1,1,0,17,19,7,3,5,5,1,0,0,0,0,1,1,4,7,1,14,3,-1,-1,-1,-1,2,E01000789,0,4
2024101427024,2024,101427024,2,9,0,-1,3,1,5,-1,0,8,0,0,0,0,2,1,-1,6,1,34,6,-1,-1,-1,-1,2,E01008769,0,3
2024361489374,2024,361489374,2,1,0,-1,19,-1,-1,-1,5,8,0,0,0,0,3,1,-1,2,1,54,8,-1,-1,-1,-1,4,E01035137,0,1
2024010518950,2024,010518950,1,-1,9,99,99,9,9,99,99,9,9,99,9,99,9,9,6,6,2,-1,-1,-1,-1,-1,-1,4,E01001478,1,1
2024430063160,2024,430063160,1,9,0,18,19,7,3,0,0,0,0,0,0,0,3,1,2,2,1,48,8,-1,-1,-1,-1,7,E01017795,0,1
2024480542975,2024,480542975,2,1,9,99,99,9,9,99,99,9,9,99,9,99,1,1,6,6,3,-1,-1,-1,-1,-1,-1,-1,-1,0,-1
2024201526531,2024,201526531,1,19,0,-1,19,6,2,-1,0,0,0,0,0,0,1,1,-1,6,1,-1,-1,-1,-1,-1,-1,-1,-1,0,-1
2024161473884,2024,161473884,1,9,0,-1,19,7,4,-1,0,0,0,0,0,0,1,9,-1,6,1,29,6,-1,-1,-1,-1,7,E01013098,0,1
2024430488655,2024,430488655,1,9,0,18,19,4,8,0,0,8,0,0,0,0,1,1,6,6,3,-1,-1,-1,-1,-1,-1,-1,-1,0,-1
2024302400423,2024,302400423,1,9,0,11,11,4,8,0,0,1,0,0,0,0,4,1,6,6,3,-1,-1,-1,-1,-1,-1,5,E01019456,0,4
2024010535837,2024,010535837,2,1,0,5,5,5,1,0,0,8,0,0,0,0,2,1,6,6,1,41,7,-1,-1,-1,-1,6,E01002674,0,1
2024010503874,2024,010503874,1,1,9,99,99,9,9,99,99,9,9,99,9,99,9,1,2,2,1,34,6,-1,-1,-1,-1,3,E01002765,0,1
2024010547656,2024,010547656,2,11,0,99,99,9,9,99,99,9,9,99,9,99,0,9,6,6,3,-1,-1,-1,-1,-1,-1,-1,-1,0,-1
2024351407999,2024,351407999,1,9,0,-1,5,5,1,-1,9,0,0,0,0,0,1,9,-1,6,2,-1,-1,-1,-1,-1,-1,-1,-1,0,-1
2024061495695,2024,061495695,1,19,0,-1,-1,-1,-1,-1,-1,0,-1,-1,-1,0,-1,1,-1,6,3,-1,-1,-1,-1,-1,-1,-1,-1,0,-1
2024010530011,2024,010530011,1,9,9,18,19,3,7,99,99,9,9,99,9,99,9,9,6,6,3,-1,-1,-1,-1,-1,-1,-1,-1,0,-1
2024161419545,2024,161419545,5,9,0,-1,2,0,0,-1,0,0,0,0,0,0,1,1,-1,6,-1,-1,-1,-1,-1,-1,-1,-1,-1,0,-1
2024010487977,2024,010487977,1,3,0,99,99,9,9,99,99,9,9,99,9,99,9,1,6,6,1,23,5,-1,-1,-1,-1,2,E01000533,0,2
2024070837557,2024,070837557,2,9,0,-1,19,5,1,-1,0,1,1,0,1,0,3,1,-1,9,1,56,9,-1,-1,-1,-1,10,E01018471,0,1
2024461502617,2024,461502617,1,9,0,-1,19,2,2,-1,0,8,0,0,0,0,4,1,-1,6,1,22,5,-1,-1,-1,-1,7,E01024721,0,1
2024991498468,2024,991498468,1,9,0,-1,4,2,6,-1,0,4,0,0,0,0,1,1,-1,6,3,30,6,-1,-1,-1,-1,-1,-1,0,-1
2024061433969,2024,061433969,1,1,0,-1,19,-1,-1,-1,0,8,0,0,0,0,3,1,-1,1,1,21,5,-1,-1,-1,-1,2,E01005032,0,1
2024522402634,2024,522402634,1,1,0,18,19,4,8,0,0,6,0,0,0,0,1,1,6,6,1,15,3,-1,-1,-1,-1,3,E01014498,0,1
2024101500074,2024,101500074,1,9,-1,-1,19,7,2,-1,0,4,0,0,0,0,1,9,-1,6,2,80,11,-1,-1,-1,-1,-1,-1,0,-1
2024010490808,2024,010490808,1,9,0,18,19,1,5,0,0,1,1,0,0,0,3,1,6,6,2,28,6,-1,-1,-1,-1,4,E01001097,0,3
2024401541362,2024,401541362,1,9,0,-1,7,1,3,-1,0,0,0,99,0,0,1,9,-1,6,3,-1,-1,-1,-1,-1,-1,-1,-1,0,-1
2024471475373,2024,471475373,1,9,0,-1,20,5,1,-1,0,0,0,0,0,0,4,1,-1,2,1,52,8,-1,-1,-1,-1,3,E01031430,0,1
2024991511067,2024,991511067,1,1,0,-1,19,6,2,-1,0,8,0,0,0,0,1,1,-1,9,2,18,4,-1,-1,-1,-1,10,-1,0,1
2024430013499,2024,430013499,1,9,0,18,19,3,7,0,0,8,1,4,0,0,3,1,6,6,1,-1,-1,-1,-1,-1,-1,-1,-1,0,-1
2024010522570,2024,010522570,2,22,0,18,19,1,5,0,0,1,0,0,0,0,1,1,6,6,2,42,7,-1,-1,-1,-1,9,E01000694,0,2
2024501483215,2024,501483215,2,1,0,-1,19,3,7,-1,0,8,5,0,0,0,2,1,-1,6,1,43,7,-1,-1,-1,-1,8,E01020240,0,1
2024010529211,2024,010529211,1,2,0,18,19,3,7,0,0,0,0,0,0,0,4,1,6,6,3,-1,-1,-1,-1,-1,-1,-1,-1,0,-1
2024161533851,2024,161533851,1,1,0,-1,19,6,2,-1,0,8,2,0,0,0,3,1,-1,2,2,44,7,-1,-1,-1,-1,1,E01013162,0,1
2024302400867,2024,302400867,2,9,0,9,9,3,1,0,0,6,0,0,0,0,3,1,3,7,1,30,6,-1,-1,-1,-1,7,E01019617,0,2
2024622400283,2024,622400283,2,19,0,17,19,2,6,0,0,8,0,0,0,0,3,1,1,1,1,33,6,-1,-1,-1,-1,8,W01001984,0,3
2024221510359,2024,221510359,2,1,0,-1,19,3,6,-1,9,8,0,0,0,0,1,1,-1,9,2,7,2,-1,-1,-1,-1,9,E01032141,0,1
2024061531111,2024,061531111,2,9,0,-1,9,3,1,-1,0,0,0,0,0,0,1,2,-1,6,3,-1,-1,-1,-1,-1,-1,-1,-1,0,-1
2024411477253,2024,411477253,1,9,-1,-1,-1,-1,-1,-1,-1,0,-1,-1,-1,0,2,9,-1,6,1,-1,-1,-1,-1,-1,-1,-1,-1,0,-1
2024440502831,2024,440502831,2,1,0,18,19,4,8,0,0,8,0,0,0,0,4,1,6,6,2,63,9,-1,-1,-1,-1,8,E01022633,0,1
2024122400329,2024,122400329,1,1,0,18,19,6,2,5,5,1,0,0,0,0,1,1,6,6,1,41,7,-1,-1,-1,-1,10,E01013405,0,1
2024371455147,2024,371455147,1,9,0,-1,-1,-1,-1,-1,-1,0,-1,-1,-1,0,-1,1,-1,6,2,43,7,-1,-1,-1,-1,7,E01030207,0,1
2024471402341,2024,471402341,2,1,0,-1,19,7,3,-1,0,8,0,0,0,0,4,1,-1,1,1,20,4,-1,-1,-1,-1,6,E01031798,0,1
2024440012548,2024,440012548,1,10,0,18,19,3,7,0,0,3,0,0,0,0,4,1,6,6,1,-1,-1,-1,-1,-1,-1,-1,-1,0,-1
2024041451801,2024,041451801,2,9,0,-1,19,3,7,-1,0,8,0,0,0,0,1,1,-1,9,1,25,5,-1,-1,-1,-1,3,E01005149,0,4
2024010490989,2024,010490989,2,9,0,18,19,1,5,0,0,8,0,0,1,0,3,2,1,1,1,36,7,-1,-1,-1,-1,2,E01001263,0,1
2024010522189,2024,010522189,2,9,9,99,99,9,9,99,99,8,9,99,9,99,9,9,6,6,3,-1,-1,-1,-1,-1,-1,-1,-1,0,-1
2024031450689,2024,031450689,1,4,0,-1,5,3,7,-1,0,1,2,0,0,0,4,1,-1,6,1,38,7,-1,-1,-1,-1,1,E01019231,0,1
2024430495410,2024,430495410,2,1,0,18,19,6,2,0,0,1,0,0,0,0,0,1,1,1,2,60,9,-1,-1,-1,-1,8,E01028527,0,1
2024430249874,2024,430249874,1,9,5,3,3,6,2,0,0,0,0,0,0,0,1,1,6,6,1,62,9,-1,-1,-1,-1,6,-1,0,5
2024010504200,2024,010504200,1,1,9,99,99,9,9,99,99,9,9,99,9,99,9,1,1,1,1,28,6,-1,-1,-1,-1,2,E01000954,0,1
2024101539696,2024,101539696,2,1,0,-1,19,4,8,-1,0,8,0,0,0,0,4,1,-1,9,1,62,9,-1,-1,-1,-1,5,E01027500,0,2
2024041486461,2024,041486461,1,9,0,-1,19,-1,-1,-1,0,0,0,0,0,0,-1,9,-1,6,3,-1,-1,-1,-1,-1,-1,-1,-1,0,-1
2024471489198,2024,471489198,2,9,0,-1,4,4,8,-1,0,1,0,1,0,0,2,1,-1,9,1,27,6,-1,-1,-1,-1,5,E01031565,0,1
2024411463913,2024,411463913,2,1,0,-1,19,5,1,-1,0,2,0,0,0,0,0,1,-1,9,2,45,7,-1,-1,-1,-1,4,E01023873,0,1
2024351582939,2024,351582939,1,9,0,-1,19,3,8,-1,0,3,0,0,0,0,1,1,-1,6,1,43,7,-1,-1,-1,-1,6,E01018190,0,1
2024531555865,2024,531555865,1,9,0,-1,19,3,7,-1,0,8,0,0,0,0,1,1,-1,6,2,46,8,-1,-1,-1,-1,7,E01034786,0,4
2024211473782,2024,211473782,1,2,-1,-1,-1,-1,-1,-1,-1,0,-1,-1,-1,0,-1,1,-1,6,3,25,5,-1,-1,-1,-1,-1,-1,0,-1
2024430508863,2024,430508863,1,9,0,18,19,4,8,0,0,0,0,0,0,0,1,1,1,1,1,45,7,-1,-1,-1,-1,5,E01002671,0,4
2024010540314,2024,010540314,2,1,9,99,99,9,9,99,99,9,9,99,9,99,1,1,2,2,1,25,5,-1,-1,-1,-1,2,E01004247,0,2
2024041492175,2024,041492175,2,1,0,-1,19,1,5,-1,0,8,0,0,0,0,1,1,-1,9,1,32,6,-1,-1,-1,-1,1,E01025286,0,1
2024010497088,2024,010497088,1,9,0,12,12,5,1,0,0,0,0,0,5,4,1,1,6,6,2,52,8,-1,-1,-1,-1,2,E01000739,0,2
2024371441827,2024,371441827,1,1,0,-1,7,7,1,-1,0,0,0,0,0,0,1,1,-1,9,2,63,9,-1,-1,-1,-1,7,E01029911,0,1
2024371444403,2024,371444403,1,9,0,-1,19,4,8,-1,0,0,0,0,0,0,0,9,-1,6,2,33,6,-1,-1,-1,-1,7,E01029965,0,1
2024471432121,2024,471432121,2,9,0,-1,19,1,7,-1,0,0,0,0,0,0,1,1,-1,2,2,27,6,-1,-1,-1,-1,10,E01035350,0,2
2024991503352,2024,991503352,3,9,0,-1,19,7,2,-1,0,0,0,0,0,0,1,9,-1,6,1,24,5,-1,-1,-1,-1,8,-1,0,1
2024610015824,2024,610015824,1,5,0,13,13,1,5,0,0,1,0,0,0,0,1,1,1,1,1,46,8,-1,-1,-1,-1,7,W01001594,0,2
2024131460841,2024,131460841,1,90,0,-1,-1,8,4,-1,-1,-1,-1,-1,-1,-1,-1,1,-1,6,3,-1,-1,-1,-1,-1,-1,-1,-1,0,-1
2024371422646,2024,371422646,2,1,0,-1,19,7,3,-1,0,1,0,0,0,0,4,1,-1,6,1,49,8,-1,-1,-1,-1,7,E01029966,0,1
2024991531469,2024,991531469,3,9,0,-1,4,5,1,-1,0,0,0,0,0,0,2,1,-1,9,2,19,4,-1,-1,-1,-1,5,-1,0,1
2024401402565,2024,401402565,2,1,0,-1,19,5,1,-1,0,1,0,0,0,0,4,1,-1,6,1,19,4,-1,-1,-1,-1,1,E01015732,0,1
2024340NN1002,2024,340NN1002,2,9,0,-1,19,3,7,-1,0,3,5,0,0,0,4,1,-1,6,1,50,8,-1,-1,-1,-1,-1,-1,0,-1
2024101530356,2024,101530356,2,1,0,-1,19,7,2,-1,0,8,0,0,0,0,1,1,-1,2,1,53,8,-1,-1,-1,-1,8,E01008553,0,1
2024332401047,2024,332401047,2,1,0,-1,19,6,2,-1,9,0,0,0,0,0,1,1,-1,6,3,-1,-1,-1,-1,-1,-1,-1,-1,0,-1
202460Q024368,2024,60Q024368,1,9,0,18,19,3,7,0,0,0,0,0,0,0,1,1,6,6,3,-1,-1,-1,-1,-1,-1,-1,-1,0,-1
2024141498965,2024,141498965,2,9,0,-1,19,1,5,-1,0,2,2,0,0,0,1,9,-1,6,3,-1,-1,-1,-1,-1,-1,-1,-1,0,-1
2024161481075,2024,161481075,2,9,0,-1,2,0,0,-1,0,0,0,0,1,0,2,1,-1,6,-1,-1,-1,-1,-1,-1,-1,-1,-1,0,-1
2024610033324,2024,610033324,1,19,0,18,19,1,5,0,0,0,1,0,6,6,2,1,6,6,1,28,6,-1,-1,-1,-1,2,W01001618,0,3
2024041451313,2024,041451313,2,1,0,-1,9,1,7,-1,0,0,0,0,0,0,3,1,-1,9,1,32,6,-1,-1,-1,-1,2,E01025284,0,1
2024010494214,2024,010494214,2,1,9,99,99,9,9,99,99,9,9,99,9,99,3,1,6,6,1,-1,-1,-1,-1,-1,-1,3,E01034145,0,1
2024010495493,2024,010495493,1,3,0,3,3,9,9,99,99,9,9,99,9,99,9,1,6,6,3,33,6,-1,-1,-1,-1,7,E01002198,0,1
2024010496207,2024,010496207,2,4,0,18,19,1,5,0,0,1,0,0,0,0,1,1,1,1,1,31,6,-1,-1,-1,-1,6,E01001565,0,2
2024440007170,2024,440007170,1,9,0,17,19,6,2,0,0,0,0,0,0,0,1,1,6,6,1,21,5,-1,-1,-1,-1,7,E01023132,0,1
2024010536020,2024,010536020,2,9,0,2,2,0,0,0,0,0,0,4,0,0,3,1,6,6,3,-1,-1,-1,-1,-1,-1,-1,-1,0,-1
2024010491299,2024,010491299,1,9,0,3,3,1,5,0,0,1,0,0,0,0,4,1,6,6,1,47,8,-1,-1,-1,-1,7,E01001308,0,1
2024010505119,2024,010505119,2,9,0,99,99,9,9,99,99,9,9,99,9,99,1,9,6,6,3,-1,-1,-1,-1,-1,-1,3,E01003183,0,2
2024010511981,2024,010511981,1,9,0,9,9,7,5,0,0,5,0,0,0,0,1,1,6,6,2,69,10,-1,-1,-1,-1,7,E01035490,0,1
2024231482492,2024,231482492,2,9,0,-1,19,4,8,-1,0,4,0,0,0,0,3,1,-1,6,2,24,5,-1,-1,-1,-1,9,E01029854,0,2
2024010490272,2024,010490272,1,9,0,18,19,5,1,0,0,0,0,0,1,0,1,1,6,6,2,50,8,-1,-1,-1,-1,2,E01001458,0,1
2024010513643,2024,010513643,1,1,0,7,7,5,8,0,0,8,0,0,0,0,4,1,6,6,2,22,5,-1,-1,-1,-1,3,E01000867,0,1
2024010494973,2024,010494973,1,1,9,99,99,9,9,99,99,9,9,99,9,99,9,1,2,2,1,31,6,-1,-1,-1,-1,8,E01002993,0,3
2024440275942,2024,440275942,2,9,0,3,3,7,3,0,0,1,0,0,0,0,2,1,6,6,1,28,6,-1,-1,-1,-1,1,E01017331,0,1
2024141554206,2024,141554206,1,-1,0,-1,19,7,3,-1,0,0,0,0,0,0,1,1,-1,6,3,-1,-1,-1,-1,-1,-1,-1,-1,1,-1
2024440274721,2024,440274721,1,1,0,18,19,2,6,0,0,0,1,0,0,0,0,1,6,6,1,37,7,-1,-1,-1,-1,-1,-1,0,-1
2024010516326,2024,010516326,2,19,0,18,19,3,7,0,0,0,0,0,0,0,1,1,6,6,3,-1,-1,-1,-1,-1,-1,-1,-1,0,-1
2024010494939,2024,010494939,1,3,0,18,19,3,7,0,0,1,0,0,0,0,2,1,1,1,1,27,6,-1,-1,-1,-1,3,E01000129,0,1
2024991539920,2024,991539920,1,9,0,-1,19,6,2,-1,0,0,0,0,0,0,1,1,-1,9,1,23,5,-1,-1,-1,-1,-1,-1,0,-1
2024430383179,2024,430383179,1,-1,0,18,19,6,2,9,9,0,0,0,0,0,1,1,6,6,1,59,9,-1,-1,-1,-1,-1,-1,1,-1
2024010529514,2024,010529514,1,1,0,3,3,7,3,99,99,9,0,0,0,0,2,1,6,6,1,33,6,-1,-1,-1,-1,3,E01003988,0,2
2024430231662,2024,430231662,2,8,0,18,19,8,4,0,0,1,-1,0,0,-1,1,1,6,6,1,66,10,-1,-1,-1,-1,5,E01016841,0,1
2024311505556,2024,311505556,2,97,0,-1,19,5,1,-1,0,0,0,0,0,0,1,1,-1,6,3,-1,-1,-1,-1,-1,-1,-1,-1,0,-1
2024430036565,2024,430036565,2,1,0,18,19,3,7,0,0,0,0,0,0,0,2,1,6,6,1,68,10,-1,-1,-1,-1,8,E01035255,0,1
2024141473548,2024,141473548,1,1,0,-1,19,2,6,-1,9,0,0,0,0,0,1,1,-1,6,1,15,3,-1,-1,-1,-1,1,E01007499,0,1
2024141407650,2024,141407650,1,9,0,-1,4,2,6,-1,0,0,0,0,0,0,1,1,-1,1,1,37,7,-1,-1,-1,-1,6,E01007725,0,3
2024501431827,2024,501431827,1,1,0,-1,19,2,6,-1,0,1,0,0,0,0,1,1,-1,6,1,-1,-1,-1,-1,-1,-1,-1,-1,0,-1
2024010489234,2024,010489234,1,9,0,7,7,1,3,0,0,4,0,0,2,4,1,1,2,2,1,56,9,-1,-1,-1,-1,2,E01035676,0,1
2024010491138,2024,010491138,1,1,9,99,99,9,9,99,99,1,9,99,9,99,9,1,2,2,1,21,5,-1,-1,-1,-1,2,E01000533,0,1
2024201473274,2024,201473274,2,1,0,-1,9,5,1,-1,0,3,0,0,0,0,3,1,-1,2,2,26,6,-1,-1,-1,-1,1,E01034949,0,1
2024201519102,2024,201519102,1,9,0,-1,14,3,8,-1,0,0,0,0,0,0,1,1,-1,2,2,31,6,-1,-1,-1,-1,2,E01009790,0,1
2024471531860,2024,471531860,1,9,0,-1,19,2,7,-1,0,0,0,0,0,0,1,1,-1,9,1,26,6,-1,-1,-1,-1,10,E01031734,0,3
2024122400210,2024,122400210,2,9,0,18,19,2,6,0,0,0,0,0,0,0,1,1,6,6,2,44,7,-1,-1,-1,-1,6,E01027560,0,2
2024522401361,2024,522401361,2,9,9,11,11,2,6,0,0,1,0,0,0,0,4,1,6,6,1,-1,-1,-1,-1,-1,-1,-1,-1,0,-1
2024131535178,2024,131535178,2,9,0,-1,19,5,1,-1,0,1,0,0,0,0,1,1,-1,9,1,56,9,-1,-1,-1,-1,2,E01007385,0,3
2024302400161,2024,302400161,2,11,0,2,2,0,0,0,0,2,0,0,0,0,0,1,1,1,3,-1,-1,-1,-1,-1,-1,5,E01019456,0,3
2024010534237,2024,010534237,1,9,0,99,99,9,9,99,99,9,9,99,9,99,0,9,6,6,3,-1,-1,-1,-1,-1,-1,-1,-1,0,-1
2024201518130,2024,201518130,1,9,0,-1,19,1,3,-1,0,0,0,0,0,0,1,9,-1,6,3,-1,-1,-1,-1,-1,-1,-1,-1,0,-1
2024311504138,2024,311504138,2,1,0,-1,19,3,7,-1,0,8,0,0,0,0,1,1,-1,6,1,13,3,-1,-1,-1,-1,-1,-1,0,-1
2024010489378,2024,010489378,1,9,0,99,99,9,9,99,99,9,9,99,9,99,1,9,6,6,2,25,5,-1,-1,-1,-1,2,E01000533,0,2
2024440431989,2024,440431989,1,9,0,18,19,7,3,0,0,0,1,0,2,7,1,1,6,6,1,30,6,-1,-1,-1,-1,5,E01022556,0,3
2024548853224,2024,548853224,2,1,0,18,19,5,1,0,0,0,0,0,0,0,1,1,6,6,1,58,9,-1,-1,-1,-1,5,E01031933,0,1
2024141555025,2024,141555025,1,9,0,-1,19,1,6,-1,0,0,0,0,0,0,1,9,-1,6,3,-1,-1,-1,-1,-1,-1,-1,-1,0,-1
2024010543653,2024,010543653,1,1,9,99,99,9,9,99,99,9,9,99,9,99,9,1,6,6,1,33,6,-1,-1,-1,-1,8,E01001985,0,1
2024101476883,2024,101476883,1,9,0,-1,19,8,4,-1,0,1,0,0,0,0,1,9,-1,6,1,35,6,-1,-1,-1,-1,-1,-1,0,-1
2024440547754,2024,440547754,1,1,0,18,19,7,3,0,0,0,0,0,0,0,0,1,6,6,1,78,11,-1,-1,-1,-1,7,E01020357,0,2
2024010488212,2024,010488212,1,3,9,99,99,9,9,99,99,1,9,99,9,99,9,1,6,6,3,29,6,-1,-1,-1,-1,5,E01032567,0,1
2024010515916,2024,010515916,2,1,0,18,19,5,1,0,0,6,2,0,0,0,1,1,6,6,2,24,5,-1,-1,-1,-1,8,E01004472,0,1
2024201489650,2024,201489650,1,1,0,-1,19,4,7,-1,0,0,0,0,0,0,1,1,-1,6,1,34,6,-1,-1,-1,-1,2,E01010381,0,1
2024461502351,2024,461502351,2,1,0,-1,19,5,1,-1,0,1,0,0,0,0,2,1,-1,1,1,49,8,-1,-1,-1,-1,1,E01024498,0,1
2024101423701,2024,101423701,2,9,0,-1,4,3,1,-1,0,1,0,0,0,0,1,1,-1,9,1,65,9,-1,-1,-1,-1,4,E01008211,0,2
2024311529760,2024,311529760,2,1,0,-1,5,8,4,-1,0,1,0,0,0,0,3,1,-1,6,1,21,5,-1,-1,-1,-1,-1,-1,0,-1
2024131394088,2024,131394088,1,9,0,-1,19,7,3,-1,0,0,0,0,0,0,1,1,-1,9,2,22,5,-1,-1,-1,-1,8,E01011929,0,3