collision_index,collision_year,collision_ref_no,vehicle_reference,vehicle_type,towing_and_articulation,vehicle_manoeuvre_historic,vehicle_manoeuvre,vehicle_direction_from,vehicle_direction_to,vehicle_location_restricted_lane_historic,vehicle_location_restricted_lane,junction_location,skidding_and_overturning,hit_object_in_carriageway,vehicle_leaving_carriageway,hit_object_off_carriageway,first_point_of_impact,vehicle_left_hand_drive,journey_purpose_of_driver_historic,journey_purpose_of_driver,sex_of_driver,age_of_driver,age_band_of_driver,engine_capacity_cc,propulsion_code,age_of_vehicle,generic_make_model,driver_imd_decile,lsoa_of_driver,escooter_flag,driver_distance_banding
2024522500172,2024,522500172,1,1,0,18,19,6,2,0,0,8,0,0,0,0,1,1,6,6,2,25,5,-1,-1,-1,-1,6,E01014563,0,1
2024010501258,2024,010501258,2,1,0,18,19,1,5,0,0,1,5,0,0,0,2,1,6,6,1,26,6,-1,-1,-1,-1,5,E01004061,0,2
2024041523363,2024,041523363,1,9,0,-1,19,1,8,-1,0,0,0,0,0,0,1,1,-1,6,3,-1,-1,-1,-1,-1,-1,-1,-1,0,-1
2024010516624,2024,010516624,1,9,0,99,99,9,9,99,99,9,9,99,9,99,2,9,6,6,1,36,7,-1,-1,-1,-1,2,E01002615,0,3
2024451502632,2024,451502632,1,9,0,-1,12,7,5,-1,9,5,0,0,0,0,1,9,-1,6,2,55,8,-1,-1,-1,-1,-1,-1,0,-1
2024991499116,2024,991499116,2,1,0,-1,9,6,4,-1,0,8,0,0,0,0,1,1,-1,9,1,35,6,-1,-1,-1,-1,9,-1,0,1
2024010520924,2024,010520924,2,9,0,6,6,3,3,0,0,1,0,0,0,0,1,1,6,6,1,58,9,-1,-1,-1,-1,3,E01001672,0,3
2024070175542,2024,070175542,1,9,0,18,19,3,7,0,0,0,0,0,7,0,1,1,6,6,1,31,6,-1,-1,-1,-1,2,E01012391,0,1
2024302400455,2024,302400455,1,-1,0,18,19,3,7,0,0,0,1,0,0,0,3,1,6,6,1,14,3,-1,-1,-1,-1,1,E01019509,1,1
2024070785013,2024,070785013,2,1,0,-1,19,8,4,-1,0,1,0,0,0,0,1,9,-1,6,1,52,8,-1,-1,-1,-1,3,E01012539,0,1
2024221438809,2024,221438809,2,1,0,-1,19,4,8,-1,0,8,0,0,0,0,4,1,-1,6,1,56,9,-1,-1,-1,-1,4,E01014169,0,1
2024430558693,2024,430558693,1,9,0,11,11,7,1,0,0,2,0,0,0,0,2,1,6,6,2,70,10,-1,-1,-1,-1,8,E01016795,0,2
2024010524045,2024,010524045,1,1,9,99,99,9,9,99,99,9,9,99,9,99,1,1,2,2,1,31,6,-1,-1,-1,-1,2,E01001828,0,1
2024010540841,2024,010540841,1,3,0,99,99,9,9,99,99,9,9,99,9,99,1,1,6,6,3,-1,-1,-1,-1,-1,-1,-1,-1,0,-1
2024471531005,2024,471531005,2,1,0,-1,19,3,7,-1,0,8,0,0,0,0,3,1,-1,7,2,16,4,-1,-1,-1,-1,2,E01034826,0,1
2024451428437,2024,451428437,2,9,0,-1,19,1,5,-1,0,0,0,0,0,0,0,9,-1,6,1,20,4,-1,-1,-1,-1,-1,-1,0,-1
2024010497821,2024,010497821,1,1,0,18,19,5,1,0,0,8,0,0,9,0,9,1,6,6,1,29,6,-1,-1,-1,-1,2,E01003330,0,3
2024361472375,2024,361472375,1,5,0,-1,4,5,1,-1,0,0,1,7,0,0,1,1,-1,7,1,20,4,-1,-1,-1,-1,5,E01026768,0,3
2024010513465,2024,010513465,1,1,9,99,99,9,9,99,99,9,9,99,9,99,9,1,2,2,1,24,5,-1,-1,-1,-1,2,E01002804,0,1
2024221431831,2024,221431831,1,9,0,-1,13,6,3,-1,0,0,0,0,0,0,3,9,-1,6,1,28,6,-1,-1,-1,-1,-1,-1,0,-1
2024010491418,2024,010491418,1,9,0,1,1,8,4,0,0,0,0,0,0,0,2,1,6,6,1,45,7,-1,-1,-1,-1,5,E01002744,0,1
2024471442356,2024,471442356,1,1,0,-1,19,5,1,-1,5,1,5,0,0,0,4,1,-1,9,1,13,3,-1,-1,-1,-1,5,E01034819,0,1
2024010535019,2024,010535019,2,1,9,99,99,9,9,99,99,9,9,99,9,99,9,1,6,6,3,-1,-1,-1,-1,-1,-1,-1,-1,0,-1
2024430557502,2024,430557502,1,1,0,18,19,4,8,0,0,1,0,0,0,0,4,1,4,7,1,13,3,-1,-1,-1,-1,10,E01016685,0,1
2024070999909,2024,070999909,2,9,0,-1,3,5,1,-1,0,1,0,0,0,0,2,1,-1,9,2,17,4,-1,-1,-1,-1,10,E01018533,0,3
2024131393751,2024,131393751,2,9,0,-1,2,0,0,-1,0,0,0,0,0,0,1,1,-1,1,1,41,7,-1,-1,-1,-1,4,E01010664,0,1
2024010496180,2024,010496180,1,21,1,11,11,5,1,0,0,0,0,0,0,0,4,1,1,1,1,54,8,-1,-1,-1,-1,3,E01003580,0,1
2024010521444,2024,010521444,2,9,0,18,19,3,7,0,0,0,0,0,0,0,4,1,6,6,3,-1,-1,-1,-1,-1,-1,-1,-1,0,-1
2024010492328,2024,010492328,3,9,0,2,2,0,0,0,0,0,0,0,0,0,1,1,6,6,3,-1,-1,-1,-1,-1,-1,-1,-1,0,-1
2024010518748,2024,010518748,2,9,0,99,99,9,9,99,99,9,9,99,9,99,2,9,6,6,3,-1,-1,-1,-1,-1,-1,-1,-1,0,-1
2024101420171,2024,101420171,2,9,0,-1,14,7,3,-1,0,1,0,0,0,0,3,1,-1,6,1,24,5,-1,-1,-1,-1,10,E01027492,0,4
202460Q185322,2024,60Q185322,1,1,0,18,19,5,1,0,0,1,0,0,0,0,1,1,6,6,1,28,6,-1,-1,-1,-1,-1,-1,0,-1
2024161430811,2024,161430811,2,1,0,-1,7,2,6,-1,0,8,0,0,0,0,3,1,-1,6,1,77,11,-1,-1,-1,-1,5,E01013132,0,1
2024101428595,2024,101428595,1,11,-1,-1,19,3,7,-1,0,0,0,0,0,0,4,9,-1,1,1,64,9,-1,-1,-1,-1,8,E01008447,0,1
2024451458423,2024,451458423,2,9,0,-1,19,8,4,-1,0,1,0,0,0,0,1,1,-1,6,3,-1,-1,-1,-1,-1,-1,-1,-1,0,-1
2024010503298,2024,010503298,2,5,0,18,19,1,5,0,0,0,0,0,0,0,1,1,6,6,1,36,7,-1,-1,-1,-1,-1,-1,0,-1
2024010534054,2024,010534054,2,9,0,99,99,9,9,99,99,9,9,99,9,99,9,9,6,6,3,-1,-1,-1,-1,-1,-1,-1,-1,0,-1
2024201456012,2024,201456012,2,9,0,-1,7,3,5,-1,0,5,0,0,0,0,2,9,-1,6,3,50,8,-1,-1,-1,-1,-1,-1,0,-1
2024061396931,2024,061396931,2,9,0,-1,19,1,5,-1,0,0,0,0,0,0,1,1,-1,1,1,52,8,-1,-1,-1,-1,5,E01010689,0,4
2024311524530,2024,311524530,1,19,0,-1,4,-1,-1,-1,0,1,0,0,0,0,0,9,-1,6,3,-1,-1,-1,-1,-1,-1,-1,-1,0,-1
2024471458784,2024,471458784,2,1,0,-1,19,8,4,-1,0,1,0,0,0,0,1,1,-1,6,1,55,8,-1,-1,-1,-1,6,E01016994,0,2
2024522402263,2024,522402263,1,1,0,18,19,2,6,0,0,8,0,0,0,0,3,1,6,6,1,58,9,-1,-1,-1,-1,8,E01014511,0,1
2024201450606,2024,201450606,1,9,0,-1,19,5,1,-1,0,8,0,0,0,0,1,9,-1,6,3,-1,-1,-1,-1,-1,-1,-1,-1,0,-1
2024451511684,2024,451511684,1,1,0,-1,19,5,1,-1,0,0,0,0,0,0,4,1,-1,9,2,25,5,-1,-1,-1,-1,9,E01004554,0,4
2024501448484,2024,501448484,1,9,0,-1,13,7,3,-1,0,0,0,0,0,0,4,1,-1,6,1,60,9,-1,-1,-1,-1,7,E01020080,0,1
2024320355576,2024,320355576,2,1,0,-1,-1,6,2,0,0,6,0,0,0,0,3,1,6,6,1,13,3,-1,-1,-1,-1,-1,-1,0,-1
2024052401185,2024,052401185,2,9,0,7,7,1,4,0,0,8,0,0,0,0,1,1,6,6,2,22,5,-1,-1,-1,-1,5,E01006557,0,1
2024440529337,2024,440529337,2,-1,0,18,19,1,6,0,0,1,0,0,0,0,1,1,1,1,1,40,7,-1,-1,-1,-1,2,E01017051,1,1
2024010490912,2024,010490912,2,9,9,99,99,9,9,99,99,9,9,99,9,99,9,9,6,6,3,-1,-1,-1,-1,-1,-1,-1,-1,0,-1
2024041404099,2024,041404099,1,9,0,-1,19,5,1,-1,0,1,0,0,1,2,1,1,-1,9,1,27,6,-1,-1,-1,-1,10,E01025454,0,1
2024991472251,2024,991472251,2,1,0,-1,3,8,4,-1,0,2,0,0,0,0,2,1,-1,6,1,25,5,-1,-1,-1,-1,2,-1,0,1
2024522402689,2024,522402689,3,9,0,18,19,1,5,0,0,0,0,0,0,0,1,1,6,6,2,36,7,-1,-1,-1,-1,5,E01014861,0,2
2024440129303,2024,440129303,2,5,0,14,14,8,4,0,0,0,0,0,0,0,1,1,6,6,1,33,6,-1,-1,-1,-1,6,E01023028,0,1
2024440359790,2024,440359790,1,9,0,18,19,6,1,0,0,3,0,0,0,0,1,1,6,6,1,19,4,-1,-1,-1,-1,9,E01022879,0,1
2024311438937,2024,311438937,1,1,0,-1,19,2,5,-1,0,8,0,0,0,0,1,1,-1,6,1,73,10,-1,-1,-1,-1,7,E01027999,0,1
2024231414704,2024,231414704,2,9,0,-1,4,2,6,-1,0,0,0,0,0,0,0,9,-1,6,3,35,6,-1,-1,-1,-1,-1,-1,0,-1
2024010490618,2024,010490618,3,9,0,18,19,7,3,0,0,1,0,0,0,0,0,1,1,1,1,34,6,-1,-1,-1,-1,-1,-1,0,-1
2024131415039,2024,131415039,2,1,0,-1,-1,-1,-1,-1,-1,-1,-1,-1,-1,-1,-1,1,-1,2,1,27,6,-1,-1,-1,-1,1,E01011340,0,1
2024451401460,2024,451401460,1,9,0,-1,19,1,5,-1,0,0,0,0,0,0,1,1,-1,2,1,33,6,-1,-1,-1,-1,2,E01024717,0,4
2024311488401,2024,311488401,2,9,0,-1,5,5,1,-1,0,8,0,0,0,0,4,1,-1,9,2,18,4,-1,-1,-1,-1,-1,-1,0,-1
202417L210524,2024,17L210524,3,9,0,-1,2,0,0,-1,0,0,0,0,0,0,4,1,-1,2,1,26,6,-1,-1,-1,-1,10,E01012299,0,3
2024552400653,2024,552400653,1,9,0,13,13,4,8,0,0,0,0,0,0,0,4,1,6,6,3,-1,-1,-1,-1,-1,-1,-1,-1,0,-1
2024161440632,2024,161440632,1,1,9,-1,19,4,8,-1,0,1,9,0,9,0,9,1,-1,6,1,30,6,-1,-1,-1,-1,-1,-1,0,-1
2024552400732,2024,552400732,1,9,0,9,9,4,2,0,0,6,0,0,0,0,1,1,6,6,1,34,6,-1,-1,-1,-1,8,E01023069,0,3
2024131420215,2024,131420215,2,9,0,-1,-1,-1,-1,-1,-1,-1,-1,-1,-1,0,-1,1,-1,6,3,-1,-1,-1,-1,-1,-1,-1,-1,0,-1
2024010524181,2024,010524181,2,9,0,99,99,9,9,99,99,9,9,99,9,99,2,9,6,6,3,-1,-1,-1,-1,-1,-1,-1,-1,0,-1
2024991497923,2024,991497923,1,9,0,-1,4,3,7,-1,0,1,0,0,0,0,3,1,-1,6,2,38,7,-1,-1,-1,-1,4,-1,0,1
2024010529514,2024,010529514,2,8,0,99,99,9,9,99,99,9,0,0,0,0,1,9,6,6,1,-1,-1,-1,-1,-1,-1,-1,-1,0,-1
2024010515247,2024,010515247,2,1,0,18,19,1,5,9,9,8,0,0,0,0,1,1,1,1,1,25,5,-1,-1,-1,-1,4,E01003098,0,1
2024010505570,2024,010505570,1,1,0,18,19,1,5,2,2,1,5,0,0,0,1,1,1,1,2,35,6,-1,-1,-1,-1,3,E01002787,0,1
2024471400596,2024,471400596,1,1,0,-1,19,8,4,-1,0,1,5,0,0,0,2,1,-1,2,2,35,6,-1,-1,-1,-1,9,E01031753,0,1
2024320158903,2024,320158903,2,22,0,-1,-1,7,3,9,9,1,0,0,0,2,1,1,-1,-1,1,51,8,-1,-1,-1,-1,7,E01026340,0,1
2024461511530,2024,461511530,1,-1,0,-1,19,6,2,-1,0,2,5,0,0,0,0,1,-1,9,1,29,6,-1,-1,-1,-1,1,E01024020,1,1
2024161517968,2024,161517968,2,21,1,-1,3,7,3,-1,0,0,0,0,0,0,2,1,-1,1,1,37,7,-1,-1,-1,-1,4,E01007519,0,3
2024010535801,2024,010535801,1,1,9,99,99,9,9,99,99,9,9,99,9,99,9,1,2,2,1,47,8,-1,-1,-1,-1,5,E01033208,0,1
2024070384229,2024,070384229,2,5,0,18,19,7,3,0,0,0,0,0,0,0,1,1,6,6,1,58,9,-1,-1,-1,-1,10,E01018643,0,1
2024351443677,2024,351443677,1,9,-1,-1,-1,-1,-1,-1,-1,0,-1,-1,-1,0,-1,9,-1,6,3,-1,-1,-1,-1,-1,-1,-1,-1,0,-1
2024421488666,2024,421488666,1,9,0,-1,19,1,5,-1,0,0,0,0,0,0,0,9,-1,6,3,50,8,-1,-1,-1,-1,-1,-1,0,-1
2024440346335,2024,440346335,1,1,0,9,9,1,3,0,0,6,0,0,0,0,1,1,6,6,1,11,3,-1,-1,-1,-1,9,E01023111,0,1
2024320020370,2024,320020370,2,1,0,-1,-1,5,2,0,0,8,5,0,0,0,1,1,-1,-1,1,64,9,-1,-1,-1,-1,7,E01026344,0,1
2024351471192,2024,351471192,2,1,0,-1,19,1,5,-1,5,8,0,0,0,0,1,1,-1,2,1,27,6,-1,-1,-1,-1,4,E01018009,0,1
2024371471662,2024,371471662,2,1,0,-1,19,5,1,-1,0,1,0,0,0,0,2,1,-1,6,1,57,9,-1,-1,-1,-1,5,E01030189,0,1
2024131414736,2024,131414736,1,9,0,-1,12,8,4,-1,0,8,0,0,0,0,1,1,-1,6,1,27,6,-1,-1,-1,-1,7,E01011825,0,2
2024161407492,2024,161407492,2,9,0,-1,7,4,6,-1,0,8,0,0,0,0,0,9,-1,6,3,40,7,-1,-1,-1,-1,-1,-1,0,-1
2024461519672,2024,461519672,1,10,0,-1,19,4,8,-1,0,1,0,0,0,0,1,2,-1,6,1,33,6,-1,-1,-1,-1,-1,-1,0,-1
2024302400370,2024,302400370,2,9,0,7,7,8,2,0,0,4,0,0,0,0,1,2,6,6,3,-1,-1,-1,-1,-1,-1,5,E01019456,0,3
2024311488347,2024,311488347,1,9,0,-1,19,1,5,-1,0,0,0,0,0,0,1,1,-1,6,1,-1,-1,-1,-1,-1,-1,-1,-1,0,-1
2024010524007,2024,010524007,1,1,9,99,99,9,9,99,99,9,9,99,9,99,1,1,2,2,2,38,7,-1,-1,-1,-1,7,E01002385,0,1
2024430031145,2024,430031145,2,9,0,18,19,8,4,0,0,1,0,0,0,0,0,1,1,1,1,-1,-1,-1,-1,-1,-1,6,E01033500,0,4
2024421421911,2024,421421911,2,9,0,-1,19,7,3,-1,0,0,0,0,0,0,0,9,-1,6,-1,-1,-1,-1,-1,-1,-1,-1,-1,0,-1
2024010510697,2024,010510697,1,1,9,99,99,9,9,99,99,9,9,99,9,99,9,1,2,2,1,33,6,-1,-1,-1,-1,2,E01004008,0,2
2024010549555,2024,010549555,2,9,0,99,99,9,9,99,99,9,9,99,9,99,3,9,6,6,1,27,6,-1,-1,-1,-1,8,E01030859,0,1
2024430019284,2024,430019284,2,9,0,18,19,5,1,0,0,4,0,0,0,0,1,1,6,6,1,35,6,-1,-1,-1,-1,9,E01017840,0,1
2024351497554,2024,351497554,1,9,0,-1,9,5,3,-1,0,1,0,0,0,0,1,1,-1,2,2,46,8,-1,-1,-1,-1,4,E01035537,0,1
2024010519153,2024,010519153,1,1,9,99,99,9,9,99,99,9,9,99,9,99,1,1,6,6,1,25,5,-1,-1,-1,-1,4,E01033870,0,1
2024311501794,2024,311501794,2,2,0,-1,5,1,3,-1,0,6,1,0,0,0,3,1,-1,6,1,15,3,-1,-1,-1,-1,-1,-1,0,-1
2024010533645,2024,010533645,1,9,0,18,19,1,5,0,0,4,0,0,0,0,0,1,6,6,3,-1,-1,-1,-1,-1,-1,-1,-1,0,-1
2024471423900,2024,471423900,2,9,0,-1,4,4,7,-1,0,0,1,1,1,0,2,1,-1,6,1,-1,-1,-1,-1,-1,-1,-1,-1,0,-1
2024041419590,2024,041419590,2,9,0,-1,19,8,1,-1,0,0,0,0,0,0,1,1,-1,6,1,40,7,-1,-1,-1,-1,8,E01034353,0,3
2024311451550,2024,311451550,2,1,0,-1,19,6,2,-1,9,0,0,0,0,0,1,1,-1,6,2,18,4,-1,-1,-1,-1,-1,-1,0,-1
2024371489229,2024,371489229,1,9,0,-1,19,7,3,-1,0,2,0,0,1,0,1,1,-1,6,1,59,9,-1,-1,-1,-1,2,E01030168,0,3
2024061485265,2024,061485265,3,8,0,-1,7,1,7,-1,-1,4,0,0,1,0,3,1,-1,1,1,39,7,-1,-1,-1,-1,1,E01005141,0,3
2024522403303,2024,522403303,1,-1,0,18,19,7,4,0,0,8,0,0,0,0,4,1,6,6,1,20,4,-1,-1,-1,-1,3,E01014569,1,1
2024201536204,2024,201536204,1,9,0,-1,19,1,5,-1,0,1,0,0,0,0,1,9,-1,6,3,-1,-1,-1,-1,-1,-1,-1,-1,0,-1
2024101526997,2024,101526997,1,9,0,-1,19,6,1,-1,0,4,0,0,0,0,1,1,-1,6,1,56,9,-1,-1,-1,-1,7,E01012415,0,5
2024201484650,2024,201484650,1,9,0,-1,19,4,3,-1,0,0,0,0,0,0,1,1,-1,6,1,30,6,-1,-1,-1,-1,-1,-1,0,-1
2024461451228,2024,461451228,2,9,0,-1,7,7,1,-1,0,0,0,0,0,0,4,1,-1,2,1,47,8,-1,-1,-1,-1,7,E01024073,0,4
2024401510081,2024,401510081,1,9,-1,-1,-1,-1,-1,-1,-1,0,-1,-1,-1,0,-1,9,-1,6,1,-1,-1,-1,-1,-1,-1,-1,-1,0,-1
2024010545770,2024,010545770,2,9,0,18,19,4,8,0,0,8,0,4,0,0,1,1,6,6,1,34,6,-1,-1,-1,-1,4,E01003543,0,1
2024010490683,2024,010490683,2,19,0,3,3,3,7,0,0,0,0,0,0,0,1,1,6,6,1,39,7,-1,-1,-1,-1,4,E01002250,0,2
2024010548233,2024,010548233,1,19,0,9,9,1,7,0,0,1,0,0,0,0,3,1,1,1,1,49,8,-1,-1,-1,-1,6,E01000211,0,1
2024991423540,2024,991423540,1,1,0,-1,9,3,7,-1,0,1,0,0,0,0,3,1,-1,9,1,18,4,-1,-1,-1,-1,2,-1,0,1
2024010518117,2024,010518117,1,1,0,4,4,2,6,99,99,4,2,0,9,0,2,1,4,7,1,12,3,-1,-1,-1,-1,1,E01000605,0,2
2024311456647,2024,311456647,1,9,0,-1,19,5,1,-1,0,0,0,0,0,0,1,9,-1,6,3,9,2,-1,-1,-1,-1,-1,-1,0,-1
2024421401192,2024,421401192,2,1,0,-1,19,-1,-1,-1,0,0,0,0,0,0,2,1,-1,6,1,27,6,-1,-1,-1,-1,9,E01018238,0,1
2024991507639,2024,991507639,1,9,0,-1,7,5,8,-1,4,1,0,0,0,0,4,1,-1,6,1,66,10,-1,-1,-1,-1,1,-1,0,4
2024501413197,2024,501413197,1,19,0,-1,7,3,5,-1,0,1,0,0,0,0,4,9,-1,6,3,-1,-1,-1,-1,-1,-1,-1,-1,0,-1
2024010511437,2024,010511437,2,22,0,18,19,3,7,0,0,2,0,0,0,0,1,1,6,6,1,84,11,-1,-1,-1,-1,2,E01002096,0,1
2024010501978,2024,010501978,1,1,9,99,99,9,9,99,99,9,9,99,9,99,2,1,2,2,1,31,6,-1,-1,-1,-1,3,E01033488,0,2
2024211532033,2024,211532033,2,1,0,-1,19,8,4,-1,0,8,0,0,0,0,1,1,-1,2,1,36,7,-1,-1,-1,-1,-1,-1,0,-1
2024061523083,2024,061523083,1,8,0,-1,9,-1,-1,-1,0,5,0,0,0,0,1,1,-1,6,3,-1,-1,-1,-1,-1,-1,-1,-1,0,-1
2024440042285,2024,440042285,1,9,0,18,19,8,4,0,0,0,0,0,0,0,1,1,6,6,1,71,10,-1,-1,-1,-1,6,E01022736,0,1
2024302400584,2024,302400584,2,9,0,17,19,1,6,0,0,1,0,0,0,0,3,1,6,6,1,41,7,-1,-1,-1,-1,3,E01019531,0,1
2024122400718,2024,122400718,2,9,0,18,19,5,1,0,0,8,0,0,0,0,2,1,6,6,2,24,5,-1,-1,-1,-1,10,E01027899,0,1
2024201466587,2024,201466587,1,9,0,-1,19,1,5,-1,0,0,0,0,0,0,1,1,-1,6,1,51,8,-1,-1,-1,-1,1,E01009631,0,1
2024430444168,2024,430444168,2,4,0,18,19,2,6,0,0,8,0,0,0,0,1,1,1,1,1,53,8,-1,-1,-1,-1,6,E01016287,0,4
2024320593540,2024,320593540,2,9,0,-1,-1,6,2,0,0,0,0,0,0,0,1,1,-1,-1,2,30,6,-1,-1,-1,-1,6,E01026399,0,1
2024061437193,2024,061437193,1,1,0,-1,10,-1,-1,-1,0,1,5,0,0,0,3,1,-1,9,2,31,6,-1,-1,-1,-1,2,E01005199,0,1
2024131422762,2024,131422762,1,90,0,-1,-1,-1,-1,-1,-1,-1,-1,-1,-1,0,-1,1,-1,6,3,-1,-1,-1,-1,-1,-1,-1,-1,0,-1
2024430118262,2024,430118262,1,11,0,18,19,4,8,0,0,0,0,0,0,0,4,1,6,6,3,-1,-1,-1,-1,-1,-1,-1,-1,0,-1
2024070978199,2024,070978199,2,1,0,-1,19,1,7,-1,0,8,0,0,0,0,1,1,-1,6,1,31,6,-1,-1,-1,-1,8,E01034409,0,4
2024161419255,2024,161419255,2,1,0,-1,19,1,5,-1,0,1,5,0,0,0,1,1,-1,6,1,14,3,-1,-1,-1,-1,-1,-1,0,-1
2024070276038,2024,070276038,2,9,0,18,19,1,6,0,0,8,0,0,0,0,1,1,6,6,2,25,5,-1,-1,-1,-1,9,E01018420,0,1
2024440191356,2024,440191356,1,9,0,5,5,8,4,0,0,6,0,0,0,0,1,1,6,6,3,-1,-1,-1,-1,-1,-1,-1,-1,0,-1
2024070505433,2024,070505433,2,9,0,4,4,8,4,5,5,8,0,0,0,0,1,1,6,6,2,-1,-1,-1,-1,-1,-1,-1,-1,0,-1
2024430228988,2024,430228988,2,1,0,18,19,3,7,0,0,2,0,0,0,0,1,1,6,6,1,43,7,-1,-1,-1,-1,-1,-1,0,-1
2024010487471,2024,010487471,1,9,0,18,19,8,4,0,0,0,0,0,0,0,0,1,1,1,2,33,6,-1,-1,-1,-1,3,E01002133,0,3
2024131454728,2024,131454728,1,98,0,-1,-1,-1,-1,-1,-1,-1,-1,-1,-1,-1,-1,1,-1,6,3,-1,-1,-1,-1,-1,-1,-1,-1,0,-1
2024041466792,2024,041466792,1,9,0,-1,19,1,5,-1,0,0,0,0,0,0,1,1,-1,6,1,39,7,-1,-1,-1,-1,9,E01024916,0,2
2024302400057,2024,302400057,1,9,0,4,4,1,5,0,0,1,0,0,0,0,2,1,6,6,3,-1,-1,-1,-1,-1,-1,5,E01019456,0,3
2024122401018,2024,122401018,2,1,0,18,19,6,2,0,0,0,0,0,0,0,3,1,2,2,1,59,9,-1,-1,-1,-1,5,E01027729,0,1
2024522403433,2024,522403433,1,-1,0,5,5,7,7,0,0,8,0,0,0,0,1,1,6,6,1,33,6,-1,-1,-1,-1,7,E01014525,1,1
2024010492928,2024,010492928,2,9,0,99,99,9,9,99,99,0,9,99,9,99,9,9,6,6,1,33,6,-1,-1,-1,-1,2,E01004420,0,3
2024311535848,2024,311535848,2,19,0,-1,19,2,6,-1,0,0,0,0,0,0,1,1,-1,6,3,-1,-1,-1,-1,-1,-1,-1,-1,0,-1
2024010547476,2024,010547476,1,1,9,99,99,9,9,99,99,9,9,99,9,99,9,1,2,2,2,56,9,-1,-1,-1,-1,2,E01002715,0,2
2024131439099,2024,131439099,1,9,0,-1,-1,-1,-1,-1,-1,0,-1,-1,-1,-1,-1,1,-1,6,3,-1,-1,-1,-1,-1,-1,-1,-1,0,-1
2024302500272,2024,302500272,1,9,0,-1,19,2,7,-1,0,1,1,0,1,1,4,1,-1,6,1,24,5,-1,-1,-1,-1,6,E01013506,0,1
2024631431360,2024,631431360,3,9,4,-1,19,4,8,-1,0,8,3,0,7,10,1,1,-1,1,1,28,6,-1,-1,-1,-1,6,W01000487,0,1
2024361471499,2024,361471499,1,9,0,-1,19,6,2,-1,0,2,0,0,0,0,4,1,-1,6,3,38,7,-1,-1,-1,-1,-1,-1,0,-1
2024340NN1582,2024,340NN1582,1,9,0,-1,9,5,2,-1,0,5,5,0,0,0,4,1,-1,6,2,40,7,-1,-1,-1,-1,7,E01027338,0,1
2024221407944,2024,221407944,1,9,0,-1,19,4,8,-1,0,0,1,0,1,4,1,1,-1,2,1,42,7,-1,-1,-1,-1,7,E01032153,0,3
2024471483876,2024,471483876,2,97,0,-1,19,5,1,-1,0,0,0,0,0,0,0,1,-1,6,-1,-1,-1,-1,-1,-1,-1,-1,-1,0,-1
2024302401010,2024,302401010,2,1,0,17,19,5,1,0,0,3,0,0,0,0,1,1,6,6,1,41,7,-1,-1,-1,-1,9,E01034653,0,1
2024010504971,2024,010504971,2,9,9,99,99,9,9,99,99,9,9,99,9,99,9,9,6,6,3,-1,-1,-1,-1,-1,-1,-1,-1,0,-1
2024101483627,2024,101483627,1,9,0,-1,5,6,3,-1,0,6,0,0,0,0,3,9,-1,6,3,30,6,-1,-1,-1,-1,-1,-1,0,-1
2024430432968,2024,430432968,1,9,0,18,19,6,2,0,0,0,0,0,0,0,3,1,6,6,1,25,5,-1,-1,-1,-1,2,E01002545,0,3
2024010522628,2024,010522628,1,3,0,18,19,5,1,0,0,8,0,0,0,0,1,1,6,6,1,26,6,-1,-1,-1,-1,9,E01000873,0,2
2024332400398,2024,332400398,1,1,0,-1,19,9,9,-1,0,0,0,0,0,0,0,1,-1,7,1,12,3,-1,-1,-1,-1,5,E01026003,0,1
2024430030164,2024,430030164,1,9,0,18,19,8,4,0,0,0,0,0,0,0,1,1,6,6,2,38,7,-1,-1,-1,-1,6,E01017791,0,1
2024122400979,2024,122400979,1,1,0,17,19,5,2,0,0,7,0,0,0,0,1,1,2,2,2,21,5,-1,-1,-1,-1,3,E01033067,0,1
2024522402298,2024,522402298,1,9,9,17,19,9,9,0,0,0,0,0,0,0,9,1,6,6,3,-1,-1,-1,-1,-1,-1,-1,-1,0,-1
2024052401215,2024,052401215,1,97,0,18,19,9,9,0,0,0,9,0,1,0,9,1,6,6,3,-1,-1,-1,-1,-1,-1,-1,-1,0,-1
2024221484996,2024,221484996,2,9,0,-1,7,6,8,-1,0,6,0,0,0,0,1,9,-1,6,1,56,9,-1,-1,-1,-1,8,E01029742,0,3
2024122401264,2024,122401264,2,1,0,18,19,7,3,0,0,1,0,0,0,0,1,1,2,2,2,27,6,-1,-1,-1,-1,1,E01013443,0,1
2024311474895,2024,311474895,1,9,0,-1,9,1,6,-1,0,8,0,0,0,0,1,1,-1,6,3,-1,-1,-1,-1,-1,-1,-1,-1,0,-1
2024010514183,2024,010514183,1,9,0,18,19,1,5,0,0,9,0,0,9,0,1,9,6,6,2,-1,-1,-1,-1,-1,-1,-1,-1,0,-1
2024411499191,2024,411499191,1,9,-1,-1,4,4,8,-1,0,1,0,0,0,0,1,9,-1,6,3,-1,-1,-1,-1,-1,-1,-1,-1,0,-1
2024471458975,2024,471458975,2,98,0,-1,19,1,5,-1,0,0,0,0,0,0,1,1,-1,1,1,51,8,-1,-1,-1,-1,8,E01030613,0,3
2024061452700,2024,061452700,1,-1,0,-1,19,7,3,-1,0,2,0,0,0,0,1,1,-1,9,1,12,3,-1,-1,-1,-1,1,E01005164,1,1
2024131446682,2024,131446682,1,19,0,-1,19,4,8,-1,0,0,0,0,0,0,3,1,-1,1,1,41,7,-1,-1,-1,-1,8,E01010573,0,3
2024991465634,2024,991465634,3,9,0,-1,19,7,3,-1,0,0,0,0,0,0,4,2,-1,6,1,38,7,-1,-1,-1,-1,-1,-1,0,-1
2024221410025,2024,221410025,3,20,5,-1,9,6,5,-1,0,6,0,0,0,0,2,1,-1,1,3,58,9,-1,-1,-1,-1,-1,-1,0,-1
2024061435699,2024,061435699,3,9,-1,-1,-1,-1,-1,-1,-1,0,-1,-1,-1,0,-1,9,-1,6,3,-1,-1,-1,-1,-1,-1,-1,-1,0,-1
2024010505635,2024,010505635,1,1,9,99,99,9,9,99,99,4,9,99,9,99,9,1,2,2,1,43,7,-1,-1,-1,-1,5,E01001038,0,2
2024361418199,2024,361418199,2,9,0,-1,9,5,3,-1,0,8,0,0,0,0,1,1,-1,9,2,30,6,-1,-1,-1,-1,8,E01026587,0,2