collision_index,collision_year,collision_ref_no,vehicle_reference,vehicle_type,towing_and_articulation,vehicle_manoeuvre_historic,vehicle_manoeuvre,vehicle_direction_from,vehicle_direction_to,vehicle_location_restricted_lane_historic,vehicle_location_restricted_lane,junction_location,skidding_and_overturning,hit_object_in_carriageway,vehicle_leaving_carriageway,hit_object_off_carriageway,first_point_of_impact,vehicle_left_hand_drive,journey_purpose_of_driver_historic,journey_purpose_of_driver,sex_of_driver,age_of_driver,age_band_of_driver,engine_capacity_cc,propulsion_code,age_of_vehicle,generic_make_model,driver_imd_decile,lsoa_of_driver,escooter_flag,driver_distance_banding
2024991487630,2024,991487630,2,90,0,-1,19,6,2,-1,0,0,0,0,0,0,1,2,-1,9,1,67,10,-1,-1,-1,-1,-1,-1,0,-1
2024131393812,2024,131393812,1,9,0,-1,19,1,5,-1,0,2,0,0,0,0,1,1,-1,2,1,75,10,-1,-1,-1,-1,8,E01011595,0,3
2024520002250,2024,520002250,1,1,0,18,19,3,7,0,0,0,0,0,0,0,3,1,6,6,1,58,9,-1,-1,-1,-1,10,E01014460,0,2
2024221517822,2024,221517822,1,8,0,-1,19,3,7,-1,0,0,0,0,0,0,1,9,-1,1,2,46,8,-1,-1,-1,-1,5,E01014099,0,2
2024010494853,2024,010494853,2,1,0,7,7,7,1,0,0,1,0,10,0,0,1,1,2,2,1,28,6,-1,-1,-1,-1,5,E01001393,0,2
2024340WN5832,2024,340WN5832,3,1,0,-1,19,6,2,-1,0,8,0,0,0,0,1,1,-1,6,1,-1,-1,-1,-1,-1,-1,-1,-1,0,-1
2024302401085,2024,302401085,2,1,0,18,19,1,5,0,0,1,0,0,0,0,1,1,6,6,1,33,6,-1,-1,-1,-1,7,E01019677,0,1
2024311405894,2024,311405894,2,1,0,-1,19,7,3,-1,0,1,1,0,0,0,1,1,-1,6,1,43,7,-1,-1,-1,-1,4,E01013938,0,3
2024471399694,2024,471399694,2,98,0,-1,19,2,6,-1,0,0,0,0,0,0,1,9,-1,6,3,-1,-1,-1,-1,-1,-1,-1,-1,0,-1
2024010548771,2024,010548771,2,19,9,99,99,9,9,0,0,6,0,0,0,0,1,1,6,6,3,-1,-1,-1,-1,-1,-1,-1,-1,0,-1
2024010493324,2024,010493324,1,9,0,99,99,9,9,99,99,9,9,99,9,99,2,9,6,6,1,34,6,-1,-1,-1,-1,3,E01034221,0,2
2024101403749,2024,101403749,1,9,0,-1,19,5,1,-1,0,0,0,0,0,0,1,9,-1,6,3,-1,-1,-1,-1,-1,-1,-1,-1,0,-1
2024141456076,2024,141456076,2,22,0,-1,19,7,4,-1,0,0,5,0,0,0,4,1,-1,9,1,70,10,-1,-1,-1,-1,1,E01007719,0,1
2024010518977,2024,010518977,1,9,0,14,14,7,3,0,0,0,0,0,0,0,1,1,6,6,3,-1,-1,-1,-1,-1,-1,-1,-1,0,-1
2024461530692,2024,461530692,2,-1,0,-1,19,1,5,-1,0,1,0,0,0,0,3,9,-1,6,1,12,3,-1,-1,-1,-1,-1,-1,1,-1
2024201531424,2024,201531424,2,1,0,-1,19,7,3,-1,0,8,0,0,0,0,1,1,-1,6,1,34,6,-1,-1,-1,-1,-1,-1,0,-1
2024201520557,2024,201520557,1,9,0,-1,19,3,7,-1,0,8,0,0,0,0,1,1,-1,6,1,22,5,-1,-1,-1,-1,2,E01009587,0,1
2024361455223,2024,361455223,1,17,0,-1,19,-1,-1,-1,0,4,0,0,0,0,0,1,-1,6,3,-1,-1,-1,-1,-1,-1,-1,-1,0,-1
2024010522317,2024,010522317,2,9,0,11,11,3,7,0,0,1,0,0,0,0,1,1,6,6,2,43,7,-1,-1,-1,-1,3,E01034614,0,1
2024052401013,2024,052401013,2,1,0,18,19,5,1,0,0,0,0,0,0,0,1,1,6,6,1,13,3,-1,-1,-1,-1,1,E01007293,0,2
2024131575591,2024,131575591,1,90,0,-1,19,3,7,-1,0,1,0,0,0,0,1,1,-1,6,-1,16,4,-1,-1,-1,-1,-1,-1,0,-1
2024010488993,2024,010488993,1,3,0,99,99,9,9,99,99,9,9,99,9,99,9,1,2,2,1,37,7,-1,-1,-1,-1,3,E01003179,0,1
2024010542060,2024,010542060,2,1,0,18,19,2,6,0,0,8,0,0,0,0,3,1,6,6,2,37,7,-1,-1,-1,-1,9,E01004595,0,1
2024052400294,2024,052400294,1,1,0,18,19,8,4,0,0,0,0,0,0,0,1,1,6,6,3,-1,-1,-1,-1,-1,-1,-1,-1,0,-1
2024211478981,2024,211478981,1,9,0,-1,2,0,0,-1,0,0,2,10,0,0,1,2,-1,6,1,18,4,-1,-1,-1,-1,-1,-1,0,-1
2024201425826,2024,201425826,2,1,0,-1,19,4,8,-1,0,0,0,0,0,0,2,1,-1,6,1,18,4,-1,-1,-1,-1,1,E01009274,0,1
2024440106518,2024,440106518,1,9,0,5,5,0,2,0,0,0,0,0,0,0,1,1,3,7,2,37,7,-1,-1,-1,-1,10,E01022837,0,1
2024430031743,2024,430031743,1,9,0,17,19,2,4,0,0,8,0,0,0,0,1,1,3,7,2,35,6,-1,-1,-1,-1,7,E01033974,0,1
2024501456854,2024,501456854,1,9,0,-1,19,7,3,-1,0,8,0,0,0,0,1,1,-1,6,1,60,9,-1,-1,-1,-1,3,E01015172,0,1
2024991431634,2024,991431634,1,5,0,-1,19,5,8,-1,0,0,1,0,7,0,4,1,-1,9,1,59,9,-1,-1,-1,-1,3,E01008229,0,5
2024122500526,2024,122500526,1,1,0,18,19,8,4,0,0,8,0,0,0,0,1,1,2,2,2,54,8,-1,-1,-1,-1,10,E01013380,0,1
2024311481086,2024,311481086,2,90,0,-1,19,5,1,-1,0,0,0,0,0,0,2,1,-1,9,1,58,9,-1,-1,-1,-1,10,E01021614,0,5
2024010527119,2024,010527119,1,1,9,99,99,9,9,99,99,9,9,99,9,99,1,1,2,2,2,34,6,-1,-1,-1,-1,5,E01032785,0,2
2024131439320,2024,131439320,3,9,0,-1,2,0,0,-1,0,1,0,0,0,0,0,1,-1,6,3,-1,-1,-1,-1,-1,-1,-1,-1,0,-1
2024052400416,2024,052400416,1,9,0,18,19,6,2,0,0,8,0,0,1,1,3,1,6,6,1,32,6,-1,-1,-1,-1,1,E01006605,0,1
2024221467824,2024,221467824,1,9,0,-1,9,3,8,-1,0,6,0,0,0,0,3,9,-1,2,1,40,7,-1,-1,-1,-1,5,E01028872,0,1
2024351516159,2024,351516159,1,22,0,-1,5,5,1,-1,0,0,5,0,0,0,1,1,-1,6,1,74,10,-1,-1,-1,-1,6,E01017963,0,1
2024440009083,2024,440009083,2,3,0,18,19,8,4,0,0,8,0,0,0,0,4,1,1,1,1,40,7,-1,-1,-1,-1,6,E01023118,0,1
2024991431247,2024,991431247,1,9,0,-1,19,8,4,-1,0,0,0,0,0,0,3,1,-1,6,3,-1,-1,-1,-1,-1,-1,-1,-1,0,-1
2024622400841,2024,622400841,2,1,0,18,19,4,8,0,0,1,0,0,0,0,1,1,6,6,1,33,6,-1,-1,-1,-1,5,W01001825,0,1
2024552400838,2024,552400838,1,9,0,18,19,8,4,0,0,3,0,0,0,0,1,1,6,6,1,69,10,-1,-1,-1,-1,4,E01034274,0,1
2024461476425,2024,461476425,2,1,0,-1,19,5,1,-1,0,3,0,0,0,0,4,1,-1,6,1,48,8,-1,-1,-1,-1,10,E01024418,0,1
2024401496606,2024,401496606,1,9,0,-1,5,5,7,-1,0,4,0,0,0,0,1,1,-1,6,2,17,4,-1,-1,-1,-1,10,E01017419,0,2
2024430408442,2024,430408442,2,1,0,18,19,7,3,0,0,8,0,0,0,0,1,1,6,6,1,43,7,-1,-1,-1,-1,-1,-1,0,-1
2024010494738,2024,010494738,2,1,0,18,19,5,1,0,0,8,0,0,0,0,4,1,6,6,1,44,7,-1,-1,-1,-1,4,E01003412,0,1
2024061452512,2024,061452512,1,1,0,-1,9,-1,-1,-1,0,3,5,0,7,0,4,1,-1,2,1,33,6,-1,-1,-1,-1,8,E01004780,0,2
2024201492425,2024,201492425,1,9,0,-1,19,6,7,-1,0,0,0,0,0,0,3,1,-1,9,2,23,5,-1,-1,-1,-1,7,E01010352,0,1
2024311512797,2024,311512797,1,9,0,-1,19,1,1,-1,0,4,0,0,0,0,1,9,-1,6,1,-1,-1,-1,-1,-1,-1,-1,-1,0,-1
2024071033770,2024,071033770,2,23,0,-1,19,5,1,-1,0,8,0,0,0,0,1,1,-1,9,1,22,5,-1,-1,-1,-1,1,E01012409,0,1
2024340NN2092,2024,340NN2092,1,97,0,-1,19,5,1,-1,0,5,0,0,0,0,1,1,-1,6,1,35,6,-1,-1,-1,-1,-1,-1,0,-1
2024101503022,2024,101503022,1,9,0,-1,19,7,3,-1,0,0,1,0,0,0,1,1,-1,6,1,33,6,-1,-1,-1,-1,1,E01027451,0,1
2024052401716,2024,052401716,1,1,0,18,19,6,2,0,0,6,0,0,0,0,3,1,6,6,1,27,6,-1,-1,-1,-1,2,E01006742,0,1
2024430531856,2024,430531856,2,9,0,18,19,8,4,0,0,0,0,0,0,0,1,1,6,6,1,-1,-1,-1,-1,-1,-1,-1,-1,0,-1
2024010489757,2024,010489757,1,9,0,10,10,8,6,0,0,5,1,0,0,0,2,1,2,2,2,66,10,-1,-1,-1,-1,9,E01002430,0,1
2024991397490,2024,991397490,3,1,0,-1,19,1,6,-1,0,0,0,0,0,0,2,1,-1,6,2,36,7,-1,-1,-1,-1,6,-1,0,1
2024430246142,2024,430246142,2,1,0,5,5,1,5,0,0,0,0,0,0,0,3,1,6,6,2,24,5,-1,-1,-1,-1,7,E01028521,0,1
2024061478774,2024,061478774,1,9,0,-1,19,-1,-1,-1,0,0,0,0,0,0,4,1,-1,6,3,-1,-1,-1,-1,-1,-1,-1,-1,0,-1
2024010525141,2024,010525141,1,9,0,3,3,7,3,0,0,0,0,0,1,0,1,1,2,2,1,42,7,-1,-1,-1,-1,6,E01003772,0,1
2024052402207,2024,052402207,2,4,0,18,19,1,5,0,0,1,0,0,0,0,1,1,6,6,1,25,5,-1,-1,-1,-1,3,E01006904,0,1
2024451531302,2024,451531302,1,1,0,-1,4,5,2,-1,0,1,0,0,1,0,3,1,-1,2,1,65,9,-1,-1,-1,-1,10,E01030508,0,1
2024461458256,2024,461458256,1,-1,0,-1,19,7,3,-1,9,0,0,0,9,0,1,9,-1,6,2,-1,-1,-1,-1,-1,-1,-1,-1,1,-1
2024332401248,2024,332401248,1,9,0,-1,3,8,4,-1,0,1,0,0,0,0,2,1,-1,6,1,27,6,-1,-1,-1,-1,9,E01025984,0,2
2024010530791,2024,010530791,1,9,0,18,19,1,5,0,0,0,0,0,0,0,1,1,6,6,3,-1,-1,-1,-1,-1,-1,-1,-1,0,-1
2024010508270,2024,010508270,2,1,9,18,19,1,5,99,99,9,9,99,9,99,9,1,6,6,1,12,3,-1,-1,-1,-1,4,E01003169,0,1
2024520000435,2024,520000435,2,9,9,18,19,3,7,0,0,0,0,0,0,0,9,1,6,6,3,-1,-1,-1,-1,-1,-1,-1,-1,0,-1
2024440510622,2024,440510622,1,1,0,18,19,6,2,9,9,0,0,0,0,0,1,1,6,6,1,17,4,-1,-1,-1,-1,10,E01034726,0,1
2024052402785,2024,052402785,1,19,0,18,19,2,3,0,0,8,0,0,0,0,1,1,1,1,1,35,6,-1,-1,-1,-1,-1,-1,0,-1
2024131399114,2024,131399114,1,9,0,-1,-1,-1,-1,-1,-1,-1,-1,-1,-1,-1,-1,1,-1,6,3,-1,-1,-1,-1,-1,-1,-1,-1,0,-1
2024631529235,2024,631529235,1,9,0,-1,5,6,1,-1,0,1,0,0,0,0,1,1,-1,6,1,78,11,-1,-1,-1,-1,6,W01000713,0,1
2024031440942,2024,031440942,2,1,0,-1,19,7,3,-1,0,1,0,0,0,0,1,1,-1,9,1,54,8,-1,-1,-1,-1,2,E01019299,0,1
2024010532158,2024,010532158,2,9,0,18,19,5,1,0,0,1,0,0,0,0,4,1,6,6,2,26,6,-1,-1,-1,-1,6,E01030399,0,3
2024041445394,2024,041445394,1,9,0,-1,19,1,5,-1,0,0,0,0,7,11,1,1,-1,6,1,70,10,-1,-1,-1,-1,4,E01024927,0,2
2024461519798,2024,461519798,1,9,0,-1,19,3,6,-1,0,0,1,0,0,0,3,9,-1,6,3,-1,-1,-1,-1,-1,-1,-1,-1,0,-1
2024440222157,2024,440222157,1,1,0,18,19,2,6,0,0,0,0,0,0,0,1,1,6,6,1,13,3,-1,-1,-1,-1,3,E01017228,0,1
2024131395715,2024,131395715,1,9,0,-1,19,3,7,-1,0,1,0,8,0,0,1,1,-1,9,1,30,6,-1,-1,-1,-1,1,E01005383,0,4
2024430494012,2024,430494012,2,19,0,18,19,4,8,0,0,8,0,0,0,0,3,1,6,6,1,41,7,-1,-1,-1,-1,-1,-1,0,-1
2024041504213,2024,041504213,1,9,0,-1,19,-1,-1,-1,0,0,0,0,0,0,-1,9,-1,6,3,-1,-1,-1,-1,-1,-1,-1,-1,0,-1
2024041514014,2024,041514014,1,9,0,-1,19,3,7,-1,0,0,5,0,0,0,1,1,-1,9,2,70,10,-1,-1,-1,-1,7,E01012611,0,3
2024471520900,2024,471520900,2,22,0,-1,19,6,2,-1,0,0,0,0,0,0,4,1,-1,6,2,70,10,-1,-1,-1,-1,5,E01031554,0,1
2024041460050,2024,041460050,1,22,-1,-1,-1,-1,-1,-1,-1,0,-1,-1,-1,0,-1,1,-1,6,2,70,10,-1,-1,-1,-1,4,E01025304,0,2
2024461488432,2024,461488432,2,9,0,-1,2,0,0,-1,0,0,0,0,0,0,3,2,-1,6,-1,-1,-1,-1,-1,-1,-1,-1,-1,0,-1
2024010533714,2024,010533714,1,9,0,6,6,1,1,0,0,2,0,0,0,0,3,1,6,6,1,25,5,-1,-1,-1,-1,-1,-1,0,-1
2024141415431,2024,141415431,1,9,0,-1,19,3,7,-1,0,0,0,0,0,0,1,1,-1,6,3,30,6,-1,-1,-1,-1,-1,-1,0,-1
2024522402750,2024,522402750,2,1,0,18,19,2,6,0,0,8,0,0,0,0,1,1,6,6,1,16,4,-1,-1,-1,-1,10,E01014964,0,1
2024141450933,2024,141450933,2,9,0,-1,19,6,8,-1,0,1,0,0,0,0,0,9,-1,6,3,-1,-1,-1,-1,-1,-1,-1,-1,0,-1
2024451444769,2024,451444769,2,1,0,-1,19,3,7,-1,0,1,0,0,0,0,1,1,-1,9,1,65,9,-1,-1,-1,-1,9,E01003807,0,3
2024351543925,2024,351543925,5,21,1,-1,19,6,2,-1,0,0,0,0,0,0,0,1,-1,1,-1,-1,-1,-1,-1,-1,-1,-1,-1,0,-1
2024041534914,2024,041534914,2,1,0,-1,19,1,6,-1,0,0,0,0,0,0,2,1,-1,6,1,50,8,-1,-1,-1,-1,4,E01025517,0,1
2024451487375,2024,451487375,1,23,0,-1,19,7,3,-1,9,0,0,0,0,0,1,1,-1,9,1,12,3,-1,-1,-1,-1,9,E01030539,0,1
2024010493779,2024,010493779,2,9,9,18,19,3,7,99,99,9,9,99,9,99,9,9,6,6,1,23,5,-1,-1,-1,-1,2,E01000533,0,1
2024010529238,2024,010529238,2,1,0,9,9,5,3,4,4,3,0,0,0,0,1,1,6,6,1,36,7,-1,-1,-1,-1,6,E01002614,0,1
2024131535615,2024,131535615,1,90,0,-1,19,3,7,-1,0,0,0,0,0,0,3,1,-1,6,1,23,5,-1,-1,-1,-1,3,E01011286,0,1
2024430482613,2024,430482613,2,9,0,18,19,4,8,0,0,0,0,0,0,0,1,1,6,6,3,-1,-1,-1,-1,-1,-1,-1,-1,0,-1
2024421470871,2024,421470871,3,1,0,-1,19,3,7,-1,0,0,0,0,0,0,2,1,-1,9,1,19,4,-1,-1,-1,-1,4,E01015936,0,1
2024361479589,2024,361479589,1,1,0,-1,19,7,3,-1,0,8,0,0,0,0,1,1,-1,6,1,25,5,-1,-1,-1,-1,-1,-1,0,-1
2024421457099,2024,421457099,2,1,0,-1,19,7,3,-1,9,1,0,0,0,0,3,1,-1,7,1,14,3,-1,-1,-1,-1,-1,-1,0,-1
2024991440117,2024,991440117,1,1,0,-1,19,7,3,-1,0,8,0,0,0,0,4,1,-1,1,1,26,6,-1,-1,-1,-1,9,-1,0,2
2024010496689,2024,010496689,2,9,0,99,99,9,9,99,99,9,9,99,9,99,2,9,6,6,3,-1,-1,-1,-1,-1,-1,-1,-1,0,-1
2024411427777,2024,411427777,2,9,0,-1,-1,-1,-1,-1,-1,0,-1,-1,-1,0,-1,9,-1,6,3,-1,-1,-1,-1,-1,-1,-1,-1,0,-1
2024351415294,2024,351415294,2,1,0,-1,19,5,1,-1,5,0,0,0,0,0,1,1,-1,9,1,54,8,-1,-1,-1,-1,8,E01018236,0,1
2024161497827,2024,161497827,1,1,0,-1,19,7,3,-1,0,0,0,99,0,0,3,1,-1,2,1,36,7,-1,-1,-1,-1,3,E01013184,0,2
2024544254324,2024,544254324,2,1,0,18,19,3,7,0,0,1,0,0,0,0,2,1,2,2,1,22,5,-1,-1,-1,-1,5,E01015529,0,1
2024070371488,2024,070371488,5,9,0,2,2,0,0,0,0,0,0,0,0,0,0,1,6,6,2,-1,-1,-1,-1,-1,-1,-1,-1,0,-1
2024010492180,2024,010492180,2,9,0,99,99,9,9,99,99,9,9,99,9,99,9,9,6,6,3,-1,-1,-1,-1,-1,-1,-1,-1,0,-1
2024552400365,2024,552400365,1,9,0,1,1,2,7,9,9,5,0,0,0,0,2,1,6,6,1,77,11,-1,-1,-1,-1,10,E01020559,0,1
2024302401175,2024,302401175,2,1,0,18,19,8,4,0,0,8,0,0,0,0,3,1,6,6,1,36,7,-1,-1,-1,-1,6,E01028236,0,3
2024061408966,2024,061408966,1,9,0,-1,9,2,8,-1,0,1,0,0,0,0,1,9,-1,6,1,-1,-1,-1,-1,-1,-1,-1,-1,0,-1
2024141470791,2024,141470791,1,1,0,-1,5,7,3,-1,0,1,0,0,0,0,1,1,-1,6,1,12,3,-1,-1,-1,-1,6,E01008087,0,1
2024340NN1932,2024,340NN1932,2,1,0,-1,19,1,5,-1,0,8,0,0,0,0,3,1,-1,2,2,47,8,-1,-1,-1,-1,4,E01035429,0,1
2024311414491,2024,311414491,2,1,0,-1,19,4,8,-1,0,2,0,0,0,0,1,1,-1,9,1,21,5,-1,-1,-1,-1,1,E01027956,0,1
2024010518747,2024,010518747,1,1,0,16,19,5,8,0,0,1,0,0,0,0,2,1,6,6,1,23,5,-1,-1,-1,-1,-1,-1,0,-1
2024201504754,2024,201504754,2,9,0,-1,5,3,7,-1,0,0,0,0,0,0,2,1,-1,2,2,51,8,-1,-1,-1,-1,6,E01029645,0,2
2024010506126,2024,010506126,2,1,0,18,19,5,1,0,0,8,0,0,0,0,3,1,6,6,1,36,7,-1,-1,-1,-1,6,E01003223,0,1
2024201447549,2024,201447549,1,99,0,-1,1,5,1,-1,0,1,0,0,0,0,2,1,-1,6,1,40,7,-1,-1,-1,-1,-1,-1,0,-1
2024332400912,2024,332400912,2,1,0,-1,19,2,6,-1,0,0,0,0,0,0,3,1,-1,6,1,38,7,-1,-1,-1,-1,4,E01013717,0,1
2024361508334,2024,361508334,1,98,0,-1,19,8,3,-1,0,1,0,0,0,0,1,1,-1,9,2,52,8,-1,-1,-1,-1,6,E01026773,0,1
2024451420353,2024,451420353,1,1,0,-1,19,7,3,-1,0,8,0,0,0,0,3,1,-1,6,1,31,6,-1,-1,-1,-1,4,E01004006,0,4
2024440233398,2024,440233398,2,9,0,18,19,5,1,0,0,0,0,0,0,0,1,1,6,6,1,55,8,-1,-1,-1,-1,4,E01022988,0,2
2024411532905,2024,411532905,2,1,0,-1,19,4,8,-1,9,1,0,0,0,0,3,1,-1,6,1,37,7,-1,-1,-1,-1,4,E01023303,0,1
2024421414397,2024,421414397,1,-1,0,-1,19,5,1,-1,9,0,0,0,0,0,1,9,-1,6,3,-1,-1,-1,-1,-1,-1,-1,-1,1,-1
2024361493604,2024,361493604,1,9,0,-1,19,7,3,-1,0,0,1,0,1,4,1,1,-1,9,2,69,10,-1,-1,-1,-1,5,E01018062,0,4
2024520403066,2024,520403066,2,9,0,18,19,7,3,0,0,8,0,0,0,0,1,1,6,6,1,57,9,-1,-1,-1,-1,10,E01032700,0,5
2024440445250,2024,440445250,1,1,0,18,19,5,1,0,0,0,-1,0,0,0,1,1,6,6,1,68,10,-1,-1,-1,-1,-1,-1,0,-1
2024070919267,2024,070919267,2,1,0,-1,19,5,1,-1,0,0,0,0,0,0,1,1,-1,6,1,25,5,-1,-1,-1,-1,1,E01012424,0,1
2024501491303,2024,501491303,2,9,0,-1,19,1,5,-1,99,0,9,99,7,99,9,1,-1,6,3,-1,-1,-1,-1,-1,-1,-1,-1,0,-1
2024010550204,2024,010550204,1,9,0,18,19,1,5,0,0,0,0,0,0,0,1,1,6,6,3,-1,-1,-1,-1,-1,-1,-1,-1,0,-1
2024440496095,2024,440496095,2,9,0,18,19,5,1,0,0,0,0,0,0,0,3,1,6,6,3,-1,-1,-1,-1,-1,-1,-1,-1,0,-1
2024031492505,2024,031492505,2,9,0,-1,3,7,3,-1,0,0,0,0,7,0,2,1,-1,6,2,69,10,-1,-1,-1,-1,-1,-1,0,-1
2024061486928,2024,061486928,2,9,-1,-1,19,1,5,-1,0,8,-1,-1,-1,0,1,9,-1,6,2,-1,-1,-1,-1,-1,-1,-1,-1,0,-1
2024010492189,2024,010492189,1,3,0,99,99,9,9,99,99,9,9,99,9,99,1,1,6,6,1,22,5,-1,-1,-1,-1,8,E01030845,0,3
2024501470528,2024,501470528,1,9,0,-1,19,3,7,-1,0,0,0,0,1,11,1,1,-1,6,1,83,11,-1,-1,-1,-1,4,E01020138,0,2
2024041512693,2024,041512693,2,9,0,-1,19,5,1,-1,0,8,0,0,0,0,1,1,-1,9,2,36,7,-1,-1,-1,-1,3,E01025460,0,1
2024302401382,2024,302401382,1,5,0,18,19,4,8,0,0,0,0,0,0,0,4,1,6,6,1,39,7,-1,-1,-1,-1,6,E01013506,0,1
2024440481928,2024,440481928,1,19,0,17,19,4,1,0,0,0,0,0,2,4,1,1,1,1,1,58,9,-1,-1,-1,-1,8,E01023174,0,4
2024421528543,2024,421528543,1,9,0,-1,99,1,4,-1,99,0,0,0,3,0,1,1,-1,6,3,-1,-1,-1,-1,-1,-1,-1,-1,0,-1
2024471471682,2024,471471682,2,1,0,-1,19,8,4,-1,9,0,0,0,0,0,1,1,-1,6,1,10,2,-1,-1,-1,-1,-1,-1,0,-1
2024010515631,2024,010515631,1,9,0,9,9,7,5,0,0,5,0,0,0,0,1,1,6,6,3,-1,-1,-1,-1,-1,-1,-1,-1,0,-1
2024451443437,2024,451443437,2,1,0,-1,19,1,5,-1,9,1,0,0,0,0,1,1,-1,9,2,13,3,-1,-1,-1,-1,9,E01030772,0,1
2024320572641,2024,320572641,1,19,0,-1,-1,2,6,0,0,1,0,0,0,0,4,1,6,6,3,-1,-1,-1,-1,-1,-1,-1,-1,0,-1
2024552401001,2024,552401001,2,9,0,18,19,8,4,0,0,8,0,0,0,0,1,1,6,6,1,18,4,-1,-1,-1,-1,7,E01015428,0,2
2024440343427,2024,440343427,2,9,0,18,19,4,8,0,0,0,0,0,0,0,0,1,6,6,1,-1,-1,-1,-1,-1,-1,-1,-1,0,-1
2024311526484,2024,311526484,1,9,-1,-1,19,7,3,-1,0,1,0,0,0,0,4,9,-1,6,3,-1,-1,-1,-1,-1,-1,-1,-1,0,-1
2024546647824,2024,546647824,1,9,0,9,9,5,3,0,0,6,0,0,0,0,1,1,6,6,3,-1,-1,-1,-1,-1,-1,-1,-1,0,-1
2024010531098,2024,010531098,2,9,0,18,19,1,5,0,0,0,0,0,0,0,1,1,1,1,1,25,5,-1,-1,-1,-1,2,E01004035,0,1
2024041474433,2024,041474433,2,1,0,-1,5,7,3,-1,0,4,0,0,0,0,1,1,-1,6,1,63,9,-1,-1,-1,-1,5,E01012667,0,1
2024430077152,2024,430077152,1,9,0,7,7,4,8,0,0,8,0,0,0,0,1,1,6,6,3,-1,-1,-1,-1,-1,-1,-1,-1,0,-1
2024010511609,2024,010511609,2,9,0,99,99,9,9,99,99,9,9,99,9,99,2,9,6,6,3,-1,-1,-1,-1,-1,-1,-1,-1,0,-1
2024211461788,2024,211461788,1,9,0,-1,2,0,0,-1,0,0,0,0,0,0,1,1,-1,2,1,18,4,-1,-1,-1,-1,7,E01032136,0,3
2024101476589,2024,101476589,2,9,0,-1,5,4,8,-1,0,8,0,0,0,0,4,1,-1,6,2,37,7,-1,-1,-1,-1,9,E01008775,0,3
2024010526418,2024,010526418,2,1,0,5,5,7,3,0,0,0,0,0,0,0,2,1,6,6,2,23,5,-1,-1,-1,-1,4,E01004592,0,2
2024610002724,2024,610002724,2,22,0,18,19,6,2,0,0,0,0,0,0,0,4,1,6,6,2,36,7,-1,-1,-1,-1,8,W01001535,0,1
2024010545531,2024,010545531,1,11,9,12,12,9,9,99,99,0,9,99,9,99,9,1,6,6,1,53,8,-1,-1,-1,-1,2,E01001745,0,3
2024522403101,2024,522403101,3,21,1,12,12,7,3,0,0,0,0,0,0,0,0,1,6,6,3,-1,-1,-1,-1,-1,-1,-1,-1,0,-1
2024421488418,2024,421488418,1,99,0,-1,19,7,3,-1,0,0,0,0,0,0,1,9,-1,6,3,-1,-1,-1,-1,-1,-1,-1,-1,0,-1
2024010489715,2024,010489715,2,9,0,14,14,7,3,0,0,6,0,4,0,0,1,1,6,6,1,34,6,-1,-1,-1,-1,-1,-1,0,-1
2024231496700,2024,231496700,1,9,0,-1,19,4,8,-1,0,8,0,0,0,0,4,9,-1,6,3,38,7,-1,-1,-1,-1,-1,-1,0,-1
2024131486876,2024,131486876,2,1,0,-1,19,4,8,-1,0,1,0,0,0,0,1,1,-1,9,1,42,7,-1,-1,-1,-1,7,E01011645,0,1
2024531475434,2024,531475434,2,1,0,-1,19,5,1,-1,0,0,0,0,0,0,2,1,-1,6,2,17,4,-1,-1,-1,-1,5,E01022312,0,1
2024010542035,2024,010542035,2,9,0,18,19,3,7,0,0,1,0,0,0,0,4,1,6,6,1,68,10,-1,-1,-1,-1,3,E01001008,0,1
2024320080728,2024,320080728,1,9,0,-1,-1,4,8,0,0,0,0,0,0,0,1,1,6,6,3,-1,-1,-1,-1,-1,-1,-1,-1,0,-1
2024351427985,2024,351427985,2,1,-1,-1,-1,-1,-1,-1,-1,-1,-1,-1,-1,0,-1,1,-1,2,1,57,9,-1,-1,-1,-1,10,E01018232,0,1
2024010490806,2024,010490806,1,9,0,7,7,7,1,0,0,5,0,0,0,0,1,1,1,1,1,47,8,-1,-1,-1,-1,4,E01002267,0,3
2024010494055,2024,010494055,1,9,0,18,19,6,2,0,0,0,5,4,0,0,1,1,6,6,1,40,7,-1,-1,-1,-1,1,E01033598,0,1
2024052400448,2024,052400448,1,9,0,5,5,1,5,0,0,4,0,0,0,0,1,1,6,6,3,-1,-1,-1,-1,-1,-1,-1,-1,0,-1
2024061448493,2024,061448493,2,9,0,-1,9,-1,-1,-1,0,6,0,1,0,0,1,1,-1,6,3,-1,-1,-1,-1,-1,-1,-1,-1,0,-1
2024010535855,2024,010535855,1,1,0,18,19,1,5,0,0,8,0,0,0,0,1,1,2,2,1,19,4,-1,-1,-1,-1,3,E01000556,0,1
2024522401662,2024,522401662,2,9,0,18,19,8,4,0,0,1,0,0,0,0,1,1,6,6,3,-1,-1,-1,-1,-1,-1,-1,-1,0,-1
2024010543623,2024,010543623,1,23,0,5,5,5,1,0,0,2,0,0,0,0,2,1,6,6,1,23,5,-1,-1,-1,-1,-1,-1,0,-1
2024052400930,2024,052400930,1,9,0,5,5,3,7,0,0,0,0,0,0,0,1,1,6,6,3,-1,-1,-1,-1,-1,-1,-1,-1,0,-1
2024411513318,2024,411513318,2,9,-1,-1,-1,-1,-1,-1,-1,-1,-1,-1,-1,0,-1,9,-1,1,1,30,6,-1,-1,-1,-1,2,E01001461,0,2
2024201441871,2024,201441871,1,-1,0,-1,19,2,6,-1,9,0,0,0,0,0,1,9,-1,6,1,-1,-1,-1,-1,-1,-1,-1,-1,1,-1
2024501482277,2024,501482277,2,1,0,-1,19,8,4,-1,0,8,5,0,0,0,1,1,-1,6,1,28,6,-1,-1,-1,-1,8,E01018859,0,1
2024351540776,2024,351540776,1,9,0,-1,19,-1,-1,-1,0,1,0,0,0,0,9,9,-1,6,3,-1,-1,-1,-1,-1,-1,-1,-1,0,-1
2024010540245,2024,010540245,1,9,0,9,9,5,2,0,0,8,0,0,0,0,1,1,6,6,1,66,10,-1,-1,-1,-1,7,E01004081,0,1
2024101508435,2024,101508435,2,1,-1,-1,19,1,4,-1,4,8,0,0,0,0,4,1,-1,2,2,28,6,-1,-1,-1,-1,5,E01008535,0,1