collision_index,collision_year,collision_ref_no,vehicle_reference,vehicle_type,towing_and_articulation,vehicle_manoeuvre_historic,vehicle_manoeuvre,vehicle_direction_from,vehicle_direction_to,vehicle_location_restricted_lane_historic,vehicle_location_restricted_lane,junction_location,skidding_and_overturning,hit_object_in_carriageway,vehicle_leaving_carriageway,hit_object_off_carriageway,first_point_of_impact,vehicle_left_hand_drive,journey_purpose_of_driver_historic,journey_purpose_of_driver,sex_of_driver,age_of_driver,age_band_of_driver,engine_capacity_cc,propulsion_code,age_of_vehicle,generic_make_model,driver_imd_decile,lsoa_of_driver,escooter_flag,driver_distance_banding
2024201461388,2024,201461388,2,9,0,-1,19,3,7,-1,0,0,0,0,0,0,1,1,-1,6,3,-1,-1,-1,-1,-1,-1,-1,-1,0,-1
2024010496175,2024,010496175,1,9,0,5,5,1,5,0,0,8,0,0,0,0,3,1,6,6,1,31,6,-1,-1,-1,-1,7,E01000480,0,1
2024340NN2332,2024,340NN2332,1,5,0,-1,19,6,1,-1,0,4,0,0,0,0,1,1,-1,6,1,37,7,-1,-1,-1,-1,-1,-1,0,-1
2024311481674,2024,311481674,2,1,0,-1,19,5,1,-1,0,1,0,0,0,0,3,1,-1,6,1,10,2,-1,-1,-1,-1,2,E01013916,0,1
2024332401210,2024,332401210,1,1,0,-1,19,7,3,-1,0,1,0,0,0,0,2,1,-1,9,1,26,6,-1,-1,-1,-1,1,E01013661,0,1
2024041506026,2024,041506026,1,9,0,-1,19,7,3,-1,0,0,0,0,0,0,1,1,-1,6,1,53,8,-1,-1,-1,-1,7,E01025130,0,1
2024010513369,2024,010513369,1,1,9,99,99,9,9,99,99,9,9,99,9,99,1,1,2,2,1,41,7,-1,-1,-1,-1,2,E01001357,0,2
2024010541426,2024,010541426,1,9,0,9,9,1,7,0,0,8,0,0,0,0,3,2,6,6,1,24,5,-1,-1,-1,-1,-1,-1,0,-1
202460Q022590,2024,60Q022590,2,9,0,18,19,8,4,0,0,0,0,0,0,0,1,1,6,6,3,-1,-1,-1,-1,-1,-1,-1,-1,0,-1
2024631444488,2024,631444488,2,1,0,-1,19,8,4,-1,0,0,0,0,0,0,3,1,-1,9,1,55,8,-1,-1,-1,-1,8,W01001905,0,1
2024430455966,2024,430455966,1,8,0,13,13,1,5,0,0,1,0,0,0,0,4,1,1,1,1,49,8,-1,-1,-1,-1,2,E01016438,0,1
2024522401402,2024,522401402,2,1,0,18,19,3,7,0,0,0,0,0,0,0,1,1,6,6,1,25,5,-1,-1,-1,-1,9,E01014851,0,1
2024501412690,2024,501412690,2,1,0,-1,4,3,7,-1,0,8,1,0,0,0,1,1,-1,2,1,32,6,-1,-1,-1,-1,2,E01018860,0,1
2024010489299,2024,010489299,1,1,9,99,99,9,9,99,99,9,9,99,9,99,9,1,2,2,1,26,6,-1,-1,-1,-1,6,E01031853,0,5
2024010488933,2024,010488933,2,9,0,99,99,9,9,99,99,0,9,99,9,99,9,9,6,6,3,-1,-1,-1,-1,-1,-1,-1,-1,0,-1
2024351423134,2024,351423134,1,9,0,-1,15,6,2,-1,0,0,0,0,0,0,1,9,-1,6,1,35,6,-1,-1,-1,-1,-1,-1,0,-1
2024430467209,2024,430467209,1,-1,0,18,19,5,1,0,0,1,0,0,0,0,1,1,6,6,1,14,3,-1,-1,-1,-1,10,E01016316,1,1
2024461479406,2024,461479406,1,9,0,-1,19,5,1,-1,0,1,0,0,0,0,1,1,-1,6,1,-1,-1,-1,-1,-1,-1,1,E01024658,0,2
2024430038669,2024,430038669,1,9,0,18,19,3,7,0,0,8,0,0,0,0,1,1,1,1,3,35,6,-1,-1,-1,-1,9,E01017833,0,2
2024010549919,2024,010549919,1,1,9,99,99,9,9,99,99,9,9,99,9,99,1,1,6,6,1,37,7,-1,-1,-1,-1,1,E01002713,0,1
2024991555239,2024,991555239,1,9,0,-1,2,8,1,-1,0,0,0,0,0,0,3,1,-1,6,1,46,8,-1,-1,-1,-1,-1,-1,0,-1
2024161513049,2024,161513049,1,9,0,-1,19,7,3,-1,0,0,5,4,7,0,4,1,-1,2,1,64,9,-1,-1,-1,-1,8,E01012989,0,1
2024311469471,2024,311469471,1,-1,0,-1,5,1,1,-1,0,3,0,0,1,0,1,1,-1,1,1,32,6,-1,-1,-1,-1,-1,-1,1,-1
2024101539702,2024,101539702,2,8,0,-1,19,1,5,-1,0,2,0,0,0,0,1,1,-1,1,1,49,8,-1,-1,-1,-1,4,E01008255,0,2
2024201437887,2024,201437887,2,1,0,-1,19,2,6,-1,0,3,0,0,0,0,1,1,-1,6,2,48,8,-1,-1,-1,-1,5,E01008965,0,1
2024461438530,2024,461438530,1,9,0,-1,9,6,2,-1,0,0,0,0,0,0,1,9,-1,9,2,26,6,-1,-1,-1,-1,-1,-1,0,-1
2024520500177,2024,520500177,2,1,0,18,19,1,5,0,0,1,0,0,0,0,4,1,6,6,1,29,6,-1,-1,-1,-1,5,E01029283,0,3
2024361485420,2024,361485420,1,9,0,-1,9,1,3,-1,0,6,0,0,0,0,1,1,-1,6,1,82,11,-1,-1,-1,-1,7,E01026897,0,1
2024471433443,2024,471433443,2,9,0,-1,19,3,7,-1,0,1,0,0,0,0,1,1,-1,9,2,28,6,-1,-1,-1,-1,6,E01031817,0,1
2024131480544,2024,131480544,2,1,0,-1,19,8,4,-1,0,1,0,0,0,0,3,1,-1,6,1,52,8,-1,-1,-1,-1,2,E01010673,0,1
2024201516652,2024,201516652,1,99,0,-1,13,3,7,-1,0,0,0,0,0,0,4,9,-1,9,3,-1,-1,-1,-1,-1,-1,-1,-1,0,-1
2024070620284,2024,070620284,2,1,0,18,19,1,7,0,0,8,0,0,0,0,0,1,6,6,1,72,10,-1,-1,-1,-1,5,E01018479,0,1
2024440247766,2024,440247766,1,1,0,18,19,3,7,0,0,1,0,0,0,0,1,1,6,6,1,50,8,-1,-1,-1,-1,1,E01030250,0,5
2024101483865,2024,101483865,2,9,0,-1,19,8,4,-1,0,8,0,0,0,0,4,1,-1,6,2,24,5,-1,-1,-1,-1,5,E01008766,0,2
2024221459367,2024,221459367,3,21,1,-1,19,4,8,-1,0,0,0,0,0,0,1,1,-1,1,1,57,9,-1,-1,-1,-1,-1,-1,0,-1
2024010535873,2024,010535873,2,8,0,99,99,9,9,99,99,9,9,99,9,99,9,9,6,6,3,-1,-1,-1,-1,-1,-1,-1,-1,0,-1
2024201457739,2024,201457739,2,9,0,-1,19,4,8,-1,0,1,0,0,0,0,2,1,-1,6,-1,-1,-1,-1,-1,-1,-1,-1,-1,0,-1
2024141441261,2024,141441261,2,9,0,-1,2,0,0,-1,0,2,0,0,0,0,2,1,-1,6,-1,-1,-1,-1,-1,-1,-1,-1,-1,0,-1
2024201399600,2024,201399600,2,1,0,-1,19,8,4,-1,0,8,5,0,0,0,1,1,-1,2,1,41,7,-1,-1,-1,-1,9,E01010183,0,2
2024531422437,2024,531422437,1,98,0,-1,19,5,1,-1,0,0,5,0,1,0,1,1,-1,1,2,25,5,-1,-1,-1,-1,1,E01014463,0,4
2024440181902,2024,440181902,1,1,0,18,19,6,2,0,0,0,0,0,0,0,1,1,6,6,1,47,8,-1,-1,-1,-1,1,E01017207,0,1
2024041433655,2024,041433655,1,9,0,-1,5,-1,-1,-1,-1,8,0,0,-1,0,0,9,-1,6,3,-1,-1,-1,-1,-1,-1,-1,-1,0,-1
2024061517741,2024,061517741,1,9,9,-1,99,-1,-1,-1,99,0,9,99,0,0,1,1,-1,6,3,-1,-1,-1,-1,-1,-1,-1,-1,0,-1
2024141547344,2024,141547344,3,9,0,-1,19,3,8,-1,0,3,0,0,0,0,4,9,-1,6,3,-1,-1,-1,-1,-1,-1,-1,-1,0,-1
2024131460518,2024,131460518,1,9,0,-1,19,7,3,-1,0,8,0,0,0,0,1,1,-1,6,1,48,8,-1,-1,-1,-1,1,E01010830,0,1
2024320130881,2024,320130881,5,9,0,-1,-1,2,6,0,0,0,0,0,0,0,3,1,6,6,2,44,7,-1,-1,-1,-1,-1,-1,0,-1
2024010495412,2024,010495412,2,1,0,18,19,1,5,0,0,0,0,0,0,0,1,1,6,6,1,45,7,-1,-1,-1,-1,10,E01002924,0,1
2024411482274,2024,411482274,1,9,0,-1,19,5,1,-1,0,1,0,0,0,0,1,1,-1,2,1,35,6,-1,-1,-1,-1,9,E01023712,0,2
2024141412346,2024,141412346,2,1,0,-1,5,7,1,-1,0,2,0,0,0,0,1,1,-1,2,1,54,8,-1,-1,-1,-1,2,E01007855,0,1
2024221470107,2024,221470107,2,1,0,-1,15,5,1,-1,0,0,0,0,0,0,3,1,-1,6,1,72,10,-1,-1,-1,-1,-1,-1,0,-1
2024010543019,2024,010543019,1,1,0,18,19,6,2,0,0,1,0,0,0,0,1,1,1,1,1,44,7,-1,-1,-1,-1,2,E01033602,0,1
2024610022124,2024,610022124,2,-1,0,5,5,8,4,0,0,0,0,0,0,0,1,1,6,6,1,10,2,-1,-1,-1,-1,4,W01001405,1,1
2024010531569,2024,010531569,3,3,0,18,19,5,1,0,0,3,0,0,0,0,0,1,6,6,1,71,10,-1,-1,-1,-1,5,E01002118,0,1
2024122500325,2024,122500325,2,9,0,3,3,5,1,0,0,1,0,0,0,0,1,1,6,6,1,38,7,-1,-1,-1,-1,8,E01027759,0,1
2024052401679,2024,052401679,2,1,0,4,4,1,5,0,0,0,0,0,0,0,0,1,6,6,1,62,9,-1,-1,-1,-1,6,E01006420,0,1
2024070641488,2024,070641488,1,9,0,18,19,6,2,0,0,0,0,0,0,11,3,1,6,6,1,65,9,-1,-1,-1,-1,-1,-1,0,-1
2024010509939,2024,010509939,1,9,0,-1,-1,1,5,0,0,2,1,0,0,0,4,1,6,6,3,-1,-1,-1,-1,-1,-1,-1,-1,0,-1
2024010527685,2024,010527685,1,1,0,99,99,9,9,0,0,8,0,99,9,0,9,1,6,6,2,24,5,-1,-1,-1,-1,-1,-1,0,-1
2024471452941,2024,471452941,2,1,0,-1,19,8,6,-1,0,8,0,0,0,0,2,1,-1,6,1,49,8,-1,-1,-1,-1,10,E01031621,0,2
2024991505132,2024,991505132,2,1,0,-1,4,3,5,-1,0,6,0,0,0,0,2,1,-1,9,2,59,9,-1,-1,-1,-1,5,-1,0,1
2024010526419,2024,010526419,2,1,0,18,19,3,7,0,0,8,0,0,0,0,4,1,6,6,1,49,8,-1,-1,-1,-1,4,E01003916,0,3
2024101448351,2024,101448351,2,1,0,-1,19,4,8,-1,0,8,0,0,0,0,1,1,-1,6,1,17,4,-1,-1,-1,-1,-1,-1,0,-1
2024340NN2142,2024,340NN2142,2,9,0,-1,3,1,4,-1,0,4,0,0,0,0,2,1,-1,9,2,45,7,-1,-1,-1,-1,10,E01027121,0,1
202454F164724,2024,54F164724,2,1,0,18,19,1,5,2,2,8,0,0,0,0,1,1,6,6,1,40,7,-1,-1,-1,-1,9,E01033848,0,1
2024041476668,2024,041476668,1,98,0,-1,1,3,7,-1,0,0,0,0,0,0,2,1,-1,6,1,69,10,-1,-1,-1,-1,2,E01025124,0,1
202454E000824,2024,54E000824,1,9,0,18,19,2,6,0,0,0,0,0,0,0,1,1,6,6,1,43,7,-1,-1,-1,-1,-1,-1,0,-1
2024061574620,2024,061574620,1,19,0,-1,1,5,1,-1,0,8,0,0,0,0,2,9,-1,1,1,56,9,-1,-1,-1,-1,-1,-1,0,-1
2024440402710,2024,440402710,1,1,0,18,19,7,3,0,0,4,0,0,0,0,1,1,6,6,1,35,6,-1,-1,-1,-1,5,E01017084,0,1
2024010489681,2024,010489681,2,9,9,99,99,9,9,99,99,9,9,99,9,99,9,9,6,6,2,20,4,-1,-1,-1,-1,8,E01000366,0,1
2024131441289,2024,131441289,2,23,0,-1,19,1,5,-1,0,1,0,0,0,0,1,1,-1,9,1,19,4,-1,-1,-1,-1,3,E01010984,0,1
2024010494248,2024,010494248,2,19,0,18,19,7,3,0,0,1,0,0,0,0,1,1,1,1,1,45,7,-1,-1,-1,-1,2,E01002073,0,3
2024522402437,2024,522402437,2,9,0,11,11,1,5,0,0,1,0,0,0,0,4,1,6,6,3,-1,-1,-1,-1,-1,-1,-1,-1,0,-1
2024430181132,2024,430181132,1,5,0,10,10,5,2,0,0,1,0,0,0,0,2,1,2,2,1,57,9,-1,-1,-1,-1,5,E01017902,0,1
2024010502570,2024,010502570,2,1,0,5,5,3,7,0,0,6,0,0,0,0,4,1,6,6,1,18,4,-1,-1,-1,-1,5,E01003195,0,1
2024201443083,2024,201443083,2,1,0,-1,19,2,6,-1,0,0,0,0,0,0,2,1,-1,6,1,25,5,-1,-1,-1,-1,3,E01010099,0,1
2024211478058,2024,211478058,1,1,0,-1,3,7,3,-1,0,1,0,0,0,0,1,1,-1,9,1,13,3,-1,-1,-1,-1,1,E01014368,0,1
2024361447530,2024,361447530,1,1,0,-1,-1,-1,-1,-1,-1,2,0,-1,-1,0,2,1,-1,9,1,28,6,-1,-1,-1,-1,8,E01026855,0,1
2024631464561,2024,631464561,1,5,0,-1,19,1,6,-1,0,8,0,0,0,0,3,1,-1,9,1,33,6,-1,-1,-1,-1,5,E01025401,0,5
2024070297878,2024,070297878,2,9,0,18,19,8,4,0,0,1,0,0,0,0,1,1,6,6,2,65,9,-1,-1,-1,-1,-1,-1,0,-1
2024991409095,2024,991409095,3,21,4,-1,19,7,3,-1,0,0,0,0,0,0,3,1,-1,1,1,69,10,-1,-1,-1,-1,8,-1,0,5
2024070929715,2024,070929715,1,9,0,-1,14,1,1,-1,0,1,0,7,0,1,1,1,-1,6,3,30,6,-1,-1,-1,-1,2,E01006722,0,4
2024451509101,2024,451509101,2,1,0,-1,5,5,1,-1,0,4,5,0,0,0,4,1,-1,6,1,43,7,-1,-1,-1,-1,10,E01030922,0,1
2024221435704,2024,221435704,2,1,0,-1,19,1,5,-1,0,0,0,0,0,0,3,1,-1,6,1,14,3,-1,-1,-1,-1,2,E01032265,0,1
2024440272537,2024,440272537,2,17,0,1,1,8,4,0,0,1,5,0,0,0,3,1,1,1,1,47,8,-1,-1,-1,-1,5,E01022939,0,2
2024131436531,2024,131436531,1,9,0,-1,12,5,1,-1,0,0,0,0,0,0,-1,1,-1,6,3,-1,-1,-1,-1,-1,-1,-1,-1,0,-1
2024471510150,2024,471510150,2,1,0,-1,19,3,7,-1,0,8,5,0,0,0,1,1,-1,1,1,32,6,-1,-1,-1,-1,2,E01016945,0,1
2024010502110,2024,010502110,1,9,0,11,11,7,3,0,0,0,0,0,0,0,2,1,6,6,1,22,5,-1,-1,-1,-1,3,E01004267,0,2
2024522401978,2024,522401978,2,1,0,18,19,6,2,0,0,8,0,0,0,0,1,1,6,6,2,32,6,-1,-1,-1,-1,7,E01014709,0,1
2024052400990,2024,052400990,1,9,0,7,7,5,8,0,0,0,0,0,0,0,1,1,6,6,1,37,7,-1,-1,-1,-1,1,E01007003,0,2
2024471473620,2024,471473620,2,9,0,-1,19,1,5,-1,0,0,0,0,0,0,2,1,-1,9,1,45,7,-1,-1,-1,-1,6,E01030857,0,4
2024122401260,2024,122401260,2,1,0,18,19,6,2,0,0,0,0,0,0,0,3,1,4,7,1,12,3,-1,-1,-1,-1,8,E01013343,0,1
2024522402014,2024,522402014,1,19,0,18,19,3,7,0,0,0,0,8,0,0,4,1,6,6,3,-1,-1,-1,-1,-1,-1,-1,-1,0,-1
2024301402226,2024,301402226,1,9,0,-1,19,5,1,-1,0,0,0,0,0,0,1,1,-1,1,1,44,7,-1,-1,-1,-1,10,E01025872,0,4
2024332400860,2024,332400860,2,9,0,-1,19,9,9,-1,0,2,0,0,0,0,3,1,-1,6,3,-1,-1,-1,-1,-1,-1,-1,-1,0,-1
2024631422569,2024,631422569,2,9,0,-1,19,7,2,-1,0,0,0,0,0,0,3,1,-1,1,2,17,4,-1,-1,-1,-1,6,W01000709,0,1
2024332501214,2024,332501214,1,9,0,-1,19,8,4,-1,0,8,0,0,0,0,1,1,-1,9,2,73,10,-1,-1,-1,-1,10,E01031175,0,3
2024411462716,2024,411462716,3,9,0,-1,19,1,5,-1,0,0,0,0,0,0,0,1,-1,6,-1,-1,-1,-1,-1,-1,-1,-1,-1,0,-1
2024010529510,2024,010529510,1,1,9,99,99,9,9,99,99,0,9,99,9,99,9,1,2,2,1,39,7,-1,-1,-1,-1,2,E01032744,0,3
2024141397963,2024,141397963,1,9,0,-1,7,5,6,-1,0,1,0,0,0,0,1,9,-1,6,3,-1,-1,-1,-1,-1,-1,-1,-1,0,-1
2024332400853,2024,332400853,2,9,0,-1,2,0,0,-1,9,8,0,0,0,0,4,1,-1,6,1,42,7,-1,-1,-1,-1,8,E01025643,0,1
2024440494794,2024,440494794,2,19,0,11,11,7,3,0,0,8,0,0,0,0,2,1,6,6,1,51,8,-1,-1,-1,-1,3,E01017104,0,3
202454D650724,2024,54D650724,2,1,0,9,9,7,5,0,0,8,0,0,0,0,2,1,6,6,1,28,6,-1,-1,-1,-1,9,E01032711,0,2
2024122400607,2024,122400607,1,1,0,16,19,7,1,0,0,8,0,0,0,0,1,1,6,6,1,39,7,-1,-1,-1,-1,3,E01027749,0,1
2024430442896,2024,430442896,2,1,0,18,19,3,7,0,0,8,0,0,0,0,3,1,6,6,1,-1,-1,-1,-1,-1,-1,-1,-1,0,-1
2024010491253,2024,010491253,1,1,9,99,99,9,9,99,99,9,9,99,9,99,9,1,6,6,1,51,8,-1,-1,-1,-1,6,E01003033,0,1
202460Q086119,2024,60Q086119,2,1,0,18,19,5,1,0,0,0,0,0,0,0,4,1,6,6,1,22,5,-1,-1,-1,-1,-1,-1,0,-1
2024010542882,2024,010542882,2,90,0,18,19,3,7,0,0,1,0,0,0,0,1,1,6,6,1,25,5,-1,-1,-1,-1,9,E01004694,0,1
2024371422830,2024,371422830,1,9,0,-1,11,7,3,-1,-1,0,0,0,0,0,1,1,-1,6,1,28,6,-1,-1,-1,-1,7,E01000300,0,4
2024010550038,2024,010550038,2,1,0,18,19,7,3,5,5,1,0,0,0,0,1,1,2,2,1,50,8,-1,-1,-1,-1,9,E01016600,0,4
2024991464082,2024,991464082,1,1,0,-1,19,7,3,-1,2,0,0,0,0,0,1,1,-1,6,1,52,8,-1,-1,-1,-1,5,-1,0,1
2024010496066,2024,010496066,2,9,9,99,99,9,9,99,99,6,9,99,9,99,4,9,6,6,3,-1,-1,-1,-1,-1,-1,-1,-1,0,-1
2024461433529,2024,461433529,1,9,0,-1,19,3,7,-1,0,0,0,0,0,0,1,9,-1,6,3,-1,-1,-1,-1,-1,-1,-1,-1,0,-1
2024010544413,2024,010544413,2,9,0,99,99,9,9,99,99,9,9,99,9,99,1,9,6,6,3,-1,-1,-1,-1,-1,-1,-1,-1,0,-1
2024520401090,2024,520401090,1,9,0,18,19,1,5,0,0,0,1,0,1,4,1,1,6,6,1,49,8,-1,-1,-1,-1,10,E01014435,0,4
2024141398791,2024,141398791,1,1,0,-1,19,2,6,-1,0,0,0,0,0,0,2,1,-1,2,1,44,7,-1,-1,-1,-1,2,E01007998,0,1
2024332400814,2024,332400814,1,9,0,-1,7,3,5,-1,0,5,0,0,0,0,1,1,-1,6,3,-1,-1,-1,-1,-1,-1,-1,-1,0,-1
2024052401219,2024,052401219,1,9,0,18,19,8,4,0,0,0,0,0,0,0,1,1,6,6,3,-1,-1,-1,-1,-1,-1,-1,-1,0,-1
2024010531561,2024,010531561,2,1,0,18,19,1,5,0,0,1,0,0,0,0,2,1,2,2,1,53,8,-1,-1,-1,-1,1,E01002732,0,1
202460Q176840,2024,60Q176840,3,9,0,18,19,7,3,0,0,0,0,0,0,0,3,1,6,6,1,31,6,-1,-1,-1,-1,-1,-1,0,-1
2024544543924,2024,544543924,2,1,0,18,19,3,7,0,0,0,0,0,0,0,2,1,6,6,1,35,6,-1,-1,-1,-1,8,E01034525,0,2
2024061519395,2024,061519395,1,9,0,-1,19,5,1,-1,0,0,0,0,0,0,1,9,-1,6,3,-1,-1,-1,-1,-1,-1,-1,-1,0,-1
2024201485685,2024,201485685,1,9,0,-1,9,6,3,-1,0,6,0,0,0,0,1,1,-1,2,2,30,6,-1,-1,-1,-1,1,E01008941,0,1
2024461433972,2024,461433972,1,19,0,-1,19,5,1,-1,0,0,0,0,0,0,4,9,-1,6,3,-1,-1,-1,-1,-1,-1,-1,-1,0,-1
2024451403096,2024,451403096,2,9,0,-1,19,3,5,-1,0,4,0,0,0,0,1,1,-1,6,3,30,6,-1,-1,-1,-1,-1,-1,0,-1
2024520500217,2024,520500217,2,9,0,7,7,2,4,0,0,2,0,0,0,0,4,1,6,6,3,-1,-1,-1,-1,-1,-1,-1,-1,0,-1
2024061406775,2024,061406775,3,9,-1,-1,19,8,4,-1,0,8,0,0,0,0,0,9,-1,6,3,-1,-1,-1,-1,-1,-1,-1,-1,0,-1
2024440130872,2024,440130872,2,-1,0,18,19,6,2,0,0,1,0,0,0,0,1,1,6,6,3,-1,-1,-1,-1,-1,-1,-1,-1,1,-1
2024010538406,2024,010538406,2,1,0,10,10,8,6,4,4,1,0,0,0,0,1,1,2,2,1,43,7,-1,-1,-1,-1,9,E01001905,0,1
2024010533131,2024,010533131,1,1,0,5,5,5,1,4,4,0,0,0,0,0,1,1,6,6,1,69,10,-1,-1,-1,-1,5,E01002302,0,1
2024010536712,2024,010536712,2,9,0,18,19,1,5,0,0,0,0,0,0,0,0,1,6,6,1,24,5,-1,-1,-1,-1,4,E01002425,0,2
2024010494338,2024,010494338,1,9,0,99,99,9,9,99,99,9,9,99,9,99,4,9,6,6,3,-1,-1,-1,-1,-1,-1,10,E01016687,0,4
2024211493594,2024,211493594,1,9,0,-1,2,0,0,-1,0,0,0,0,0,0,4,1,-1,6,1,42,7,-1,-1,-1,-1,8,E01034050,0,1
2024041426513,2024,041426513,1,1,0,-1,19,3,7,-1,9,8,0,0,0,0,1,1,-1,9,1,35,6,-1,-1,-1,-1,1,E01024885,0,1
2024201504074,2024,201504074,2,9,0,-1,5,4,7,-1,0,4,0,0,0,0,3,1,-1,2,2,32,6,-1,-1,-1,-1,3,E01009199,0,1
2024010505190,2024,010505190,1,3,9,18,19,5,1,0,0,0,9,99,9,99,9,1,6,6,3,-1,-1,-1,-1,-1,-1,-1,-1,0,-1
2024430538730,2024,430538730,1,9,0,7,7,8,2,0,0,6,0,0,0,0,1,1,6,6,1,58,9,-1,-1,-1,-1,-1,-1,0,-1
2024010493767,2024,010493767,1,9,0,9,9,7,6,0,0,1,0,0,0,0,1,1,6,6,2,48,8,-1,-1,-1,-1,2,E01004003,0,1
2024131481817,2024,131481817,1,9,0,-1,19,1,5,-1,0,8,0,0,0,0,1,1,-1,1,1,45,7,-1,-1,-1,-1,7,E01011938,0,4
2024231473935,2024,231473935,1,9,0,-1,5,1,5,-1,0,6,0,0,0,0,1,9,-1,6,2,40,7,-1,-1,-1,-1,-1,-1,0,-1
2024010499870,2024,010499870,2,1,0,18,19,5,1,0,0,8,0,0,0,0,1,1,2,2,1,36,7,-1,-1,-1,-1,2,E01001653,0,1
2024010493617,2024,010493617,2,19,9,99,99,9,9,99,99,9,9,99,9,99,9,9,6,6,3,56,9,-1,-1,-1,-1,8,E01024053,0,4
2024430281258,2024,430281258,2,-1,0,18,19,8,2,0,0,8,0,0,0,0,1,1,6,6,1,38,7,-1,-1,-1,-1,3,E01017665,1,1
2024320648133,2024,320648133,2,9,0,9,9,4,2,0,0,8,0,0,0,0,1,1,-1,-1,2,41,7,-1,-1,-1,-1,4,E01026389,0,1
2024010490358,2024,010490358,2,9,0,99,99,9,9,99,99,9,9,99,9,99,9,9,6,6,3,-1,-1,-1,-1,-1,-1,-1,-1,0,-1
2024161455868,2024,161455868,2,19,0,-1,19,8,4,-1,0,0,0,0,0,0,0,9,-1,6,-1,-1,-1,-1,-1,-1,-1,-1,-1,0,-1
2024340WN0812,2024,340WN0812,1,1,0,-1,19,6,2,-1,0,6,0,0,0,0,1,1,-1,6,1,24,5,-1,-1,-1,-1,2,E01027249,0,1
2024010496300,2024,010496300,2,19,0,1,1,9,9,99,99,1,9,99,9,99,2,9,6,6,3,-1,-1,-1,-1,-1,-1,-1,-1,0,-1
2024010507148,2024,010507148,2,1,0,18,19,1,5,0,0,2,0,0,0,0,2,1,2,2,1,32,6,-1,-1,-1,-1,5,E01003247,0,3
2024061517980,2024,061517980,2,9,0,-1,19,6,2,-1,0,1,0,0,0,0,0,1,-1,6,-1,-1,-1,-1,-1,-1,-1,-1,-1,0,-1
2024010492339,2024,010492339,1,3,0,99,99,9,9,99,99,9,9,99,9,99,9,1,6,6,1,26,6,-1,-1,-1,-1,5,E01024122,0,4
2024440240297,2024,440240297,2,10,0,18,19,6,2,0,0,0,0,0,0,0,3,1,1,1,1,39,7,-1,-1,-1,-1,-1,-1,0,-1
2024010518300,2024,010518300,1,1,0,5,5,5,1,0,0,6,0,0,0,0,2,1,6,6,1,57,9,-1,-1,-1,-1,8,E01000258,0,1
2024010488039,2024,010488039,1,2,0,18,19,7,3,0,0,2,0,4,0,0,1,1,6,6,1,35,6,-1,-1,-1,-1,2,E01033602,0,1
2024010535845,2024,010535845,2,23,3,18,19,5,1,0,0,1,1,0,0,0,4,1,6,6,1,48,8,-1,-1,-1,-1,4,E01004430,0,1
202460Q063784,2024,60Q063784,1,1,0,18,19,6,2,0,0,0,0,0,0,0,3,1,6,6,1,17,4,-1,-1,-1,-1,-1,-1,0,-1
2024061469111,2024,061469111,1,9,-1,-1,-1,-1,-1,-1,-1,0,-1,-1,-1,0,-1,9,-1,6,1,-1,-1,-1,-1,-1,-1,1,E01004942,0,2
2024211494836,2024,211494836,1,9,0,-1,20,0,0,-1,9,0,0,0,0,0,2,1,-1,6,1,50,8,-1,-1,-1,-1,-1,-1,0,-1
2024010527253,2024,010527253,1,1,0,7,7,3,6,0,0,1,0,0,0,0,2,1,6,6,1,27,6,-1,-1,-1,-1,9,E01028712,0,4
2024161422466,2024,161422466,2,1,0,-1,19,4,8,-1,0,0,0,4,0,0,1,1,-1,7,1,12,3,-1,-1,-1,-1,3,E01012997,0,1
2024010489454,2024,010489454,1,9,0,10,10,1,6,0,0,8,0,0,0,0,1,1,6,6,1,31,6,-1,-1,-1,-1,3,E01001894,0,1
202460Q154180,2024,60Q154180,1,19,0,1,1,7,3,0,0,0,0,0,0,0,2,1,1,1,1,30,6,-1,-1,-1,-1,-1,-1,0,-1
2024052402369,2024,052402369,1,19,0,1,1,8,4,0,0,0,0,0,0,0,2,1,6,6,3,-1,-1,-1,-1,-1,-1,-1,-1,0,-1
2024010494982,2024,010494982,2,9,0,99,99,9,9,99,99,9,9,99,9,99,1,9,6,6,1,59,9,-1,-1,-1,-1,2,E01001625,0,1
2024531486823,2024,531486823,1,1,0,-1,7,7,1,-1,0,1,0,0,0,0,4,1,-1,6,1,-1,-1,-1,-1,-1,-1,-1,-1,0,-1
2024052401879,2024,052401879,2,1,0,18,19,1,5,0,0,1,0,0,0,0,3,1,6,6,1,14,3,-1,-1,-1,-1,1,E01007303,0,1
2024332401098,2024,332401098,1,9,0,-1,19,9,9,-1,0,8,0,0,0,0,1,1,-1,6,3,-1,-1,-1,-1,-1,-1,-1,-1,0,-1
2024010541403,2024,010541403,1,1,9,99,99,9,9,99,99,9,9,99,9,99,9,1,6,6,2,40,7,-1,-1,-1,-1,10,E01000874,0,2
2024461484915,2024,461484915,2,1,0,-1,19,5,3,-1,9,0,2,0,0,0,1,1,-1,6,1,11,3,-1,-1,-1,-1,4,E01024373,0,1
2024010505696,2024,010505696,2,1,0,18,19,7,3,4,4,8,0,0,0,0,1,1,1,1,1,30,6,-1,-1,-1,-1,3,E01003580,0,2
2024520002377,2024,520002377,2,19,0,18,19,9,9,0,0,0,0,0,0,0,9,1,6,6,3,-1,-1,-1,-1,-1,-1,-1,-1,0,-1
2024461456596,2024,461456596,1,9,0,-1,19,7,3,-1,0,0,0,0,0,0,1,9,-1,6,3,-1,-1,-1,-1,-1,-1,-1,-1,0,-1
2024010516616,2024,010516616,2,9,9,99,99,9,9,99,99,9,9,99,9,99,9,9,6,6,3,-1,-1,-1,-1,-1,-1,-1,-1,0,-1
2024010490534,2024,010490534,1,3,4,99,99,9,9,99,99,9,9,99,9,99,2,1,6,6,1,28,6,-1,-1,-1,-1,10,E01002390,0,2
2024991536066,2024,991536066,3,9,0,-1,19,3,7,-1,0,0,0,0,0,0,2,1,-1,6,2,52,8,-1,-1,-1,-1,8,-1,0,2
2024010502236,2024,010502236,2,90,9,99,99,9,9,99,99,0,9,99,9,99,9,9,6,6,3,-1,-1,-1,-1,-1,-1,-1,-1,0,-1