collision_index,collision_year,collision_ref_no,vehicle_reference,vehicle_type,towing_and_articulation,vehicle_manoeuvre_historic,vehicle_manoeuvre,vehicle_direction_from,vehicle_direction_to,vehicle_location_restricted_lane_historic,vehicle_location_restricted_lane,junction_location,skidding_and_overturning,hit_object_in_carriageway,vehicle_leaving_carriageway,hit_object_off_carriageway,first_point_of_impact,vehicle_left_hand_drive,journey_purpose_of_driver_historic,journey_purpose_of_driver,sex_of_driver,age_of_driver,age_band_of_driver,engine_capacity_cc,propulsion_code,age_of_vehicle,generic_make_model,driver_imd_decile,lsoa_of_driver,escooter_flag,driver_distance_banding
2024351436885,2024,351436885,1,19,0,-1,19,3,7,-1,0,1,0,0,0,0,3,1,-1,6,1,38,7,-1,-1,-1,-1,2,E01018144,0,1
2024161401377,2024,161401377,2,9,0,-1,5,5,1,-1,0,1,0,0,0,0,1,1,-1,6,1,69,10,-1,-1,-1,-1,2,E01012763,0,1
2024401532147,2024,401532147,2,9,0,-1,4,1,5,-1,0,1,0,0,0,0,2,1,-1,6,1,22,5,-1,-1,-1,-1,9,E01017398,0,1
2024302500022,2024,302500022,1,9,0,-1,7,2,8,-1,0,2,0,0,0,0,1,1,-1,6,1,-1,-1,-1,-1,-1,-1,9,E01013514,0,1
2024010537201,2024,010537201,2,1,0,15,15,2,6,4,4,1,0,0,0,0,1,1,6,6,1,22,5,-1,-1,-1,-1,2,E01003502,0,1
2024052401184,2024,052401184,1,9,0,18,19,2,6,0,0,0,0,0,0,0,4,1,6,6,3,-1,-1,-1,-1,-1,-1,-1,-1,0,-1
2024311423289,2024,311423289,1,-1,0,-1,19,-1,-1,-1,0,8,0,0,0,0,-1,1,-1,9,1,33,6,-1,-1,-1,-1,-1,-1,1,-1
2024041421463,2024,041421463,2,1,0,-1,19,1,5,-1,0,1,0,0,0,0,1,1,-1,1,2,49,8,-1,-1,-1,-1,2,E01025124,0,1
2024010496221,2024,010496221,2,9,0,9,9,5,2,0,0,1,0,0,0,0,1,1,6,6,1,48,8,-1,-1,-1,-1,7,E01002513,0,1
2024302401128,2024,302401128,1,9,0,18,19,8,4,0,0,0,0,0,0,0,4,1,6,6,3,-1,-1,-1,-1,-1,-1,5,E01019456,0,4
2024531460686,2024,531460686,1,1,0,-1,4,1,5,-1,0,4,0,0,0,0,1,1,-1,6,2,45,7,-1,-1,-1,-1,2,E01022164,0,1
2024201436193,2024,201436193,3,9,0,-1,2,0,0,-1,0,2,0,0,0,0,3,1,-1,6,1,55,8,-1,-1,-1,-1,6,E01009278,0,1
2024101419911,2024,101419911,2,9,0,-1,4,5,1,-1,0,0,0,0,1,0,2,1,-1,1,1,53,8,-1,-1,-1,-1,10,E01033163,0,1
2024520401251,2024,520401251,2,9,0,18,19,1,5,0,0,0,0,0,0,0,4,1,6,6,1,60,9,-1,-1,-1,-1,6,E01020546,0,4
2024061405390,2024,061405390,1,10,0,-1,19,5,1,-1,0,0,0,0,0,0,1,1,-1,2,1,41,7,-1,-1,-1,-1,1,E01004948,0,1
2024430124732,2024,430124732,1,3,0,18,19,4,8,0,0,0,0,0,0,0,1,1,6,6,1,46,8,-1,-1,-1,-1,4,E01033420,0,1
2024010487800,2024,010487800,2,9,0,18,19,1,5,0,0,0,0,0,1,0,1,1,1,1,1,50,8,-1,-1,-1,-1,9,E01003652,0,3
2024010494600,2024,010494600,1,9,0,9,9,4,2,0,0,5,0,0,0,0,4,1,6,6,1,24,5,-1,-1,-1,-1,8,E01033027,0,4
2024010535938,2024,010535938,2,9,9,99,99,9,9,99,99,0,9,99,9,99,9,9,6,6,3,-1,-1,-1,-1,-1,-1,-1,-1,0,-1
2024101409201,2024,101409201,1,9,0,-1,9,8,5,-1,0,0,0,0,0,0,3,1,-1,9,2,27,6,-1,-1,-1,-1,1,E01008450,0,1
2024101535855,2024,101535855,1,9,0,-1,19,5,1,-1,0,0,1,0,0,0,1,9,-1,6,3,-1,-1,-1,-1,-1,-1,-1,-1,0,-1
2024361493232,2024,361493232,1,9,0,-1,19,3,7,-1,0,0,0,0,1,0,1,1,-1,6,1,60,9,-1,-1,-1,-1,9,E01026708,0,1
2024010505976,2024,010505976,2,19,0,18,19,2,6,0,0,5,0,0,0,0,1,1,6,6,3,-1,-1,-1,-1,-1,-1,-1,-1,0,-1
2024010539317,2024,010539317,2,90,0,99,99,9,9,99,99,9,9,99,9,99,0,9,6,6,1,-1,-1,-1,-1,-1,-1,-1,-1,0,-1
2024531413015,2024,531413015,1,1,0,-1,19,3,7,-1,0,1,0,10,7,0,1,1,-1,1,2,50,8,-1,-1,-1,-1,10,E01022105,0,1
2024430110133,2024,430110133,1,19,0,9,9,5,3,0,0,0,0,0,0,0,3,1,2,2,1,55,8,-1,-1,-1,-1,4,E01016437,0,1
2024010489529,2024,010489529,2,9,0,2,2,0,0,0,0,0,0,0,0,0,0,1,6,6,3,-1,-1,-1,-1,-1,-1,-1,-1,0,-1
2024231467997,2024,231467997,1,1,0,-1,19,1,5,-1,0,0,0,0,1,2,1,1,-1,9,1,37,7,-1,-1,-1,-1,5,E01031093,0,1
2024101495652,2024,101495652,2,1,0,-1,19,2,6,-1,0,2,0,0,0,0,-1,1,-1,9,1,53,8,-1,-1,-1,-1,-1,-1,0,-1
2024471500927,2024,471500927,2,9,0,-1,4,3,7,-1,0,0,0,0,0,0,2,1,-1,9,1,61,9,-1,-1,-1,-1,8,E01021098,0,2
2024061497243,2024,061497243,1,9,0,-1,9,4,6,-1,9,0,0,0,1,11,1,1,-1,9,1,23,5,-1,-1,-1,-1,-1,-1,0,-1
2024010495231,2024,010495231,2,4,0,18,19,5,1,0,0,1,0,0,0,0,1,1,1,1,1,29,6,-1,-1,-1,-1,3,E01001000,0,1
2024421483684,2024,421483684,1,9,0,-1,19,5,1,-1,0,0,0,0,0,0,1,1,-1,9,1,27,6,-1,-1,-1,-1,10,E01030172,0,5
2024332400999,2024,332400999,2,1,0,-1,19,1,5,-1,0,0,0,0,0,0,1,1,-1,6,1,21,5,-1,-1,-1,-1,10,E01025641,0,2
2024361553378,2024,361553378,1,1,0,-1,19,4,1,-1,9,0,0,0,1,0,1,1,-1,9,1,18,4,-1,-1,-1,-1,1,E01026624,0,1
2024311496880,2024,311496880,1,9,0,-1,9,5,2,-1,0,5,0,0,0,0,-1,9,-1,6,1,-1,-1,-1,-1,-1,-1,-1,-1,0,-1
2024101451281,2024,101451281,4,9,0,-1,19,6,2,-1,0,8,0,0,0,0,1,1,-1,1,1,40,7,-1,-1,-1,-1,-1,-1,0,-1
2024070730456,2024,070730456,1,98,9,-1,12,9,9,-1,0,8,0,0,0,0,1,2,-1,6,1,35,6,-1,-1,-1,-1,-1,-1,0,-1
2024471489005,2024,471489005,1,1,0,-1,19,3,7,-1,9,0,0,0,0,0,1,1,-1,2,1,30,6,-1,-1,-1,-1,1,E01020923,0,3
2024451446031,2024,451446031,1,1,0,-1,19,7,3,-1,9,0,0,0,0,0,1,1,-1,6,1,45,7,-1,-1,-1,-1,-1,-1,0,-1
2024010525653,2024,010525653,2,1,0,18,19,3,7,0,0,2,5,0,0,0,1,1,6,6,1,22,5,-1,-1,-1,-1,3,E01003768,0,3
2024451507398,2024,451507398,2,1,0,-1,3,5,1,-1,0,3,0,0,0,0,1,1,-1,6,1,15,3,-1,-1,-1,-1,-1,-1,0,-1
202454A154424,2024,54A154424,2,9,0,18,19,3,7,0,0,1,0,0,0,0,2,1,6,6,2,59,9,-1,-1,-1,-1,6,E01029169,0,4
2024010540051,2024,010540051,1,1,9,99,99,9,9,99,99,9,9,99,9,99,1,1,6,6,1,18,4,-1,-1,-1,-1,4,E01000035,0,1
2024010550313,2024,010550313,1,1,9,99,99,9,9,99,99,9,9,99,9,99,1,1,6,6,2,33,6,-1,-1,-1,-1,3,E01035658,0,1
2024052401752,2024,052401752,1,20,0,13,13,2,6,0,0,0,0,0,0,0,3,1,6,6,3,-1,-1,-1,-1,-1,-1,-1,-1,0,-1
2024201517745,2024,201517745,1,9,0,-1,19,3,1,-1,0,8,0,0,0,0,1,1,-1,6,2,-1,-1,-1,-1,-1,-1,-1,-1,0,-1
2024201458565,2024,201458565,2,9,0,-1,19,2,6,-1,0,8,0,0,0,0,1,9,-1,6,1,84,11,-1,-1,-1,-1,10,E01032885,0,1
2024320729510,2024,320729510,1,9,0,-1,-1,6,2,0,0,0,0,0,1,10,1,1,-1,-1,1,51,8,-1,-1,-1,-1,3,E01026183,0,2
2024421452415,2024,421452415,1,22,0,-1,19,3,7,-1,9,0,0,0,0,0,1,1,-1,6,1,30,6,-1,-1,-1,-1,-1,-1,0,-1
2024320740393,2024,320740393,1,9,0,-1,-1,3,7,0,0,0,0,0,7,9,3,1,1,1,2,25,5,-1,-1,-1,-1,-1,-1,0,-1
2024991397793,2024,991397793,1,1,0,-1,19,8,4,-1,0,0,0,0,0,0,2,1,-1,9,2,34,6,-1,-1,-1,-1,9,-1,0,1
2024010551724,2024,010551724,2,9,0,99,99,9,9,99,99,9,9,99,9,99,9,9,6,6,3,-1,-1,-1,-1,-1,-1,-1,-1,0,-1
2024302400063,2024,302400063,2,9,0,9,9,7,5,0,0,8,0,0,0,0,0,1,6,6,3,-1,-1,-1,-1,-1,-1,5,E01019456,0,3
2024010516083,2024,010516083,1,1,0,99,99,9,9,99,99,4,9,99,9,99,9,1,6,6,1,-1,-1,-1,-1,-1,-1,-1,-1,0,-1
2024451441559,2024,451441559,1,19,0,-1,19,3,7,-1,9,2,0,0,0,0,2,1,-1,6,3,40,7,-1,-1,-1,-1,-1,-1,0,-1
2024371450346,2024,371450346,1,1,0,-1,5,3,7,-1,0,2,1,0,0,0,3,1,-1,6,2,18,4,-1,-1,-1,-1,6,E01030212,0,1
2024010495237,2024,010495237,2,5,0,18,19,3,7,0,0,1,0,0,0,0,1,1,6,6,1,53,8,-1,-1,-1,-1,-1,-1,0,-1
2024010487633,2024,010487633,4,9,0,3,3,3,7,0,0,1,0,0,0,0,0,1,6,6,1,50,8,-1,-1,-1,-1,3,E01003297,0,1
2024010540986,2024,010540986,1,1,9,99,99,9,9,99,99,9,9,99,9,99,9,1,6,6,1,28,6,-1,-1,-1,-1,1,E01001798,0,1
2024311524436,2024,311524436,1,1,0,-1,5,1,2,-1,0,0,0,0,0,0,0,1,-1,6,2,26,6,-1,-1,-1,-1,-1,-1,0,-1
2024991426021,2024,991426021,2,9,0,-1,19,6,2,-1,0,0,0,0,0,0,1,1,-1,2,2,52,8,-1,-1,-1,-1,6,-1,0,1
2024991466988,2024,991466988,1,90,0,-1,1,4,6,-1,0,1,0,0,0,0,2,1,-1,1,1,62,9,-1,-1,-1,-1,5,-1,0,4
2024010495540,2024,010495540,1,1,9,99,99,9,9,99,99,9,9,99,9,99,1,1,2,2,1,51,8,-1,-1,-1,-1,10,E01030395,0,1
2024010515977,2024,010515977,2,1,0,18,19,1,5,0,0,1,0,0,0,0,4,1,6,6,2,27,6,-1,-1,-1,-1,6,E01004052,0,1
2024501421253,2024,501421253,2,19,0,-1,19,7,3,-1,0,0,1,0,0,0,1,1,-1,9,1,46,8,-1,-1,-1,-1,7,E01018823,0,1
2024411407889,2024,411407889,2,1,0,-1,19,7,3,-1,99,8,5,0,0,0,2,1,-1,2,1,41,7,-1,-1,-1,-1,8,E01023893,0,1
2024991400079,2024,991400079,1,90,0,-1,9,2,8,-1,0,1,0,0,0,0,4,1,-1,1,1,52,8,-1,-1,-1,-1,9,E01019312,0,4
2024010521628,2024,010521628,2,9,0,99,99,9,9,99,99,9,9,99,9,99,9,9,6,6,3,-1,-1,-1,-1,-1,-1,-1,-1,0,-1
2024010519892,2024,010519892,1,1,9,9,9,5,2,99,99,9,9,0,9,99,9,1,6,6,1,23,5,-1,-1,-1,-1,2,E01003933,0,1
202417S406724,2024,17S406724,2,9,0,-1,5,7,3,-1,0,0,0,0,0,0,1,1,-1,6,2,-1,-1,-1,-1,-1,-1,-1,-1,0,-1
2024471444099,2024,471444099,1,9,0,-1,9,7,3,-1,0,5,0,0,0,0,4,1,-1,9,2,53,8,-1,-1,-1,-1,6,E01021118,0,2
2024010509554,2024,010509554,2,1,0,18,19,2,6,0,0,0,0,0,0,0,1,1,6,6,1,45,7,-1,-1,-1,-1,7,E01001522,0,3
2024010490120,2024,010490120,1,11,0,4,4,1,5,2,2,0,0,0,1,0,1,1,6,6,1,34,6,-1,-1,-1,-1,-1,-1,0,-1
2024430083492,2024,430083492,1,9,0,16,19,4,7,0,0,0,1,0,7,4,1,1,1,1,1,62,9,-1,-1,-1,-1,5,E01023411,0,2
2024201470926,2024,201470926,2,1,0,-1,19,4,8,-1,0,8,0,0,0,0,1,1,-1,6,1,40,7,-1,-1,-1,-1,1,E01010463,0,1
2024010505578,2024,010505578,1,1,9,99,99,9,9,99,99,6,9,99,9,99,1,1,2,2,1,24,5,-1,-1,-1,-1,6,E01004621,0,1
2024010550807,2024,010550807,1,97,3,18,19,3,7,0,0,0,0,0,0,0,3,1,6,6,3,-1,-1,-1,-1,-1,-1,-1,-1,0,-1
2024010543300,2024,010543300,1,9,0,18,19,5,1,0,0,0,0,0,0,0,1,1,6,6,3,-1,-1,-1,-1,-1,-1,-1,-1,0,-1
2024010537406,2024,010537406,1,9,0,18,19,3,7,0,0,8,0,0,0,0,1,1,6,6,2,35,6,-1,-1,-1,-1,10,E01030418,0,2
2024041422792,2024,041422792,2,9,0,-1,4,3,7,-1,0,0,0,0,0,0,2,1,-1,2,2,31,6,-1,-1,-1,-1,9,E01025177,0,4
2024201514450,2024,201514450,1,9,0,-1,19,4,8,-1,0,0,0,0,0,0,1,1,-1,6,1,42,7,-1,-1,-1,-1,8,E01013018,0,5
2024440079159,2024,440079159,1,1,0,18,19,2,6,0,0,2,0,0,0,0,1,1,2,2,1,53,8,-1,-1,-1,-1,3,E01017076,0,1
2024440051082,2024,440051082,2,9,0,9,9,2,8,0,0,0,0,0,0,0,1,1,6,6,1,-1,-1,-1,-1,-1,-1,-1,-1,0,-1
2024461457708,2024,461457708,1,-1,0,-1,19,6,2,-1,0,2,0,0,0,0,1,1,-1,6,2,13,3,-1,-1,-1,-1,3,E01035312,1,1
2024320429171,2024,320429171,2,1,0,-1,-1,4,8,0,0,8,0,0,0,0,1,1,6,6,1,25,5,-1,-1,-1,-1,1,E01026375,0,1
2024010542887,2024,010542887,1,1,0,5,5,3,7,0,0,2,0,0,0,0,4,1,2,2,1,28,6,-1,-1,-1,-1,5,E01000606,0,1
2024052400222,2024,052400222,1,9,0,1,1,1,5,0,0,0,0,0,0,0,2,1,6,6,3,-1,-1,-1,-1,-1,-1,-1,-1,0,-1
2024501501876,2024,501501876,1,9,0,-1,19,2,6,-1,0,1,0,0,1,0,1,1,-1,6,2,55,8,-1,-1,-1,-1,8,E01018899,0,1
2024622400764,2024,622400764,2,9,0,2,2,0,0,0,0,0,0,0,0,0,1,1,6,6,3,-1,-1,-1,-1,-1,-1,-1,-1,0,-1
2024522403344,2024,522403344,1,1,0,18,19,1,5,0,0,0,0,0,0,0,2,1,6,6,1,20,4,-1,-1,-1,-1,5,E01014671,0,1
202454A039524,2024,54A039524,2,4,0,5,5,5,1,0,0,2,0,0,0,0,3,1,1,1,2,39,7,-1,-1,-1,-1,-1,-1,0,-1
2024010489077,2024,010489077,4,9,0,2,2,0,0,0,0,1,0,0,0,0,2,1,6,6,3,-1,-1,-1,-1,-1,-1,-1,-1,0,-1
2024010489223,2024,010489223,1,3,0,99,99,9,9,99,99,9,9,99,9,99,9,1,2,2,3,41,7,-1,-1,-1,-1,1,E01003318,0,1
2024430549928,2024,430549928,2,4,0,18,19,8,4,0,0,8,0,0,0,0,1,1,6,6,1,22,5,-1,-1,-1,-1,10,E01017768,0,3
2024052402037,2024,052402037,2,1,0,18,19,7,3,0,0,1,0,0,0,0,4,1,6,6,1,13,3,-1,-1,-1,-1,3,E01034841,0,1
2024101458167,2024,101458167,2,9,0,-1,19,3,7,-1,0,8,0,0,0,0,4,1,-1,6,1,67,10,-1,-1,-1,-1,3,E01008208,0,1
2024991415802,2024,991415802,2,1,0,-1,19,8,4,-1,4,1,0,0,0,0,1,1,-1,1,1,35,6,-1,-1,-1,-1,1,-1,0,2
2024010511620,2024,010511620,2,1,0,10,10,5,3,0,0,1,0,0,0,0,2,1,6,6,2,33,6,-1,-1,-1,-1,3,E01001186,0,1
2024010489926,2024,010489926,1,9,0,10,10,1,6,0,0,0,0,0,0,0,2,1,6,6,1,22,5,-1,-1,-1,-1,6,E01000159,0,1
2024010501889,2024,010501889,1,19,0,13,13,7,3,0,0,0,0,0,0,0,3,1,6,6,3,-1,-1,-1,-1,-1,-1,-1,-1,0,-1
2024201404464,2024,201404464,1,9,0,-1,5,1,5,-1,0,8,0,0,0,0,4,9,-1,6,3,-1,-1,-1,-1,-1,-1,-1,-1,0,-1
2024041469861,2024,041469861,1,9,0,-1,9,5,5,-1,0,8,0,0,0,0,4,1,-1,2,1,18,4,-1,-1,-1,-1,9,E01025256,0,1
2024010489568,2024,010489568,1,9,0,18,19,2,6,0,0,1,0,0,0,0,4,1,2,2,1,47,8,-1,-1,-1,-1,3,E01000511,0,3
2024522401762,2024,522401762,1,1,0,18,19,9,9,0,0,0,0,0,1,99,3,1,6,6,1,48,8,-1,-1,-1,-1,3,E01014807,0,1
2024451421531,2024,451421531,1,90,0,-1,19,6,2,-1,0,0,0,0,2,3,1,1,-1,2,1,27,6,-1,-1,-1,-1,8,E01016690,0,4
2024052401077,2024,052401077,1,9,0,18,19,2,6,0,0,0,0,0,0,0,1,1,6,6,1,-1,-1,-1,-1,-1,-1,-1,-1,0,-1
2024070901330,2024,070901330,1,20,0,-1,11,7,3,-1,0,3,0,0,0,0,3,2,-1,6,1,36,7,-1,-1,-1,-1,-1,-1,0,-1
2024351414524,2024,351414524,1,9,0,-1,19,2,6,-1,0,0,0,0,0,0,0,9,-1,6,3,-1,-1,-1,-1,-1,-1,-1,-1,0,-1
2024061491752,2024,061491752,1,1,0,-1,19,-1,-1,-1,4,0,0,0,0,0,3,1,-1,2,1,51,8,-1,-1,-1,-1,8,E01004780,0,2
2024010539701,2024,010539701,1,1,9,99,99,9,9,99,99,9,9,99,9,99,9,1,2,2,1,62,9,-1,-1,-1,-1,10,E01023377,0,4
2024061492705,2024,061492705,2,9,0,-1,2,0,0,-1,-1,0,0,0,0,0,1,1,-1,6,-1,-1,-1,-1,-1,-1,-1,-1,-1,0,-1
2024421509320,2024,421509320,2,1,0,-1,19,3,7,-1,0,1,0,0,0,0,3,1,-1,6,1,34,6,-1,-1,-1,-1,10,E01015830,0,1
2024061405733,2024,061405733,3,1,0,-1,19,1,5,-1,0,1,0,0,0,0,1,1,-1,2,1,49,8,-1,-1,-1,-1,2,E01006033,0,1
2024161505283,2024,161505283,1,9,0,-1,19,7,3,-1,0,1,0,0,0,0,1,9,-1,6,3,-1,-1,-1,-1,-1,-1,-1,-1,0,-1
2024010506077,2024,010506077,2,9,9,99,99,9,9,99,99,9,9,99,9,99,9,9,6,6,3,-1,-1,-1,-1,-1,-1,-1,-1,0,-1
2024471480819,2024,471480819,1,1,0,-1,19,7,3,-1,0,8,1,0,7,0,0,1,-1,1,1,28,6,-1,-1,-1,-1,8,E01031802,0,1
2024201472906,2024,201472906,1,19,0,-1,6,7,7,-1,0,0,0,0,0,0,1,1,-1,6,3,-1,-1,-1,-1,-1,-1,-1,-1,0,-1
2024471401328,2024,471401328,1,-1,0,-1,9,7,5,-1,0,1,0,0,0,0,0,1,-1,9,1,64,9,-1,-1,-1,-1,1,E01021135,1,1
2024010541713,2024,010541713,1,1,0,18,19,7,3,4,4,1,0,0,0,0,1,1,2,2,1,34,6,-1,-1,-1,-1,2,E01000076,0,3
2024481564387,2024,481564387,1,1,0,-1,19,5,1,-1,5,0,0,0,0,0,1,1,-1,6,1,-1,-1,-1,-1,-1,-1,-1,-1,0,-1
2024010495158,2024,010495158,1,8,9,99,99,9,9,99,99,9,9,99,9,99,9,9,6,6,3,-1,-1,-1,-1,-1,-1,-1,-1,0,-1
2024421426890,2024,421426890,2,9,0,-1,4,1,5,-1,0,0,0,0,0,0,2,1,-1,6,1,46,8,-1,-1,-1,-1,7,E01004216,0,4
2024320345739,2024,320345739,1,9,0,-1,-1,2,6,0,0,0,0,0,0,0,1,1,-1,-1,1,36,7,-1,-1,-1,-1,4,E01026180,0,4
2024052401710,2024,052401710,2,-1,0,18,19,1,5,0,0,0,0,0,0,0,3,1,6,6,1,42,7,-1,-1,-1,-1,5,E01006595,1,1
2024052402591,2024,052402591,1,8,0,18,19,4,8,0,0,1,0,0,0,0,1,1,6,6,3,-1,-1,-1,-1,-1,-1,-1,-1,0,-1
2024311437734,2024,311437734,1,9,0,-1,19,7,1,-1,0,8,0,0,0,0,0,9,-1,6,3,-1,-1,-1,-1,-1,-1,-1,-1,0,-1
2024131490601,2024,131490601,2,1,0,-1,19,1,5,-1,0,2,0,0,0,0,4,1,-1,1,1,24,5,-1,-1,-1,-1,2,E01011024,0,1
2024471490711,2024,471490711,1,-1,0,-1,19,4,8,-1,5,0,0,0,0,0,1,1,-1,6,2,39,7,-1,-1,-1,-1,1,E01016865,1,1
2024010505949,2024,010505949,2,1,9,99,99,9,9,99,99,9,9,99,9,99,1,1,6,6,1,-1,-1,-1,-1,-1,-1,-1,-1,0,-1
2024991443745,2024,991443745,2,1,0,-1,19,5,1,-1,0,3,0,0,0,0,3,1,-1,2,2,29,6,-1,-1,-1,-1,-1,-1,0,-1
2024332400176,2024,332400176,2,9,0,-1,5,7,3,-1,0,1,0,0,0,0,1,1,-1,9,1,33,6,-1,-1,-1,-1,10,E01025835,0,3
2024440433837,2024,440433837,2,9,0,18,19,5,1,0,0,8,0,0,0,0,1,1,6,6,1,68,10,-1,-1,-1,-1,9,E01034719,0,1
2024340NN2112,2024,340NN2112,1,19,0,-1,19,6,2,-1,0,0,0,0,0,0,1,1,-1,6,1,-1,-1,-1,-1,-1,-1,-1,-1,0,-1
2024311406084,2024,311406084,1,9,0,-1,5,6,3,-1,0,2,0,0,0,0,1,9,-1,6,3,-1,-1,-1,-1,-1,-1,-1,-1,0,-1
2024161449825,2024,161449825,1,1,0,-1,4,5,8,-1,0,1,0,0,0,0,3,1,-1,9,2,61,9,-1,-1,-1,-1,9,E01034759,0,1
2024070250424,2024,070250424,1,9,0,5,5,3,1,0,0,1,0,0,0,0,1,1,6,6,2,-1,-1,-1,-1,-1,-1,-1,-1,0,-1
2024010550713,2024,010550713,1,1,0,18,19,7,3,4,4,1,0,0,0,0,1,1,6,6,1,23,5,-1,-1,-1,-1,2,E01001979,0,1
2024451479287,2024,451479287,1,11,0,-1,19,1,1,-1,9,4,0,0,0,0,1,9,-1,1,1,40,7,-1,-1,-1,-1,-1,-1,0,-1
2024552500023,2024,552500023,2,9,0,4,4,3,7,0,0,8,0,0,0,0,2,1,6,6,2,53,8,-1,-1,-1,-1,9,E01015419,0,2
2024421405916,2024,421405916,1,9,0,-1,19,3,1,-1,0,0,0,0,0,0,3,1,-1,6,1,63,9,-1,-1,-1,-1,3,E01015954,0,1
2024332400395,2024,332400395,1,9,0,-1,19,5,1,-1,0,0,5,6,1,0,1,1,-1,6,1,-1,-1,-1,-1,-1,-1,-1,-1,0,-1
2024131450268,2024,131450268,1,9,0,-1,-1,-1,-1,-1,-1,0,-1,-1,-1,-1,-1,1,-1,6,3,-1,-1,-1,-1,-1,-1,-1,-1,0,-1
2024010488856,2024,010488856,1,5,0,15,15,4,8,0,0,0,0,0,0,0,3,1,2,2,1,55,8,-1,-1,-1,-1,5,E01002352,0,2
2024221441803,2024,221441803,1,9,0,-1,19,4,8,-1,0,0,0,0,0,0,3,9,-1,6,1,47,8,-1,-1,-1,-1,-1,-1,0,-1
2024052401983,2024,052401983,1,9,0,18,19,1,5,0,0,1,0,0,0,0,1,1,6,6,3,-1,-1,-1,-1,-1,-1,-1,-1,0,-1
2024052400420,2024,052400420,2,1,0,18,19,1,5,0,0,2,0,0,0,0,1,1,6,6,1,50,8,-1,-1,-1,-1,2,E01007181,0,1
2024052401669,2024,052401669,1,-1,0,18,19,8,4,0,0,0,0,0,0,0,4,1,6,6,1,8,2,-1,-1,-1,-1,2,E01032511,1,1
2024451492509,2024,451492509,1,98,0,-1,4,3,1,-1,0,7,0,0,0,0,0,9,-1,6,3,52,8,-1,-1,-1,-1,-1,-1,0,-1
2024430085538,2024,430085538,1,1,0,4,4,4,7,0,0,0,0,0,0,0,1,1,1,1,1,19,4,-1,-1,-1,-1,10,E01019905,0,5
2024041527487,2024,041527487,1,9,0,-1,19,7,3,-1,0,0,0,0,0,0,3,1,-1,6,2,32,6,-1,-1,-1,-1,2,E01025310,0,1
2024471439042,2024,471439042,1,1,0,-1,19,2,1,-1,0,3,0,0,0,0,4,1,-1,9,1,69,10,-1,-1,-1,-1,9,E01031655,0,1
2024547986424,2024,547986424,2,1,0,7,7,1,3,0,0,4,0,0,0,0,2,1,6,6,1,38,7,-1,-1,-1,-1,8,E01032709,0,1
2024201465165,2024,201465165,1,19,0,-1,19,7,1,-1,0,2,0,0,0,0,2,9,-1,6,3,-1,-1,-1,-1,-1,-1,-1,-1,0,-1
2024131400916,2024,131400916,2,1,0,-1,19,3,7,-1,0,6,0,0,0,0,2,1,-1,9,1,14,3,-1,-1,-1,-1,-1,-1,0,-1
2024461411844,2024,461411844,2,1,0,-1,19,3,7,-1,0,0,0,0,0,0,2,1,-1,2,1,45,7,-1,-1,-1,-1,5,E01035283,0,1
2024311439201,2024,311439201,1,9,4,-1,19,5,7,-1,0,0,0,0,0,0,3,9,-1,6,3,31,6,-1,-1,-1,-1,-1,-1,0,-1
2024421454435,2024,421454435,3,97,0,-1,19,1,5,-1,0,2,0,0,0,0,0,1,-1,9,3,-1,-1,-1,-1,-1,-1,-1,-1,0,-1
2024010491226,2024,010491226,2,-1,0,18,19,2,6,0,0,1,0,0,0,0,1,1,6,6,1,24,5,-1,-1,-1,-1,4,E01003348,1,1
2024501471514,2024,501471514,2,9,0,-1,9,3,1,-1,0,1,0,0,0,0,1,9,-1,6,1,-1,-1,-1,-1,-1,-1,1,E01009889,0,5
2024010515042,2024,010515042,2,9,0,18,19,5,1,0,0,1,0,0,0,0,1,1,6,6,1,24,5,-1,-1,-1,-1,-1,-1,0,-1
2024430042706,2024,430042706,1,9,0,18,19,5,1,0,0,0,0,0,0,0,4,1,6,6,3,-1,-1,-1,-1,-1,-1,-1,-1,0,-1
2024041401825,2024,041401825,3,9,0,-1,19,1,5,-1,0,3,0,0,0,0,2,1,-1,6,2,67,10,-1,-1,-1,-1,9,E01025257,0,1
2024311454048,2024,311454048,2,1,0,-1,9,4,8,-1,0,3,0,0,0,0,4,1,-1,6,1,64,9,-1,-1,-1,-1,-1,-1,0,-1
2024201531942,2024,201531942,3,9,0,-1,4,8,4,-1,0,0,0,0,0,0,2,1,-1,2,1,57,9,-1,-1,-1,-1,1,E01009935,0,1
2024201421485,2024,201421485,1,9,0,-1,19,1,5,-1,0,0,0,0,0,0,0,9,-1,6,2,42,7,-1,-1,-1,-1,2,E01010500,0,1
2024122400287,2024,122400287,1,9,0,18,19,6,2,0,0,0,5,4,0,0,4,1,6,6,1,20,4,-1,-1,-1,-1,9,E01011221,0,4
2024141457446,2024,141457446,1,9,0,-1,19,7,3,-1,0,1,0,0,0,0,1,9,-1,6,3,-1,-1,-1,-1,-1,-1,-1,-1,0,-1
2024440266518,2024,440266518,2,1,0,9,9,2,8,0,0,8,0,0,0,0,4,1,6,6,1,24,5,-1,-1,-1,-1,-1,-1,0,-1
2024010488625,2024,010488625,1,1,9,99,99,9,9,99,99,1,9,99,9,99,0,1,2,2,1,41,7,-1,-1,-1,-1,5,E01000964,0,1
2024131523418,2024,131523418,2,1,0,-1,19,1,5,-1,4,0,0,0,0,0,1,1,-1,1,1,52,8,-1,-1,-1,-1,3,E01011691,0,1
2024010550169,2024,010550169,1,9,0,9,9,5,4,0,0,1,0,0,0,0,0,1,6,6,2,57,9,-1,-1,-1,-1,9,E01030940,0,4
2024010548648,2024,010548648,2,1,0,18,19,7,3,0,0,8,0,0,0,0,4,1,6,6,2,44,7,-1,-1,-1,-1,2,E01000079,0,2
2024430618251,2024,430618251,1,9,0,18,19,1,5,0,0,0,0,0,0,0,1,1,6,6,1,-1,-1,-1,-1,-1,-1,-1,-1,0,-1
2024010493438,2024,010493438,1,1,9,99,99,9,9,99,99,9,9,99,9,99,9,1,6,6,1,26,6,-1,-1,-1,-1,5,E01002119,0,3