collision_index,collision_year,collision_ref_no,vehicle_reference,vehicle_type,towing_and_articulation,vehicle_manoeuvre_historic,vehicle_manoeuvre,vehicle_direction_from,vehicle_direction_to,vehicle_location_restricted_lane_historic,vehicle_location_restricted_lane,junction_location,skidding_and_overturning,hit_object_in_carriageway,vehicle_leaving_carriageway,hit_object_off_carriageway,first_point_of_impact,vehicle_left_hand_drive,journey_purpose_of_driver_historic,journey_purpose_of_driver,sex_of_driver,age_of_driver,age_band_of_driver,engine_capacity_cc,propulsion_code,age_of_vehicle,generic_make_model,driver_imd_decile,lsoa_of_driver,escooter_flag,driver_distance_banding
2024161481426,2024,161481426,1,1,0,-1,19,8,4,-1,4,8,0,0,0,0,2,1,-1,6,1,60,9,-1,-1,-1,-1,1,E01012850,0,1
2024131456055,2024,131456055,4,9,0,-1,4,1,5,-1,0,8,0,0,0,0,2,1,-1,1,1,31,6,-1,-1,-1,-1,8,E01011886,0,3
2024211423367,2024,211423367,2,3,0,-1,19,6,1,-1,0,1,0,0,0,0,4,1,-1,6,1,21,5,-1,-1,-1,-1,-1,-1,0,-1
2024552400255,2024,552400255,1,9,0,18,19,2,6,0,0,0,0,0,0,0,1,1,6,6,1,60,9,-1,-1,-1,-1,-1,-1,0,-1
2024461470483,2024,461470483,2,98,1,-1,19,1,5,-1,0,0,0,0,0,0,2,1,-1,1,1,40,7,-1,-1,-1,-1,-1,-1,0,-1
2024430474535,2024,430474535,2,1,0,18,19,8,4,0,0,8,0,0,0,0,3,1,6,6,1,36,7,-1,-1,-1,-1,5,E01016406,0,1
2024311494374,2024,311494374,2,4,0,-1,19,3,7,-1,0,1,1,0,0,0,1,1,-1,6,1,15,3,-1,-1,-1,-1,-1,-1,0,-1
2024201411407,2024,201411407,1,9,0,-1,19,7,4,-1,9,0,1,10,7,2,4,1,-1,6,1,-1,-1,-1,-1,-1,-1,-1,-1,0,-1
2024010544951,2024,010544951,2,98,9,99,99,9,9,99,99,9,9,99,9,99,9,9,6,6,3,-1,-1,-1,-1,-1,-1,-1,-1,0,-1
2024201495786,2024,201495786,1,97,0,-1,19,3,7,-1,0,1,0,0,0,0,1,1,-1,6,1,29,6,-1,-1,-1,-1,1,E01009498,0,1
2024010525455,2024,010525455,2,-1,0,18,19,1,5,0,0,2,1,4,0,0,1,1,6,6,2,18,4,-1,-1,-1,-1,3,E01034046,1,1
2024302400869,2024,302400869,2,1,0,18,19,2,6,0,0,8,0,0,0,0,1,1,6,6,1,31,6,-1,-1,-1,-1,1,E01013568,0,1
2024320202518,2024,320202518,2,9,0,-1,-1,8,4,0,0,8,0,0,0,0,1,1,-1,-1,1,60,9,-1,-1,-1,-1,9,E01026211,0,1
2024201441234,2024,201441234,2,1,0,-1,9,3,1,-1,0,4,0,0,0,0,1,1,-1,9,1,60,9,-1,-1,-1,-1,4,E01009324,0,1
2024010513801,2024,010513801,2,1,9,99,99,9,9,99,99,9,9,99,9,99,9,1,6,6,2,19,4,-1,-1,-1,-1,4,E01003916,0,1
2024161398414,2024,161398414,2,1,0,-1,9,7,5,-1,0,8,1,0,0,0,2,1,-1,9,1,28,6,-1,-1,-1,-1,-1,-1,0,-1
2024201496192,2024,201496192,1,1,0,-1,19,8,4,-1,0,1,0,0,0,0,3,1,-1,6,1,47,8,-1,-1,-1,-1,4,E01009241,0,1
2024461510200,2024,461510200,2,90,0,-1,19,2,6,-1,0,5,1,0,1,4,1,1,-1,1,1,38,7,-1,-1,-1,-1,5,E01024038,0,2
2024010493477,2024,010493477,2,9,0,99,99,9,9,99,99,0,9,99,9,99,9,9,6,6,3,25,5,-1,-1,-1,-1,6,E01002957,0,1
2024501428331,2024,501428331,1,98,0,-1,19,7,3,-1,0,0,0,0,0,0,1,1,-1,1,1,22,5,-1,-1,-1,-1,6,E01015579,0,5
2024430602020,2024,430602020,2,1,0,18,19,8,4,4,4,1,1,0,1,0,1,1,2,2,1,23,5,-1,-1,-1,-1,8,E01028547,0,1
2024010538912,2024,010538912,2,1,9,12,12,9,9,99,99,0,9,99,9,99,2,1,2,2,1,34,6,-1,-1,-1,-1,2,E01003918,0,1
2024010496112,2024,010496112,2,9,0,99,99,9,9,99,99,5,9,99,9,99,1,9,6,6,3,-1,-1,-1,-1,-1,-1,-1,-1,0,-1
2024430405134,2024,430405134,1,9,0,18,19,8,4,0,0,4,0,0,0,0,3,1,2,2,1,47,8,-1,-1,-1,-1,10,E01035257,0,1
2024411567945,2024,411567945,2,1,0,-1,19,3,7,-1,0,0,0,0,0,0,2,1,-1,6,1,16,4,-1,-1,-1,-1,3,E01023866,0,1
2024061469414,2024,061469414,1,9,0,-1,19,7,3,-1,0,0,0,0,0,0,1,1,-1,6,2,52,8,-1,-1,-1,-1,3,E01025536,0,1
2024430583134,2024,430583134,1,1,0,14,14,5,1,0,0,0,0,0,0,0,4,1,2,2,1,42,7,-1,-1,-1,-1,9,E01035269,0,2
2024451438839,2024,451438839,2,9,0,-1,19,3,7,-1,0,1,0,0,0,0,1,1,-1,9,1,80,11,-1,-1,-1,-1,10,E01030296,0,1
2024221478837,2024,221478837,2,9,0,-1,19,6,2,-1,0,0,0,0,0,0,3,9,-1,1,1,23,5,-1,-1,-1,-1,4,E01012690,0,5
2024991528754,2024,991528754,1,9,0,-1,19,7,3,-1,0,0,2,0,8,9,1,1,-1,1,1,33,6,-1,-1,-1,-1,8,-1,0,1
2024332400129,2024,332400129,2,9,0,-1,19,5,1,-1,0,0,0,0,0,0,1,1,-1,6,1,-1,-1,-1,-1,-1,-1,-1,-1,0,-1
2024211445002,2024,211445002,1,9,0,-1,14,1,5,-1,0,0,1,0,0,0,3,1,-1,6,2,30,6,-1,-1,-1,-1,-1,-1,0,-1
2024141473016,2024,141473016,1,9,0,-1,15,6,2,-1,0,0,0,0,0,0,3,1,-1,9,1,54,8,-1,-1,-1,-1,1,E01007760,0,3
2024061463218,2024,061463218,1,1,0,-1,9,2,6,-1,0,0,0,0,0,0,3,1,-1,9,1,41,7,-1,-1,-1,-1,5,E01004899,0,1
2024522401255,2024,522401255,2,1,0,18,19,2,6,0,0,8,0,0,0,0,1,1,6,6,1,31,6,-1,-1,-1,-1,5,E01035223,0,1
2024520401335,2024,520401335,1,9,0,16,19,7,1,0,0,8,1,0,7,4,3,1,6,6,1,23,5,-1,-1,-1,-1,6,E01035214,0,3
2024471418374,2024,471418374,4,9,0,-1,19,6,2,-1,0,0,0,0,0,0,1,9,-1,6,1,56,9,-1,-1,-1,-1,4,E01031799,0,4
2024430387293,2024,430387293,1,9,0,18,19,0,0,0,0,7,0,0,0,0,1,1,2,2,1,46,8,-1,-1,-1,-1,-1,-1,0,-1
2024522401585,2024,522401585,1,1,0,9,9,3,1,0,0,8,0,0,0,0,9,1,6,6,1,59,9,-1,-1,-1,-1,9,E01014757,0,1
2024010545791,2024,010545791,2,90,0,99,99,9,9,99,99,9,9,99,9,99,1,9,6,6,3,-1,-1,-1,-1,-1,-1,-1,-1,0,-1
2024522401806,2024,522401806,1,1,0,18,19,6,2,0,0,8,0,0,0,0,1,1,6,6,1,23,5,-1,-1,-1,-1,2,E01014568,0,1
2024010534547,2024,010534547,1,9,0,18,19,7,3,0,0,1,0,0,0,0,1,1,2,2,1,42,7,-1,-1,-1,-1,7,E01000823,0,1
2024440112213,2024,440112213,2,19,0,11,11,6,2,0,0,0,0,0,0,0,4,1,6,6,1,22,5,-1,-1,-1,-1,8,E01022935,0,2
2024010489345,2024,010489345,2,9,9,99,99,9,9,99,99,9,9,99,9,99,9,9,6,6,3,-1,-1,-1,-1,-1,-1,-1,-1,0,-1
2024010545300,2024,010545300,2,11,0,5,5,7,3,0,0,8,0,0,0,0,0,1,6,6,3,-1,-1,-1,-1,-1,-1,-1,-1,0,-1
2024461522576,2024,461522576,2,1,0,-1,7,1,6,-1,0,3,0,0,0,0,2,1,-1,6,1,64,9,-1,-1,-1,-1,7,E01032817,0,1
2024010519050,2024,010519050,2,9,0,5,5,7,3,0,0,0,0,0,0,0,3,1,6,6,1,44,7,-1,-1,-1,-1,8,E01002569,0,1
2024311496898,2024,311496898,2,1,0,-1,12,3,7,-1,0,0,0,0,0,0,2,1,-1,6,1,17,4,-1,-1,-1,-1,-1,-1,0,-1
2024010509974,2024,010509974,1,1,9,99,99,9,9,99,99,0,9,99,9,99,9,1,6,6,1,25,5,-1,-1,-1,-1,2,E01002793,0,1
2024461440911,2024,461440911,1,9,0,-1,3,7,3,-1,0,0,0,0,0,0,3,1,-1,9,1,35,6,-1,-1,-1,-1,3,E01016043,0,4
2024041492338,2024,041492338,1,9,0,-1,11,4,8,-1,0,0,0,0,0,0,4,1,-1,6,1,33,6,-1,-1,-1,-1,3,E01025577,0,4
2024070796747,2024,070796747,1,9,0,-1,4,5,1,-1,0,0,0,0,0,0,0,1,-1,6,1,30,6,-1,-1,-1,-1,-1,-1,0,-1
2024430090981,2024,430090981,1,9,0,18,19,4,8,0,0,1,0,0,0,0,1,1,2,2,1,50,8,-1,-1,-1,-1,8,E01017750,0,1
2024421402502,2024,421402502,2,1,0,-1,19,3,7,-1,0,2,5,0,0,0,3,1,-1,2,1,48,8,-1,-1,-1,-1,9,E01021281,0,1
2024401508076,2024,401508076,2,1,0,-1,19,-1,-1,-1,0,0,0,0,0,0,1,1,-1,7,2,19,4,-1,-1,-1,-1,4,E01015756,0,1
2024231445587,2024,231445587,1,9,0,-1,19,7,1,-1,0,0,0,0,0,0,1,1,-1,9,2,30,6,-1,-1,-1,-1,1,E01031043,0,3
2024411515301,2024,411515301,2,9,0,-1,4,3,7,-1,0,0,0,0,0,0,2,1,-1,9,1,55,8,-1,-1,-1,-1,5,E01021868,0,4
2024010494803,2024,010494803,2,9,0,18,19,5,1,0,0,0,0,0,0,0,1,1,6,6,1,57,9,-1,-1,-1,-1,8,E01004053,0,3
2024070972481,2024,070972481,1,9,0,-1,19,4,8,-1,0,8,1,0,4,6,1,1,-1,9,1,38,7,-1,-1,-1,-1,5,W01000412,0,3
2024501451551,2024,501451551,1,9,0,-1,19,1,5,-1,0,3,0,0,0,0,1,9,-1,6,3,-1,-1,-1,-1,-1,-1,-1,-1,0,-1
2024201474642,2024,201474642,1,9,0,-1,9,3,1,-1,0,1,0,0,0,0,1,1,-1,6,1,30,6,-1,-1,-1,-1,-1,-1,0,-1
2024451406233,2024,451406233,2,90,0,-1,4,1,5,-1,0,0,0,0,0,0,2,1,-1,1,1,22,5,-1,-1,-1,-1,7,E01016103,0,4
2024520402262,2024,520402262,2,9,9,18,19,9,9,0,0,1,0,0,0,0,1,9,6,6,3,-1,-1,-1,-1,-1,-1,-1,-1,0,-1
2024052400526,2024,052400526,2,1,0,18,19,7,3,0,0,1,0,0,0,0,1,1,6,6,1,42,7,-1,-1,-1,-1,2,E01007024,0,1
2024041394986,2024,041394986,2,9,0,-1,3,3,7,-1,0,0,0,0,0,0,2,2,-1,2,2,50,8,-1,-1,-1,-1,5,E01025193,0,4
2024010492072,2024,010492072,1,9,0,18,19,7,3,0,0,1,0,0,0,0,1,1,2,2,2,56,9,-1,-1,-1,-1,6,E01002654,0,1
2024471412729,2024,471412729,1,9,0,-1,9,8,3,-1,0,8,0,0,0,0,1,1,-1,2,1,25,5,-1,-1,-1,-1,6,E01020962,0,1
2024122400527,2024,122400527,2,1,0,18,19,7,3,4,4,0,0,0,0,0,3,1,6,6,2,69,10,-1,-1,-1,-1,8,E01013391,0,1
2024010487288,2024,010487288,1,9,0,99,99,9,9,99,99,9,9,99,9,99,1,9,6,6,1,26,6,-1,-1,-1,-1,3,E01000108,0,1
2024131428008,2024,131428008,1,9,0,-1,-1,-1,-1,-1,-1,0,-1,-1,-1,-1,-1,1,-1,6,3,-1,-1,-1,-1,-1,-1,-1,-1,0,-1
2024340WN3322,2024,340WN3322,2,9,0,-1,2,5,1,-1,0,0,0,0,0,0,1,1,-1,9,1,34,6,-1,-1,-1,-1,4,E01025931,0,4
2024332401022,2024,332401022,2,9,0,-1,99,9,9,-1,0,8,0,0,0,0,1,1,-1,6,3,-1,-1,-1,-1,-1,-1,-1,-1,0,-1
2024010535111,2024,010535111,2,1,9,99,99,9,9,99,99,9,9,99,9,99,1,1,6,6,1,29,6,-1,-1,-1,-1,2,E01002810,0,1
2024010512028,2024,010512028,2,1,0,18,19,3,7,0,0,1,0,0,0,0,2,1,6,6,1,38,7,-1,-1,-1,-1,5,E01002118,0,1
2024010546449,2024,010546449,1,1,0,18,19,1,5,0,0,8,9,99,9,99,9,1,2,2,1,35,6,-1,-1,-1,-1,6,E01035699,0,2
2024010492123,2024,010492123,1,9,9,99,99,9,9,99,99,9,9,99,9,99,9,1,6,6,3,-1,-1,-1,-1,-1,-1,-1,-1,0,-1
2024161460013,2024,161460013,1,9,0,-1,19,7,3,-1,0,0,0,0,0,0,2,9,-1,6,2,27,6,-1,-1,-1,-1,7,E01013101,0,1
2024161516533,2024,161516533,1,11,0,-1,12,1,5,-1,0,0,0,0,0,0,0,1,-1,7,1,61,9,-1,-1,-1,-1,4,E01012980,0,4
2024340WN4062,2024,340WN4062,2,9,0,-1,19,4,8,-1,0,0,0,0,7,0,1,1,-1,9,1,51,8,-1,-1,-1,-1,8,-1,0,5
2024161518320,2024,161518320,2,9,0,-1,3,8,4,-1,0,1,0,99,0,0,1,1,-1,6,3,-1,-1,-1,-1,-1,-1,-1,-1,0,-1
2024010543528,2024,010543528,2,1,9,99,99,9,9,99,99,9,9,99,9,99,2,1,1,1,2,39,7,-1,-1,-1,-1,6,E01003071,0,1
2024131452143,2024,131452143,2,-1,0,-1,19,3,7,-1,0,8,0,0,0,0,3,1,-1,9,1,16,4,-1,-1,-1,-1,1,E01010965,1,1
2024531402095,2024,531402095,1,9,0,-1,7,1,3,-1,0,0,0,0,0,0,3,1,-1,9,2,74,10,-1,-1,-1,-1,6,E01022262,0,3
2024010540475,2024,010540475,1,1,9,99,99,9,9,99,99,9,9,99,9,99,9,1,1,1,1,49,8,-1,-1,-1,-1,7,E01000887,0,1
2024010490881,2024,010490881,2,98,0,99,99,9,9,99,99,9,9,99,9,99,1,9,6,6,3,-1,-1,-1,-1,-1,-1,-1,-1,0,-1
2024361510831,2024,361510831,1,9,0,-1,19,2,4,-1,0,1,0,0,0,0,1,1,-1,6,1,51,8,-1,-1,-1,-1,6,E01026797,0,1
2024010525921,2024,010525921,1,1,9,99,99,9,9,99,99,9,9,99,9,99,9,1,2,2,1,36,7,-1,-1,-1,-1,3,E01004125,0,2
2024332400761,2024,332400761,1,9,0,-1,19,2,6,-1,0,8,0,0,0,0,4,1,-1,2,1,47,8,-1,-1,-1,-1,3,E01013659,0,1
2024421417105,2024,421417105,1,22,0,-1,19,3,7,-1,0,6,0,0,0,0,1,1,-1,6,2,81,11,-1,-1,-1,-1,5,E01021518,0,1
2024440174238,2024,440174238,2,-1,0,18,19,2,6,0,0,1,0,0,0,0,1,1,6,6,1,18,4,-1,-1,-1,-1,3,E01022552,1,1
2024552400500,2024,552400500,2,99,0,7,7,6,7,0,0,5,0,0,0,0,4,1,6,6,3,-1,-1,-1,-1,-1,-1,-1,-1,0,-1
2024520001473,2024,520001473,1,1,0,18,19,1,5,0,0,8,0,0,0,0,9,1,6,6,1,45,7,-1,-1,-1,-1,6,E01014471,0,1
2024201437841,2024,201437841,2,9,0,-1,4,3,7,-1,0,0,0,0,0,0,2,1,-1,9,2,37,7,-1,-1,-1,-1,3,E01002770,0,5
2024010496150,2024,010496150,4,9,0,4,4,3,7,0,0,0,0,0,0,0,0,1,6,6,1,30,6,-1,-1,-1,-1,6,E01003675,0,1
2024543267324,2024,543267324,1,19,0,12,12,7,4,0,0,3,0,0,0,0,3,1,6,6,3,-1,-1,-1,-1,-1,-1,-1,-1,0,-1
2024061454750,2024,061454750,1,9,0,-1,19,5,5,-1,0,0,0,0,0,0,1,1,-1,6,1,-1,-1,-1,-1,-1,-1,-1,-1,0,-1
2024052402441,2024,052402441,1,1,0,18,19,1,5,0,0,0,0,0,0,0,1,1,6,6,1,-1,-1,-1,-1,-1,-1,-1,-1,0,-1
2024622400409,2024,622400409,1,9,0,18,19,6,2,0,0,0,0,0,0,0,1,1,6,6,1,39,7,-1,-1,-1,-1,4,W01001218,0,3
2024461446746,2024,461446746,1,9,0,-1,19,4,8,-1,0,0,0,0,0,0,4,2,-1,6,1,23,5,-1,-1,-1,-1,6,E01024064,0,1
2024440365806,2024,440365806,2,8,0,18,19,6,2,0,0,8,0,0,0,0,1,1,1,1,1,43,7,-1,-1,-1,-1,3,E01017111,0,1
2024361439758,2024,361439758,1,9,0,-1,19,2,6,-1,0,0,0,0,0,0,-1,1,-1,6,3,16,4,-1,-1,-1,-1,-1,-1,0,-1
2024311500909,2024,311500909,2,-1,0,-1,19,4,8,-1,0,6,0,0,0,0,1,1,-1,9,2,13,3,-1,-1,-1,-1,-1,-1,1,-1
2024430404086,2024,430404086,1,9,0,4,4,3,7,0,0,4,0,0,0,0,2,1,6,6,2,40,7,-1,-1,-1,-1,-1,-1,0,-1
2024201398895,2024,201398895,1,9,0,-1,19,1,5,-1,0,0,0,0,0,0,1,9,-1,6,3,16,4,-1,-1,-1,-1,-1,-1,0,-1
2024010491994,2024,010491994,2,9,0,18,19,5,1,0,0,1,0,0,0,0,9,1,6,6,3,-1,-1,-1,-1,-1,-1,-1,-1,0,-1
2024430608010,2024,430608010,1,23,0,18,19,-1,-1,0,0,4,0,0,0,0,4,1,6,6,1,20,4,-1,-1,-1,-1,7,E01023544,0,4
2024546257724,2024,546257724,1,9,0,18,19,4,8,0,0,0,1,0,4,6,3,1,6,6,1,45,7,-1,-1,-1,-1,8,E01013990,0,4
2024070935903,2024,070935903,2,1,0,-1,19,5,1,-1,0,8,0,0,0,0,4,1,-1,6,1,15,3,-1,-1,-1,-1,3,E01018552,0,2
2024101535590,2024,101535590,1,1,0,-1,19,2,6,-1,9,2,2,99,0,0,1,1,-1,6,3,-1,-1,-1,-1,-1,-1,-1,-1,0,-1
2024131403337,2024,131403337,1,1,0,-1,13,4,4,-1,0,1,0,0,0,0,4,1,-1,6,1,17,4,-1,-1,-1,-1,2,E01011914,0,1
2024010531717,2024,010531717,1,1,9,99,99,9,9,99,99,9,9,99,9,99,9,1,2,2,2,33,6,-1,-1,-1,-1,-1,-1,0,-1
2024401450116,2024,401450116,3,-1,0,-1,19,-1,-1,-1,0,3,9,0,0,0,0,9,-1,6,3,-1,-1,-1,-1,-1,-1,-1,-1,1,-1
2024061406756,2024,061406756,2,9,0,-1,19,5,1,-1,0,-1,0,0,0,0,2,9,-1,6,1,39,7,-1,-1,-1,-1,1,E01004870,0,1
2024010497330,2024,010497330,2,9,9,99,99,9,9,99,99,9,9,99,9,99,9,9,6,6,3,-1,-1,-1,-1,-1,-1,-1,-1,0,-1
2024010490981,2024,010490981,1,3,0,18,19,1,5,9,9,8,0,0,0,0,2,1,6,6,1,35,6,-1,-1,-1,-1,2,E01024599,0,4
2024010487525,2024,010487525,2,9,0,99,99,9,9,99,99,9,9,99,9,99,9,9,6,6,2,32,6,-1,-1,-1,-1,5,E01023533,0,3
2024311514189,2024,311514189,1,1,-1,-1,19,3,7,-1,0,2,0,0,0,0,1,1,-1,9,1,18,4,-1,-1,-1,-1,4,E01013969,0,1
2024010487808,2024,010487808,1,9,0,18,19,5,1,0,0,8,0,0,0,0,4,1,6,6,3,-1,-1,-1,-1,-1,-1,-1,-1,0,-1
2024543713724,2024,543713724,1,9,0,5,5,3,7,0,0,8,0,0,0,0,1,1,1,1,1,34,6,-1,-1,-1,-1,3,E01017246,0,3
2024311485012,2024,311485012,1,9,0,-1,9,6,3,-1,0,1,0,0,0,0,1,1,-1,6,2,40,7,-1,-1,-1,-1,-1,-1,0,-1
2024302400540,2024,302400540,1,9,0,9,9,6,4,0,0,8,0,0,0,0,4,1,1,1,1,35,6,-1,-1,-1,-1,1,E01013591,0,1
2024131460123,2024,131460123,3,9,0,-1,19,5,5,-1,0,1,0,0,0,0,3,1,-1,6,1,31,6,-1,-1,-1,-1,8,E01011710,0,2
2024061499580,2024,061499580,1,1,0,-1,19,-1,-1,-1,0,1,0,0,0,0,4,1,-1,2,1,35,6,-1,-1,-1,-1,3,E01005128,0,1
2024361510134,2024,361510134,1,9,-1,-1,19,3,7,-1,0,0,0,0,0,0,1,9,-1,6,1,-1,-1,-1,-1,-1,-1,-1,-1,0,-1
2024991492185,2024,991492185,2,1,0,-1,9,3,8,-1,0,8,0,0,0,0,3,1,-1,9,1,53,8,-1,-1,-1,-1,9,-1,0,2
2024010493885,2024,010493885,1,9,0,5,5,0,5,0,0,0,0,0,0,0,3,1,6,6,1,57,9,-1,-1,-1,-1,6,E01004163,0,1
2024010537069,2024,010537069,2,1,0,18,19,3,7,0,0,8,0,0,0,0,4,1,6,6,1,24,5,-1,-1,-1,-1,2,E01002722,0,1
2024010506824,2024,010506824,1,1,0,18,19,7,3,0,0,8,0,0,0,0,1,1,6,6,1,17,4,-1,-1,-1,-1,8,E01003904,0,1
2024010496745,2024,010496745,1,9,0,99,99,9,9,99,99,2,9,99,9,99,4,9,6,6,2,27,6,-1,-1,-1,-1,6,E01002533,0,2
2024332400264,2024,332400264,1,9,0,-1,19,3,7,-1,0,0,0,0,0,0,1,1,-1,9,1,29,6,-1,-1,-1,-1,2,E01034009,0,1
2024010508139,2024,010508139,1,1,9,99,99,9,9,99,99,9,9,99,9,99,9,1,6,6,2,25,5,-1,-1,-1,-1,3,E01001769,0,3
2024010524796,2024,010524796,4,9,0,2,2,0,0,0,0,1,0,0,0,0,4,1,6,6,3,-1,-1,-1,-1,-1,-1,-1,-1,0,-1
2024211521161,2024,211521161,2,9,0,-1,19,6,2,-1,0,0,5,0,7,0,1,1,-1,6,1,-1,-1,-1,-1,-1,-1,-1,-1,0,-1
2024552500079,2024,552500079,1,9,0,18,19,6,2,0,0,0,0,0,0,0,4,1,6,6,3,-1,-1,-1,-1,-1,-1,-1,-1,0,-1
2024010497293,2024,010497293,1,1,0,9,9,1,6,0,0,1,0,0,0,0,1,1,6,6,1,41,7,-1,-1,-1,-1,6,E01001870,0,2
2024010508145,2024,010508145,1,9,0,18,19,1,5,0,0,0,0,0,0,0,2,1,6,6,1,18,4,-1,-1,-1,-1,9,E01004638,0,2
2024471449435,2024,471449435,2,1,0,-1,19,2,6,-1,0,1,0,0,0,0,4,1,-1,6,1,75,10,-1,-1,-1,-1,4,E01021004,0,1
2024010553013,2024,010553013,1,11,9,99,99,9,9,99,99,0,9,99,9,99,9,9,1,1,1,55,8,-1,-1,-1,-1,6,E01002331,0,3
202417S314324,2024,17S314324,1,9,0,-1,7,1,3,-1,0,3,0,0,0,0,1,1,-1,6,2,-1,-1,-1,-1,-1,-1,-1,-1,0,-1
2024010493708,2024,010493708,2,20,0,18,19,8,4,0,0,4,0,0,0,0,0,1,1,1,1,60,9,-1,-1,-1,-1,2,E01001414,0,2
2024332400725,2024,332400725,2,-1,0,-1,19,1,5,-1,0,2,0,0,0,0,2,1,-1,6,1,40,7,-1,-1,-1,-1,-1,-1,1,-1
2024010530708,2024,010530708,1,1,9,99,99,9,9,99,99,9,9,99,9,99,1,1,6,6,3,-1,-1,-1,-1,-1,-1,-1,-1,0,-1
2024010492958,2024,010492958,2,9,0,99,99,9,9,99,99,9,9,99,9,99,9,9,6,6,3,-1,-1,-1,-1,-1,-1,-1,-1,0,-1
2024010491195,2024,010491195,2,9,0,18,19,5,1,0,0,6,0,0,0,0,1,1,2,2,1,45,7,-1,-1,-1,-1,3,E01034146,0,1
2024010539232,2024,010539232,2,9,9,99,99,9,9,0,0,9,9,0,9,0,1,9,6,6,3,-1,-1,-1,-1,-1,-1,-1,-1,0,-1
2024010532652,2024,010532652,1,1,0,17,19,1,5,0,0,1,0,0,0,0,1,1,6,6,1,19,4,-1,-1,-1,-1,5,E01003284,0,3
2024041448711,2024,041448711,2,9,0,-1,19,5,1,-1,0,0,1,0,0,0,4,1,-1,9,2,56,9,-1,-1,-1,-1,8,E01025436,0,2
2024991503656,2024,991503656,2,9,0,-1,9,3,1,-1,0,0,0,0,0,0,3,1,-1,1,1,52,8,-1,-1,-1,-1,7,-1,0,1
2024351543068,2024,351543068,1,9,0,-1,5,6,2,-1,0,1,0,0,0,0,1,1,-1,2,1,38,7,-1,-1,-1,-1,3,E01030109,0,4
2024461456490,2024,461456490,1,9,0,-1,5,3,7,-1,9,0,5,0,1,4,1,1,-1,6,1,19,4,-1,-1,-1,-1,8,E01024451,0,1
2024471503614,2024,471503614,1,9,0,-1,19,7,3,-1,0,0,0,0,0,0,1,1,-1,9,2,40,7,-1,-1,-1,-1,4,E01018862,0,5
2024131509124,2024,131509124,1,23,0,-1,19,3,3,-1,0,1,0,0,0,0,1,1,-1,6,1,16,4,-1,-1,-1,-1,1,E01011625,0,1
2024041410175,2024,041410175,2,1,0,-1,19,7,3,-1,0,8,0,0,0,0,1,1,-1,6,1,65,9,-1,-1,-1,-1,6,E01025607,0,1
2024631413796,2024,631413796,3,21,2,-1,2,0,0,-1,0,0,0,0,0,0,0,1,-1,1,1,48,8,-1,-1,-1,-1,5,W01000528,0,4
2024471475846,2024,471475846,2,16,0,-1,19,5,1,-1,0,1,0,0,0,0,0,1,-1,9,2,52,8,-1,-1,-1,-1,9,E01031495,0,2
2024161511973,2024,161511973,1,9,0,-1,19,2,6,-1,0,0,0,0,1,0,1,1,-1,6,1,42,7,-1,-1,-1,-1,2,E01011274,0,4
2024010488889,2024,010488889,2,9,0,18,19,7,3,0,0,2,0,0,0,0,2,1,6,6,2,56,9,-1,-1,-1,-1,-1,-1,0,-1
2024010536006,2024,010536006,2,1,9,99,99,9,9,99,99,9,9,99,9,99,9,1,1,1,1,39,7,-1,-1,-1,-1,4,E01001636,0,3
2024061503150,2024,061503150,1,9,-1,-1,19,5,2,-1,0,1,0,0,0,0,1,9,-1,6,3,-1,-1,-1,-1,-1,-1,-1,-1,0,-1
2024421495537,2024,421495537,1,9,0,-1,19,6,2,-1,0,1,0,10,0,0,4,1,-1,6,1,18,4,-1,-1,-1,-1,5,E01015904,0,2
2024531455606,2024,531455606,2,9,0,-1,19,3,7,-1,0,8,0,0,0,0,1,1,-1,2,1,57,9,-1,-1,-1,-1,4,E01022240,0,3
2024471514583,2024,471514583,1,20,0,-1,19,1,5,-1,0,0,0,0,0,0,4,9,-1,6,3,-1,-1,-1,-1,-1,-1,-1,-1,0,-1
2024501417168,2024,501417168,1,9,0,-1,19,1,5,-1,0,0,0,0,0,0,1,9,-1,6,3,-1,-1,-1,-1,-1,-1,-1,-1,0,-1
2024010522066,2024,010522066,1,9,0,99,99,9,9,99,99,9,9,99,9,99,1,9,6,6,3,-1,-1,-1,-1,-1,-1,-1,-1,0,-1
2024010492015,2024,010492015,2,9,0,18,19,7,3,0,0,1,0,0,0,0,3,1,1,1,1,45,7,-1,-1,-1,-1,2,E01004306,0,1
2024010519015,2024,010519015,2,9,0,99,99,9,9,99,99,9,9,99,9,99,9,9,6,6,3,-1,-1,-1,-1,-1,-1,-1,-1,0,-1
2024332400346,2024,332400346,2,9,0,-1,19,1,5,-1,0,0,0,0,0,0,4,1,-1,1,1,20,4,-1,-1,-1,-1,6,E01025752,0,3
2024010494510,2024,010494510,1,9,0,3,3,8,4,0,0,1,0,0,0,0,2,1,6,6,2,68,10,-1,-1,-1,-1,-1,-1,0,-1
2024101475996,2024,101475996,1,9,0,-1,19,2,6,-1,-1,0,0,0,0,0,-1,9,-1,6,3,-1,-1,-1,-1,-1,-1,-1,-1,0,-1
2024141460577,2024,141460577,2,97,0,-1,19,1,5,-1,0,4,0,0,0,0,4,1,-1,2,1,60,9,-1,-1,-1,-1,5,E01007887,0,2
2024061439889,2024,061439889,1,1,0,-1,99,-1,-1,-1,0,0,0,0,0,0,3,1,-1,2,1,31,6,-1,-1,-1,-1,6,E01006166,0,2
2024311437225,2024,311437225,2,9,0,-1,-1,-1,-1,-1,0,1,-1,-1,-1,0,-1,1,-1,6,1,21,5,-1,-1,-1,-1,6,E01028078,0,1
2024440186968,2024,440186968,1,1,0,18,19,8,4,0,0,0,0,0,0,0,1,1,6,6,1,-1,-1,-1,-1,-1,-1,-1,-1,0,-1
2024010548809,2024,010548809,1,9,0,18,19,1,5,0,0,1,0,0,0,0,1,1,6,6,3,-1,-1,-1,-1,-1,-1,-1,-1,0,-1
2024461441510,2024,461441510,2,1,0,-1,19,8,4,-1,0,0,0,0,0,0,1,1,-1,6,1,50,8,-1,-1,-1,-1,9,E01032735,0,2