collision_index,collision_year,collision_ref_no,vehicle_reference,vehicle_type,towing_and_articulation,vehicle_manoeuvre_historic,vehicle_manoeuvre,vehicle_direction_from,vehicle_direction_to,vehicle_location_restricted_lane_historic,vehicle_location_restricted_lane,junction_location,skidding_and_overturning,hit_object_in_carriageway,vehicle_leaving_carriageway,hit_object_off_carriageway,first_point_of_impact,vehicle_left_hand_drive,journey_purpose_of_driver_historic,journey_purpose_of_driver,sex_of_driver,age_of_driver,age_band_of_driver,engine_capacity_cc,propulsion_code,age_of_vehicle,generic_make_model,driver_imd_decile,lsoa_of_driver,escooter_flag,driver_distance_banding
2024010532703,2024,010532703,1,1,9,99,99,9,9,99,99,9,9,99,9,99,9,1,6,6,2,32,6,-1,-1,-1,-1,4,E01003096,0,1
2024111499539,2024,111499539,1,20,0,-1,19,5,1,-1,0,0,0,0,0,0,1,1,-1,1,1,46,8,-1,-1,-1,-1,3,E01008241,0,4
2024311537800,2024,311537800,2,1,0,-1,5,4,8,-1,0,2,0,0,0,0,1,1,-1,9,1,16,4,-1,-1,-1,-1,-1,-1,0,-1
2024010493851,2024,010493851,1,3,0,99,99,9,9,99,99,9,9,99,9,99,1,1,6,6,1,29,6,-1,-1,-1,-1,1,-1,0,5
202417M100324,2024,17M100324,3,9,0,11,11,1,5,0,0,1,0,0,0,0,1,1,6,6,1,39,7,-1,-1,-1,-1,-1,-1,0,-1
2024471520268,2024,471520268,3,11,0,-1,19,4,8,-1,0,0,0,0,0,0,0,9,-1,6,3,-1,-1,-1,-1,-1,-1,-1,-1,0,-1
2024361438895,2024,361438895,2,1,0,-1,5,7,3,-1,0,1,0,0,0,0,1,1,-1,6,2,42,7,-1,-1,-1,-1,1,E01026793,0,1
2024542834624,2024,542834624,1,98,0,4,4,5,1,0,0,0,0,0,0,0,2,1,6,6,1,46,8,-1,-1,-1,-1,8,E01032095,0,1
2024320723862,2024,320723862,1,9,0,-1,-1,5,1,0,0,0,0,0,0,0,1,1,6,6,1,61,9,-1,-1,-1,-1,8,E01026291,0,1
2024010487833,2024,010487833,3,9,0,2,2,0,0,0,0,1,0,0,0,0,3,1,6,6,3,-1,-1,-1,-1,-1,-1,-1,-1,0,-1
2024010508151,2024,010508151,2,1,0,18,19,5,1,0,0,6,0,0,0,0,3,1,2,2,1,44,7,-1,-1,-1,-1,2,E01003947,0,2
2024201467913,2024,201467913,2,9,0,-1,19,7,3,-1,0,8,0,0,0,0,3,1,-1,9,2,20,4,-1,-1,-1,-1,5,E01009764,0,2
2024302400373,2024,302400373,1,9,0,4,4,5,3,0,0,1,0,0,0,0,1,1,6,6,2,28,6,-1,-1,-1,-1,4,E01013555,0,1
2024451459078,2024,451459078,1,98,0,-1,2,1,7,-1,0,0,0,0,0,0,2,9,-1,2,1,69,10,-1,-1,-1,-1,10,E01030948,0,1
2024201482667,2024,201482667,1,9,0,-1,19,2,6,-1,0,1,0,0,0,0,4,1,-1,6,1,67,10,-1,-1,-1,-1,4,E01009280,0,1
2024991465597,2024,991465597,1,9,0,-1,19,4,6,-1,0,1,0,0,7,11,1,1,-1,9,1,17,4,-1,-1,-1,-1,2,-1,0,1
2024161450242,2024,161450242,1,98,0,-1,9,4,2,-1,0,5,0,0,0,0,2,1,-1,6,1,20,4,-1,-1,-1,-1,1,E01012867,0,1
2024991425012,2024,991425012,2,1,0,-1,19,3,7,-1,0,0,0,0,0,0,1,1,-1,6,1,54,8,-1,-1,-1,-1,10,-1,0,2
2024451448212,2024,451448212,1,9,0,-1,19,5,1,-1,0,0,0,0,0,0,2,1,-1,9,2,50,8,-1,-1,-1,-1,4,E01030709,0,1
2024991446685,2024,991446685,2,1,0,-1,19,6,1,-1,9,1,0,0,0,0,1,1,-1,6,1,14,3,-1,-1,-1,-1,1,-1,0,1
2024311526485,2024,311526485,1,9,0,-1,19,7,3,-1,0,1,0,0,0,0,1,1,-1,6,3,-1,-1,-1,-1,-1,-1,-1,-1,0,-1
2024471416027,2024,471416027,26,9,0,-1,19,7,3,-1,0,0,0,0,0,0,1,1,-1,6,-1,-1,-1,-1,-1,-1,-1,-1,-1,0,-1
2024471394940,2024,471394940,1,8,0,-1,19,5,1,-1,0,1,0,0,0,0,1,1,-1,6,1,68,10,-1,-1,-1,-1,1,E01031404,0,1
2024010538529,2024,010538529,1,1,9,99,99,9,9,99,99,9,9,8,9,99,1,1,6,6,1,23,5,-1,-1,-1,-1,2,E01033602,0,1
2024201491527,2024,201491527,1,9,0,-1,19,2,6,-1,0,5,0,0,0,0,1,1,-1,6,-1,20,4,-1,-1,-1,-1,-1,-1,0,-1
2024010523324,2024,010523324,1,1,0,18,19,5,1,5,5,1,0,0,0,0,1,1,6,6,1,24,5,-1,-1,-1,-1,-1,-1,0,-1
2024401507615,2024,401507615,2,1,0,-1,19,1,5,-1,0,1,0,0,0,0,3,1,-1,6,1,15,3,-1,-1,-1,-1,2,E01015704,0,1
2024430052956,2024,430052956,1,9,0,5,5,3,7,9,9,6,0,0,0,0,1,1,6,6,3,-1,-1,-1,-1,-1,-1,-1,-1,0,-1
2024302400178,2024,302400178,1,9,0,7,7,5,7,0,0,8,0,0,0,0,1,1,6,6,3,-1,-1,-1,-1,-1,-1,5,E01019456,0,3
2024411465294,2024,411465294,2,1,0,-1,-1,-1,-1,-1,-1,-1,-1,-1,-1,0,-1,1,-1,9,1,49,8,-1,-1,-1,-1,8,E01023407,0,1
2024461482466,2024,461482466,2,9,0,-1,2,0,0,-1,0,0,0,0,0,0,1,1,-1,6,1,62,9,-1,-1,-1,-1,-1,-1,0,-1
2024010501857,2024,010501857,2,1,0,18,19,5,1,0,0,0,0,0,0,0,1,1,6,6,1,35,6,-1,-1,-1,-1,3,E01003086,0,1
202460Q052657,2024,60Q052657,2,9,0,18,19,5,1,0,0,0,0,0,0,0,1,1,6,6,2,53,8,-1,-1,-1,-1,-1,-1,0,-1
2024211542212,2024,211542212,1,9,0,-1,4,3,5,-1,0,0,1,0,0,0,2,1,-1,6,2,34,6,-1,-1,-1,-1,4,E01014259,0,1
2024320173777,2024,320173777,2,9,0,-1,-1,2,6,0,0,0,0,0,1,2,3,1,-1,-1,1,56,9,-1,-1,-1,-1,4,E01026071,0,4
2024631477087,2024,631477087,1,21,4,-1,19,2,6,-1,0,0,5,0,1,11,4,1,-1,1,1,51,8,-1,-1,-1,-1,7,W01000558,0,4
2024010547053,2024,010547053,3,1,9,99,99,9,9,99,99,9,9,99,9,99,9,1,6,6,3,-1,-1,-1,-1,-1,-1,-1,-1,0,-1
2024221466790,2024,221466790,2,1,0,-1,19,4,1,-1,0,0,0,0,0,0,3,1,-1,6,1,60,9,-1,-1,-1,-1,7,E01034801,0,4
2024461533190,2024,461533190,2,9,0,-1,2,0,0,-1,0,0,0,4,0,0,2,1,-1,6,-1,-1,-1,-1,-1,-1,-1,-1,-1,0,-1
2024010497719,2024,010497719,2,1,0,18,19,5,1,0,0,8,5,0,1,0,4,1,2,2,1,27,6,-1,-1,-1,-1,6,E01001496,0,4
2024440147686,2024,440147686,1,8,0,18,19,8,4,0,0,0,0,0,0,0,4,1,1,1,3,-1,-1,-1,-1,-1,-1,-1,-1,0,-1
2024041416696,2024,041416696,2,1,0,-1,19,3,7,-1,0,1,0,0,0,0,4,1,-1,9,1,63,9,-1,-1,-1,-1,3,E01006035,0,4
2024411459429,2024,411459429,1,9,0,-1,-1,-1,-1,-1,-1,-1,-1,-1,-1,0,-1,9,-1,6,3,-1,-1,-1,-1,-1,-1,-1,-1,0,-1
2024481561755,2024,481561755,1,11,0,-1,5,5,1,-1,0,0,0,0,0,0,0,1,-1,1,1,35,6,-1,-1,-1,-1,-1,-1,0,-1
2024141428309,2024,141428309,1,1,0,-1,19,3,7,-1,0,0,1,0,0,0,1,1,-1,6,1,9,2,-1,-1,-1,-1,1,E01008084,0,1
2024421505884,2024,421505884,2,99,0,-1,2,-1,-1,-1,0,0,0,0,0,0,3,1,-1,6,3,-1,-1,-1,-1,-1,-1,-1,-1,0,-1
2024061466394,2024,061466394,3,9,-1,-1,-1,-1,-1,-1,-1,-1,-1,-1,-1,0,-1,9,-1,6,1,-1,-1,-1,-1,-1,-1,-1,-1,0,-1
2024430199202,2024,430199202,2,9,0,18,19,3,7,0,0,8,0,0,0,0,1,1,6,6,1,27,6,-1,-1,-1,-1,4,E01017904,0,1
2024070201176,2024,070201176,2,1,0,18,19,6,2,0,0,1,0,0,0,0,0,1,6,6,1,53,8,-1,-1,-1,-1,8,E01018668,0,1
2024430181941,2024,430181941,2,9,0,18,19,6,2,0,0,8,0,0,0,0,1,1,6,6,3,-1,-1,-1,-1,-1,-1,-1,-1,0,-1
2024430254642,2024,430254642,3,19,0,3,3,4,8,0,0,0,0,0,0,0,0,1,6,6,3,-1,-1,-1,-1,-1,-1,-1,-1,0,-1
2024451449289,2024,451449289,1,9,0,-1,9,3,1,-1,0,6,0,0,0,0,3,1,-1,1,1,48,8,-1,-1,-1,-1,4,E01003841,0,3
2024471405636,2024,471405636,2,1,0,-1,19,6,3,-1,0,0,0,0,0,0,3,1,-1,6,1,28,6,-1,-1,-1,-1,5,E01020916,0,1
2024421467736,2024,421467736,2,1,0,-1,19,6,2,-1,0,1,0,0,0,0,1,1,-1,9,1,56,9,-1,-1,-1,-1,6,E01015814,0,2
2024010487070,2024,010487070,2,9,0,99,99,9,9,99,99,9,9,99,9,99,9,9,6,6,3,-1,-1,-1,-1,-1,-1,-1,-1,0,-1
2024010486828,2024,010486828,1,11,0,9,9,7,5,0,0,3,0,0,0,0,1,1,1,1,1,59,9,-1,-1,-1,-1,3,E01003193,0,2
2024430318568,2024,430318568,1,9,0,18,19,6,2,0,0,0,0,0,0,0,4,1,6,6,2,-1,-1,-1,-1,-1,-1,-1,-1,0,-1
2024201419874,2024,201419874,2,-1,0,-1,19,6,2,-1,9,8,2,0,0,0,1,1,-1,2,1,26,6,-1,-1,-1,-1,-1,-1,1,-1
2024440540035,2024,440540035,2,9,0,11,11,5,1,0,0,4,0,0,0,0,4,1,6,6,1,-1,-1,-1,-1,-1,-1,-1,-1,0,-1
2024161501911,2024,161501911,2,9,0,-1,19,7,3,-1,0,0,0,0,0,0,1,9,-1,6,3,-1,-1,-1,-1,-1,-1,-1,-1,0,-1
2024461486245,2024,461486245,2,1,-1,-1,19,5,1,-1,0,0,1,0,0,0,2,1,-1,6,1,64,9,-1,-1,-1,-1,2,E01016136,0,1
2024010496994,2024,010496994,1,1,9,99,99,9,9,99,99,9,9,99,9,99,9,1,6,6,1,36,7,-1,-1,-1,-1,2,E01002003,0,1
2024101420802,2024,101420802,1,9,0,-1,19,1,5,-1,0,6,0,0,0,0,3,1,-1,6,1,35,6,-1,-1,-1,-1,8,E01008507,0,2
2024010531013,2024,010531013,1,1,9,99,99,9,9,99,99,9,9,99,9,99,9,1,6,6,2,54,8,-1,-1,-1,-1,4,E01003257,0,2
2024010545608,2024,010545608,2,1,9,99,99,9,9,99,99,9,9,99,9,99,9,1,2,2,2,58,9,-1,-1,-1,-1,5,E01003080,0,1
2024451526299,2024,451526299,2,1,0,-1,19,6,6,-1,0,1,0,0,0,0,1,1,-1,1,1,41,7,-1,-1,-1,-1,5,E01030801,0,1
2024991484390,2024,991484390,2,9,0,-1,9,1,5,-1,0,2,0,0,0,0,3,1,-1,7,2,39,7,-1,-1,-1,-1,3,-1,0,1
2024010508689,2024,010508689,2,1,0,18,19,3,7,2,2,1,5,0,0,0,1,1,6,6,1,16,4,-1,-1,-1,-1,3,E01002572,0,1
2024201446237,2024,201446237,7,9,0,-1,2,0,0,-1,0,2,0,0,0,0,1,9,-1,1,1,19,4,-1,-1,-1,-1,7,E01032146,0,1
2024041449101,2024,041449101,2,9,0,-1,4,3,7,-1,0,0,0,0,0,0,2,1,-1,6,2,37,7,-1,-1,-1,-1,6,E01004912,0,4
2024211498855,2024,211498855,1,9,0,-1,14,7,7,-1,0,0,5,4,0,0,1,1,-1,6,2,23,5,-1,-1,-1,-1,9,E01029420,0,1
2024371453057,2024,371453057,1,9,0,-1,15,5,1,-1,0,8,0,4,0,0,4,1,-1,6,1,79,11,-1,-1,-1,-1,7,E01029911,0,2
202417M116524,2024,17M116524,2,1,0,-1,19,2,6,-1,0,8,0,0,0,0,1,1,-1,9,1,17,4,-1,-1,-1,-1,2,E01012051,0,1
2024031511021,2024,031511021,3,9,0,-1,4,3,7,-1,0,0,1,0,0,0,1,1,-1,6,1,77,11,-1,-1,-1,-1,7,E01019200,0,1
2024451440293,2024,451440293,2,9,0,-1,5,1,2,-1,0,0,0,0,1,0,1,9,-1,6,2,30,6,-1,-1,-1,-1,-1,-1,0,-1
2024010547714,2024,010547714,2,19,0,99,99,9,9,99,99,9,9,99,9,99,9,9,6,6,3,-1,-1,-1,-1,-1,-1,-1,-1,0,-1
2024010510440,2024,010510440,1,1,9,99,99,9,9,99,99,9,9,99,9,99,2,1,6,6,1,19,4,-1,-1,-1,-1,2,E01000289,0,3
2024131441721,2024,131441721,1,1,0,-1,19,5,1,-1,0,4,0,0,0,0,2,1,-1,9,1,16,4,-1,-1,-1,-1,1,E01011431,0,1
2024430174660,2024,430174660,1,9,0,13,13,4,8,0,0,0,0,0,5,6,3,1,6,6,2,63,9,-1,-1,-1,-1,8,E01005357,0,5
2024010502411,2024,010502411,2,11,0,99,99,9,9,99,99,0,9,99,9,99,9,9,6,6,3,-1,-1,-1,-1,-1,-1,-1,-1,0,-1
2024430024462,2024,430024462,1,9,0,9,9,8,5,0,0,6,0,0,7,3,1,1,6,6,2,33,6,-1,-1,-1,-1,10,E01017787,0,1
2024302400301,2024,302400301,2,1,0,18,19,5,1,0,0,1,0,0,1,0,2,1,2,2,1,21,5,-1,-1,-1,-1,4,E01028252,0,2
2024340WN2532,2024,340WN2532,2,1,0,-1,19,5,1,-1,0,8,0,0,0,0,1,1,-1,6,1,59,9,-1,-1,-1,-1,8,E01035086,0,3
2024161467325,2024,161467325,1,19,0,-1,19,7,3,-1,0,8,1,0,0,0,1,2,-1,1,1,35,6,-1,-1,-1,-1,-1,-1,0,-1
2024061465214,2024,061465214,1,1,0,-1,10,-1,-1,-1,99,1,0,99,0,0,4,1,-1,2,1,34,6,-1,-1,-1,-1,1,E01005135,0,1
2024440009834,2024,440009834,1,9,0,18,19,6,2,0,0,0,0,0,0,0,1,1,2,2,1,57,9,-1,-1,-1,-1,9,E01023275,0,1
2024041427557,2024,041427557,1,9,0,-1,19,5,1,-1,0,0,0,0,0,0,1,9,-1,9,2,30,6,-1,-1,-1,-1,1,E01012748,0,1
2024351532127,2024,351532127,2,90,0,-1,19,3,7,-1,0,0,0,0,0,0,3,1,-1,6,1,69,10,-1,-1,-1,-1,6,E01018126,0,1
2024010511240,2024,010511240,2,9,0,99,99,9,9,99,99,9,9,99,9,99,9,9,6,6,3,-1,-1,-1,-1,-1,-1,-1,-1,0,-1
2024461402086,2024,461402086,1,9,0,-1,19,3,7,-1,0,0,0,0,0,0,1,9,-1,6,3,-1,-1,-1,-1,-1,-1,-1,-1,0,-1
2024010508736,2024,010508736,2,9,0,9,9,8,7,0,0,8,0,0,0,0,0,1,6,6,3,-1,-1,-1,-1,-1,-1,-1,-1,0,-1
2024070615717,2024,070615717,2,9,0,18,19,7,3,0,0,1,0,0,0,0,1,1,6,6,1,19,4,-1,-1,-1,-1,9,E01012562,0,1
2024471457778,2024,471457778,1,90,0,-1,19,2,6,-1,0,0,0,0,0,0,0,9,-1,6,3,-1,-1,-1,-1,-1,-1,-1,-1,0,-1
2024010495198,2024,010495198,1,3,0,18,19,3,7,0,0,8,0,0,0,0,1,1,6,6,1,18,4,-1,-1,-1,-1,1,E01033456,0,1
2024401576687,2024,401576687,2,-1,0,-1,19,5,1,-1,0,0,5,0,0,0,3,1,-1,6,2,36,7,-1,-1,-1,-1,2,E01033803,1,1
2024010492031,2024,010492031,2,9,0,99,99,9,9,99,99,0,9,99,9,99,9,9,6,6,3,-1,-1,-1,-1,-1,-1,-1,-1,0,-1
2024471423151,2024,471423151,2,1,0,-1,19,1,5,-1,0,0,0,0,0,0,3,1,-1,6,1,28,6,-1,-1,-1,-1,9,E01016980,0,1
2024451472508,2024,451472508,1,9,0,-1,19,4,5,-1,0,0,0,0,0,0,3,1,-1,9,1,63,9,-1,-1,-1,-1,8,E01030703,0,2
2024010490781,2024,010490781,1,8,0,9,9,1,6,0,0,1,0,0,0,0,1,1,1,1,1,54,8,-1,-1,-1,-1,2,E01004222,0,2
2024010522618,2024,010522618,1,97,0,99,99,9,9,0,0,1,0,0,0,0,9,1,6,6,3,-1,-1,-1,-1,-1,-1,-1,-1,0,-1
2024010509082,2024,010509082,2,1,0,18,19,4,8,0,0,8,2,0,0,0,1,1,1,1,2,26,6,-1,-1,-1,-1,8,E01030703,0,3
2024451455755,2024,451455755,1,1,0,-1,19,6,2,-1,4,0,5,0,1,0,0,1,-1,9,1,25,5,-1,-1,-1,-1,6,E01031520,0,4
2024430323592,2024,430323592,1,19,0,18,19,7,3,0,0,0,0,0,0,0,1,1,1,1,1,51,8,-1,-1,-1,-1,9,E01017703,0,3
2024010516547,2024,010516547,2,1,0,5,5,1,5,0,0,8,0,0,0,0,1,1,6,6,1,10,2,-1,-1,-1,-1,7,E01003393,0,1
2024010519351,2024,010519351,2,-1,0,18,19,1,5,0,0,1,0,0,0,0,1,1,2,2,1,27,6,-1,-1,-1,-1,3,E01001801,1,1
2024340WN2342,2024,340WN2342,1,9,0,-1,9,5,3,-1,0,5,0,0,0,0,1,1,-1,1,1,36,7,-1,-1,-1,-1,8,E01027186,0,2
2024122400724,2024,122400724,2,9,0,7,7,3,5,0,0,0,0,0,1,0,2,1,6,6,2,59,9,-1,-1,-1,-1,6,E01027744,0,4
2024552400624,2024,552400624,1,19,0,18,19,5,1,0,0,0,0,0,0,0,1,1,6,6,1,36,7,-1,-1,-1,-1,10,E01015433,0,1
2024010520539,2024,010520539,1,1,9,99,99,9,9,99,99,9,9,99,9,99,2,1,6,6,2,38,7,-1,-1,-1,-1,2,E01004272,0,1
2024010527471,2024,010527471,1,1,0,18,19,1,5,4,4,1,0,0,0,0,2,1,1,1,1,31,6,-1,-1,-1,-1,2,E01001976,0,2
2024531409528,2024,531409528,3,19,0,-1,4,4,8,-1,0,3,0,0,0,0,0,9,-1,6,3,-1,-1,-1,-1,-1,-1,-1,-1,0,-1
2024430065337,2024,430065337,1,9,0,18,19,2,6,0,0,0,0,0,0,0,1,1,6,6,2,43,7,-1,-1,-1,-1,9,E01016266,0,1
2024010542259,2024,010542259,2,9,0,99,99,9,9,99,99,9,9,99,9,99,9,9,6,6,3,45,7,-1,-1,-1,-1,6,E01002656,0,3
2024010507351,2024,010507351,2,9,0,6,6,7,7,0,0,0,0,0,0,0,4,1,6,6,3,-1,-1,-1,-1,-1,-1,-1,-1,0,-1
2024421528171,2024,421528171,1,9,0,-1,5,3,7,-1,0,0,0,0,0,0,1,9,-1,6,3,-1,-1,-1,-1,-1,-1,-1,-1,0,-1
2024520401555,2024,520401555,1,9,0,18,19,8,4,0,0,0,0,0,0,0,1,1,6,6,3,-1,-1,-1,-1,-1,-1,-1,-1,0,-1
2024010539605,2024,010539605,2,9,0,99,99,9,9,99,99,9,9,99,9,99,9,9,6,6,1,-1,-1,-1,-1,-1,-1,4,E01034185,0,3
2024231460448,2024,231460448,1,9,0,-1,19,6,2,-1,0,0,0,0,0,0,1,1,-1,7,2,36,7,-1,-1,-1,-1,4,E01029820,0,1
2024010489258,2024,010489258,1,3,0,99,99,9,9,99,99,9,9,99,9,99,9,1,1,1,3,34,6,-1,-1,-1,-1,7,E01003139,0,1
2024440552714,2024,440552714,1,9,0,18,19,5,1,0,0,0,0,0,0,0,4,1,6,6,3,-1,-1,-1,-1,-1,-1,-1,-1,0,-1
2024991512125,2024,991512125,1,9,0,-1,19,5,1,-1,0,0,0,0,0,0,1,1,-1,6,1,60,9,-1,-1,-1,-1,-1,-1,0,-1
2024520401554,2024,520401554,2,9,9,99,99,9,9,0,0,0,0,0,0,0,9,9,6,6,3,-1,-1,-1,-1,-1,-1,-1,-1,0,-1
2024302401612,2024,302401612,2,19,0,2,2,0,0,0,0,0,0,0,0,0,0,1,6,6,3,-1,-1,-1,-1,-1,-1,-1,-1,0,-1
2024552401270,2024,552401270,1,9,0,18,19,8,4,0,0,6,0,0,0,0,1,1,6,6,3,-1,-1,-1,-1,-1,-1,-1,-1,0,-1
2024201435120,2024,201435120,2,1,0,-1,19,8,4,-1,9,8,2,0,0,0,1,1,-1,6,1,12,3,-1,-1,-1,-1,1,E01008932,0,1
2024522401869,2024,522401869,2,9,0,18,19,5,1,0,0,0,0,0,0,0,1,1,6,6,3,-1,-1,-1,-1,-1,-1,-1,-1,0,-1
2024052402180,2024,052402180,2,1,0,18,19,6,2,0,0,1,0,0,0,0,4,1,6,6,1,51,8,-1,-1,-1,-1,9,E01012494,0,1
2024201443135,2024,201443135,1,9,0,-1,19,2,6,-1,0,0,0,0,0,0,1,1,-1,6,3,-1,-1,-1,-1,-1,-1,-1,-1,0,-1
2024101472978,2024,101472978,2,9,0,-1,4,6,3,-1,0,1,0,0,0,0,2,1,-1,6,2,20,4,-1,-1,-1,-1,3,E01035617,0,1
2024010520177,2024,010520177,2,1,0,3,3,7,3,0,0,1,0,0,0,0,1,1,6,6,1,32,6,-1,-1,-1,-1,7,E01002975,0,3
2024481507973,2024,481507973,2,20,0,-1,9,3,7,-1,0,8,0,0,0,0,4,1,-1,1,1,30,6,-1,-1,-1,-1,-1,-1,0,-1
2024471437721,2024,471437721,1,1,0,-1,19,3,7,-1,0,1,0,0,0,0,1,1,-1,6,3,-1,-1,-1,-1,-1,-1,-1,-1,0,-1
2024471522806,2024,471522806,2,1,0,-1,19,3,7,-1,0,0,0,0,0,0,3,1,-1,6,2,35,6,-1,-1,-1,-1,10,E01031340,0,1
2024010509943,2024,010509943,1,9,5,-1,-1,7,3,0,0,1,0,0,0,0,1,1,6,6,1,21,5,-1,-1,-1,-1,1,E01002071,0,2
2024010510937,2024,010510937,1,90,0,99,99,9,9,99,99,9,9,99,9,99,2,9,6,6,1,36,7,-1,-1,-1,-1,3,E01004183,0,1
2024010511528,2024,010511528,2,1,0,18,19,7,3,0,0,1,0,0,0,0,1,1,2,2,1,19,4,-1,-1,-1,-1,4,E01034026,0,1
2024010542203,2024,010542203,1,9,0,18,19,3,7,0,0,1,0,4,0,0,3,1,6,6,1,22,5,-1,-1,-1,-1,9,E01003365,0,3
2024061526797,2024,061526797,1,1,0,-1,19,-1,-1,-1,0,1,0,0,0,0,3,1,-1,2,1,32,6,-1,-1,-1,-1,6,E01025351,0,4
2024461514088,2024,461514088,1,3,0,-1,19,5,1,-1,0,8,5,0,0,0,1,1,-1,9,1,32,6,-1,-1,-1,-1,-1,-1,0,-1
2024010552045,2024,010552045,1,1,9,99,99,9,9,99,99,0,9,99,9,99,9,1,6,6,1,27,6,-1,-1,-1,-1,6,E01003260,0,2
2024010505888,2024,010505888,1,9,0,99,99,9,9,99,99,9,9,99,9,99,9,9,2,2,1,42,7,-1,-1,-1,-1,3,E01002045,0,1
2024111406732,2024,111406732,1,19,0,-1,19,2,6,-1,9,1,0,0,0,0,3,9,-1,6,1,50,8,-1,-1,-1,-1,-1,-1,0,-1
2024501473059,2024,501473059,1,9,0,-1,19,-1,-1,-1,0,0,-1,-1,-1,0,1,9,-1,6,3,-1,-1,-1,-1,-1,-1,-1,-1,0,-1
2024131402835,2024,131402835,2,1,0,-1,19,8,6,-1,4,1,0,0,0,0,1,1,-1,2,1,21,5,-1,-1,-1,-1,4,E01011462,0,1
2024010496967,2024,010496967,2,9,0,99,99,9,9,99,99,9,9,99,9,99,9,9,6,6,3,-1,-1,-1,-1,-1,-1,-1,-1,0,-1
2024461502027,2024,461502027,1,1,0,-1,19,7,3,-1,0,8,0,0,0,0,1,1,-1,6,1,-1,-1,-1,-1,-1,-1,2,E01024295,0,1
202454C720324,2024,54C720324,1,9,0,18,19,6,2,0,0,1,0,0,0,0,1,1,6,6,1,37,7,-1,-1,-1,-1,1,E01015558,0,1
2024122500219,2024,122500219,1,9,0,10,10,3,1,0,0,1,0,0,0,0,2,1,6,6,1,45,7,-1,-1,-1,-1,7,E01027633,0,1
2024311434051,2024,311434051,1,9,0,-1,19,6,2,-1,0,0,0,0,0,0,2,1,-1,6,2,21,5,-1,-1,-1,-1,6,E01013892,0,1
2024451398770,2024,451398770,1,1,0,-1,19,1,5,-1,0,1,0,0,0,0,3,1,-1,2,1,39,7,-1,-1,-1,-1,6,E01030451,0,1
2024411465333,2024,411465333,1,9,-1,-1,-1,-1,-1,-1,-1,0,-1,-1,-1,0,-1,9,-1,6,3,-1,-1,-1,-1,-1,-1,-1,-1,0,-1
2024061524170,2024,061524170,2,9,0,-1,2,0,0,-1,0,1,0,0,0,0,1,2,-1,6,-1,-1,-1,-1,-1,-1,-1,-1,-1,0,-1
2024141511213,2024,141511213,3,9,0,-1,19,5,1,-1,0,4,0,0,3,0,0,1,-1,6,-1,-1,-1,-1,-1,-1,-1,-1,-1,0,-1
2024070779354,2024,070779354,2,1,0,-1,19,4,8,-1,0,8,0,0,0,0,4,1,-1,9,1,16,4,-1,-1,-1,-1,1,E01012436,0,1
2024541200824,2024,541200824,1,9,0,18,19,8,4,0,0,0,0,0,0,0,1,1,6,6,3,-1,-1,-1,-1,-1,-1,-1,-1,0,-1
2024991459262,2024,991459262,2,1,0,-1,19,1,5,-1,0,0,5,0,0,0,1,1,-1,9,1,22,5,-1,-1,-1,-1,-1,-1,0,-1
2024010507577,2024,010507577,1,9,0,18,19,6,2,0,0,0,0,0,0,0,4,1,1,1,1,60,9,-1,-1,-1,-1,5,E01002169,0,2
2024471416027,2024,471416027,11,9,0,-1,2,0,0,-1,-1,0,0,0,0,0,0,1,-1,6,-1,-1,-1,-1,-1,-1,-1,-1,-1,0,-1
2024131525621,2024,131525621,2,23,0,-1,7,3,1,-1,0,1,0,0,0,0,-1,1,-1,6,1,-1,-1,-1,-1,-1,-1,1,E01011342,0,1
2024010488439,2024,010488439,2,9,0,99,99,9,9,99,99,9,9,99,9,99,1,9,6,6,3,-1,-1,-1,-1,-1,-1,-1,-1,0,-1
2024070804880,2024,070804880,1,1,0,-1,19,7,3,-1,0,0,1,4,0,0,3,1,-1,9,1,60,9,-1,-1,-1,-1,3,E01018446,0,1
2024430003700,2024,430003700,1,9,0,11,11,1,5,0,0,0,0,0,0,0,4,1,2,2,2,50,8,-1,-1,-1,-1,9,E01016540,0,1
2024201520689,2024,201520689,1,9,0,-1,1,8,4,-1,0,0,0,0,0,0,2,1,-1,6,3,-1,-1,-1,-1,-1,-1,-1,-1,0,-1
2024201484602,2024,201484602,1,9,0,-1,14,1,5,-1,0,8,0,4,0,0,4,9,-1,6,3,40,7,-1,-1,-1,-1,-1,-1,0,-1
2024122500122,2024,122500122,2,9,0,16,19,2,4,0,0,1,0,0,1,0,1,1,6,6,2,38,7,-1,-1,-1,-1,8,E01034588,0,4
2024010491778,2024,010491778,1,9,0,18,19,3,7,9,9,2,0,10,3,10,1,1,6,6,1,24,5,-1,-1,-1,-1,4,E01002130,0,3
2024471534020,2024,471534020,1,1,0,-1,19,1,5,-1,0,0,0,4,0,0,1,1,-1,6,1,56,9,-1,-1,-1,-1,6,E01016990,0,1
2024201534328,2024,201534328,1,21,1,-1,12,1,5,-1,0,0,0,0,0,0,3,9,-1,1,1,60,9,-1,-1,-1,-1,-1,-1,0,-1
2024010511505,2024,010511505,3,1,0,11,11,3,7,0,0,8,0,0,0,0,2,1,1,1,1,52,8,-1,-1,-1,-1,8,E01003271,0,3
2024211445430,2024,211445430,1,9,0,-1,19,8,4,-1,0,1,0,0,0,0,1,1,-1,6,1,36,7,-1,-1,-1,-1,2,E01014230,0,1
2024141522513,2024,141522513,2,9,0,-1,19,1,5,-1,0,0,0,0,0,0,1,9,-1,6,3,-1,-1,-1,-1,-1,-1,-1,-1,0,-1
2024440174926,2024,440174926,2,1,0,18,19,5,1,0,0,8,0,0,0,0,4,1,2,2,2,28,6,-1,-1,-1,-1,6,E01023138,0,1
2024010491930,2024,010491930,1,1,9,99,99,9,9,99,99,9,9,99,9,99,9,1,2,2,1,28,6,-1,-1,-1,-1,10,E01009720,0,5
2024471454586,2024,471454586,2,9,0,-1,4,3,5,-1,0,2,0,0,0,0,0,9,-1,6,3,-1,-1,-1,-1,-1,-1,-1,-1,0,-1
2024161462462,2024,161462462,2,1,0,-1,19,7,3,-1,0,6,0,0,0,0,1,1,-1,9,1,14,3,-1,-1,-1,-1,1,E01012780,0,2