collision_index,collision_year,collision_ref_no,vehicle_reference,vehicle_type,towing_and_articulation,vehicle_manoeuvre_historic,vehicle_manoeuvre,vehicle_direction_from,vehicle_direction_to,vehicle_location_restricted_lane_historic,vehicle_location_restricted_lane,junction_location,skidding_and_overturning,hit_object_in_carriageway,vehicle_leaving_carriageway,hit_object_off_carriageway,first_point_of_impact,vehicle_left_hand_drive,journey_purpose_of_driver_historic,journey_purpose_of_driver,sex_of_driver,age_of_driver,age_band_of_driver,engine_capacity_cc,propulsion_code,age_of_vehicle,generic_make_model,driver_imd_decile,lsoa_of_driver,escooter_flag,driver_distance_banding
2024311537712,2024,311537712,3,21,1,-1,3,4,8,-1,0,0,0,7,0,0,2,2,-1,1,1,26,6,-1,-1,-1,-1,-1,-1,0,-1
2024052401055,2024,052401055,1,1,0,7,7,2,6,0,0,8,0,0,0,0,1,1,6,6,1,8,2,-1,-1,-1,-1,1,E01006483,0,1
2024010488711,2024,010488711,1,21,0,18,19,3,7,0,0,0,0,0,0,0,2,1,1,1,1,69,10,-1,-1,-1,-1,2,E01024548,0,4
2024010491298,2024,010491298,1,9,0,9,9,5,3,0,0,1,0,0,0,0,1,1,2,2,1,43,7,-1,-1,-1,-1,5,E01004141,0,1
2024010522300,2024,010522300,2,1,0,18,19,2,6,0,0,8,0,0,0,0,1,1,2,2,2,24,5,-1,-1,-1,-1,6,E01032789,0,1
2024010531243,2024,010531243,2,9,0,7,7,7,2,0,0,8,0,0,0,0,1,1,6,6,3,-1,-1,-1,-1,-1,-1,-1,-1,0,-1
2024010504271,2024,010504271,1,19,0,4,4,5,1,0,0,0,0,0,0,0,2,2,6,6,1,45,7,-1,-1,-1,-1,8,E01003710,0,2
2024010490315,2024,010490315,1,4,0,14,14,1,5,0,0,2,0,0,0,0,1,1,1,1,1,23,5,-1,-1,-1,-1,7,E01003393,0,2
2024471469385,2024,471469385,1,1,0,-1,19,7,3,-1,0,2,0,0,1,0,0,1,-1,6,1,44,7,-1,-1,-1,-1,10,E01021023,0,2
2024061449619,2024,061449619,2,10,0,-1,19,5,1,-1,0,0,0,0,0,0,0,1,-1,1,1,56,9,-1,-1,-1,-1,1,E01005202,0,1
2024201526541,2024,201526541,1,19,0,-1,19,8,4,-1,0,1,0,0,0,0,1,1,-1,6,1,-1,-1,-1,-1,-1,-1,-1,-1,0,-1
2024991476142,2024,991476142,2,9,0,-1,9,5,3,-1,0,8,0,0,0,0,3,1,-1,2,1,27,6,-1,-1,-1,-1,-1,-1,0,-1
2024351512963,2024,351512963,2,1,-1,-1,-1,-1,-1,-1,-1,0,-1,-1,-1,0,4,1,-1,2,2,62,9,-1,-1,-1,-1,10,E01018235,0,1
2024401400055,2024,401400055,1,9,0,-1,19,5,1,-1,0,8,0,0,0,0,0,9,-1,6,-1,-1,-1,-1,-1,-1,-1,-1,-1,0,-1
2024451408773,2024,451408773,2,9,0,-1,4,1,5,-1,0,1,0,0,0,0,2,1,-1,2,2,46,8,-1,-1,-1,-1,6,E01030426,0,1
2024421525441,2024,421525441,1,9,0,-1,1,2,6,-1,99,6,9,99,9,99,9,1,-1,6,2,29,6,-1,-1,-1,-1,9,E01035172,0,1
2024501528788,2024,501528788,2,9,0,-1,2,0,0,-1,0,2,0,0,0,0,3,1,-1,6,3,-1,-1,-1,-1,-1,-1,-1,-1,0,-1
2024141459609,2024,141459609,1,9,0,-1,19,1,5,-1,0,2,0,0,0,0,4,1,-1,1,1,53,8,-1,-1,-1,-1,1,E01007708,0,2
2024440133578,2024,440133578,2,1,0,18,19,7,3,0,0,2,0,0,0,0,1,1,6,6,1,9,2,-1,-1,-1,-1,3,E01034064,0,1
2024461464433,2024,461464433,1,5,0,-1,3,5,1,-1,0,2,1,0,0,0,1,1,-1,6,1,54,8,-1,-1,-1,-1,2,E01004067,0,4
2024010508618,2024,010508618,1,9,0,18,19,5,1,0,0,0,0,0,0,0,1,1,6,6,3,-1,-1,-1,-1,-1,-1,-1,-1,0,-1
2024421448938,2024,421448938,1,1,0,-1,19,7,5,-1,0,0,0,0,0,0,1,1,-1,9,1,14,3,-1,-1,-1,-1,10,E01021935,0,1
2024052400342,2024,052400342,1,9,0,11,11,4,8,0,0,3,0,0,0,0,1,1,6,6,3,-1,-1,-1,-1,-1,-1,-1,-1,0,-1
202417S103124,2024,17S103124,2,97,0,18,19,1,5,0,0,8,0,0,0,0,1,1,6,6,1,16,4,-1,-1,-1,-1,-1,-1,0,-1
2024520402748,2024,520402748,2,9,0,13,13,7,3,0,0,8,0,0,0,0,4,1,6,6,3,-1,-1,-1,-1,-1,-1,-1,-1,0,-1
2024610036424,2024,610036424,2,9,0,1,1,2,6,0,0,6,0,0,0,0,2,1,6,6,1,61,9,-1,-1,-1,-1,3,W01001539,0,1
2024061423843,2024,061423843,1,9,0,-1,19,7,3,-1,0,0,0,0,0,0,3,1,-1,9,1,34,6,-1,-1,-1,-1,8,E01011244,0,4
2024522402870,2024,522402870,1,-1,0,18,19,3,7,0,0,8,0,0,0,0,1,1,6,6,1,29,6,-1,-1,-1,-1,4,E01014488,1,1
2024440376083,2024,440376083,2,21,0,3,3,4,8,0,0,0,0,0,0,0,2,1,6,6,3,-1,-1,-1,-1,-1,-1,-1,-1,0,-1
2024010489430,2024,010489430,2,9,0,10,10,1,7,0,0,4,0,0,0,0,1,1,6,6,1,53,8,-1,-1,-1,-1,2,E01032565,0,1
2024010551482,2024,010551482,2,1,0,18,19,5,1,0,0,0,5,11,0,0,1,1,6,6,1,32,6,-1,-1,-1,-1,9,E01004058,0,1
2024201462537,2024,201462537,2,1,0,-1,9,5,2,-1,0,0,0,0,8,0,3,1,-1,6,1,47,8,-1,-1,-1,-1,1,E01010374,0,1
2024010495650,2024,010495650,2,3,0,4,4,7,3,0,0,0,0,0,0,0,1,1,6,6,1,24,5,-1,-1,-1,-1,3,E01004409,0,2
2024522402836,2024,522402836,2,1,0,9,9,5,3,5,5,6,0,0,0,0,0,1,6,6,1,33,6,-1,-1,-1,-1,7,E01014698,0,1
2024161505676,2024,161505676,2,9,0,-1,4,1,5,-1,0,0,0,0,0,0,2,1,-1,9,1,48,8,-1,-1,-1,-1,5,E01010857,0,5
2024010533393,2024,010533393,1,90,0,15,15,5,1,0,0,2,0,0,0,0,1,1,6,6,1,23,5,-1,-1,-1,-1,-1,-1,0,-1
2024041524161,2024,041524161,1,9,0,-1,7,5,1,-1,0,0,0,0,0,0,4,1,-1,1,1,37,7,-1,-1,-1,-1,5,E01011197,0,4
2024411412259,2024,411412259,2,1,0,-1,9,2,8,-1,0,1,0,0,0,0,1,1,-1,6,1,21,5,-1,-1,-1,-1,9,E01023438,0,1
2024141525539,2024,141525539,2,9,0,-1,12,7,1,-1,0,0,0,0,0,0,3,9,-1,6,3,-1,-1,-1,-1,-1,-1,-1,-1,0,-1
2024041413700,2024,041413700,2,9,0,-1,19,7,3,-1,0,1,0,0,0,0,2,1,-1,9,2,80,11,-1,-1,-1,-1,9,E01025467,0,1
2024010488377,2024,010488377,1,3,0,99,99,9,9,99,99,9,9,99,9,99,9,1,1,1,1,36,7,-1,-1,-1,-1,7,E01001160,0,1
2024201482799,2024,201482799,2,9,0,-1,19,5,1,-1,0,8,0,0,0,0,1,1,-1,6,1,38,7,-1,-1,-1,-1,5,E01009289,0,1
2024461539217,2024,461539217,2,16,0,-1,19,-1,-1,-1,-1,0,0,0,0,0,3,1,-1,6,2,29,6,-1,-1,-1,-1,8,E01024015,0,2
2024010491749,2024,010491749,2,9,0,99,99,9,9,99,99,0,9,99,9,99,0,1,6,6,1,51,8,-1,-1,-1,-1,1,E01002907,0,1
2024010536734,2024,010536734,2,1,9,99,99,9,9,99,99,9,9,99,9,99,2,1,6,6,3,-1,-1,-1,-1,-1,-1,-1,-1,0,-1
2024010544725,2024,010544725,2,-1,0,9,9,4,2,0,0,1,0,0,0,0,1,1,6,6,1,25,5,-1,-1,-1,-1,6,E01000888,1,1
202454A978524,2024,54A978524,1,9,0,1,1,1,5,0,0,0,0,0,0,0,2,1,6,6,1,74,10,-1,-1,-1,-1,1,E01015541,0,1
2024201514424,2024,201514424,3,9,0,-1,5,3,5,-1,0,6,0,0,0,0,-1,9,-1,6,3,-1,-1,-1,-1,-1,-1,-1,-1,0,-1
2024991460987,2024,991460987,1,9,0,-1,6,6,6,-1,-1,0,0,0,0,0,1,1,-1,6,1,-1,-1,-1,-1,-1,-1,-1,-1,0,-1
2024131413597,2024,131413597,1,1,0,-1,-1,-1,-1,-1,-1,-1,-1,-1,-1,-1,-1,1,-1,6,3,-1,-1,-1,-1,-1,-1,-1,-1,0,-1
2024131533798,2024,131533798,1,9,0,-1,4,6,2,-1,0,1,0,0,0,0,2,1,-1,1,1,60,9,-1,-1,-1,-1,7,E01011550,0,2
2024451435400,2024,451435400,2,-1,0,-1,19,8,4,-1,0,8,0,0,0,0,1,1,-1,9,1,13,3,-1,-1,-1,-1,6,E01030312,1,1
2024010534389,2024,010534389,1,9,9,2,2,0,0,99,99,0,9,99,9,99,9,9,6,6,3,-1,-1,-1,-1,-1,-1,-1,-1,0,-1
2024010492060,2024,010492060,1,1,9,99,99,9,9,99,99,9,9,99,9,99,1,1,6,6,3,20,4,-1,-1,-1,-1,4,E01004313,0,1
2024010540041,2024,010540041,1,19,0,99,99,9,9,99,99,9,9,99,9,99,9,9,6,6,3,-1,-1,-1,-1,-1,-1,-1,-1,0,-1
2024631423305,2024,631423305,2,1,0,-1,19,6,2,-1,0,8,0,0,0,0,3,1,-1,6,1,18,4,-1,-1,-1,-1,2,W01000592,0,3
2024471482827,2024,471482827,1,9,0,-1,5,3,7,-1,0,6,0,0,1,0,3,2,-1,9,1,44,7,-1,-1,-1,-1,-1,-1,0,-1
2024041510072,2024,041510072,1,9,0,-1,19,3,7,-1,0,0,0,0,0,0,1,1,-1,6,1,62,9,-1,-1,-1,-1,3,E01012585,0,2
2024501414830,2024,501414830,7,9,0,-1,3,8,4,-1,0,0,0,0,0,0,0,1,-1,6,1,25,5,-1,-1,-1,-1,3,E01020212,0,1
2024141514803,2024,141514803,3,9,0,-1,19,7,3,-1,0,0,0,0,0,0,1,9,-1,6,3,-1,-1,-1,-1,-1,-1,-1,-1,0,-1
2024411489537,2024,411489537,1,9,-1,-1,19,1,3,-1,0,3,0,0,0,0,1,9,-1,6,3,-1,-1,-1,-1,-1,-1,-1,-1,0,-1
2024302400064,2024,302400064,1,9,0,9,9,2,8,0,0,1,0,0,0,0,1,1,6,6,2,38,7,-1,-1,-1,-1,1,E01013456,0,1
2024010504127,2024,010504127,1,9,0,9,9,3,1,0,0,8,0,0,0,0,1,1,6,6,3,-1,-1,-1,-1,-1,-1,-1,-1,0,-1
202454C112024,2024,54C112024,1,9,0,5,5,2,6,0,0,0,0,0,0,0,1,1,1,1,1,37,7,-1,-1,-1,-1,6,E01032083,0,1
2024010543663,2024,010543663,2,1,0,18,19,3,7,0,0,0,0,10,0,0,2,1,6,6,2,25,5,-1,-1,-1,-1,9,E01003807,0,1
2024061413552,2024,061413552,1,2,0,-1,19,3,7,-1,0,1,0,0,0,0,0,1,-1,6,-1,16,4,-1,-1,-1,-1,-1,-1,0,-1
2024320496925,2024,320496925,2,90,0,-1,-1,2,6,9,9,1,0,0,0,0,3,1,6,6,2,10,2,-1,-1,-1,-1,6,E01026220,0,1
2024430035745,2024,430035745,1,20,0,9,9,2,7,0,0,6,0,0,0,0,3,1,1,1,1,33,6,-1,-1,-1,-1,9,E01017759,0,1
2024481507940,2024,481507940,2,1,0,-1,19,5,1,-1,0,0,0,0,0,0,2,1,-1,9,1,33,6,-1,-1,-1,-1,-1,-1,0,-1
2024070163144,2024,070163144,1,9,0,18,19,4,8,0,0,1,0,0,0,0,1,1,6,6,3,-1,-1,-1,-1,-1,-1,-1,-1,0,-1
2024052400553,2024,052400553,2,1,0,18,19,5,1,0,0,3,0,0,0,0,1,1,6,6,1,76,11,-1,-1,-1,-1,8,E01006936,0,1
2024451534537,2024,451534537,2,1,0,-1,19,1,3,-1,0,0,0,0,0,0,3,1,-1,6,1,68,10,-1,-1,-1,-1,10,E01030404,0,1
2024548010724,2024,548010724,2,9,0,5,5,1,5,0,0,8,0,0,1,1,1,1,6,6,1,42,7,-1,-1,-1,-1,6,E01032691,0,3
2024010524567,2024,010524567,2,9,0,18,19,5,1,0,0,4,0,4,0,0,2,1,6,6,1,35,6,-1,-1,-1,-1,8,E01004156,0,1
2024161538816,2024,161538816,3,9,0,-1,19,6,2,-1,0,0,0,0,0,0,0,9,-1,8,3,-1,-1,-1,-1,-1,-1,-1,-1,0,-1
2024340WN5442,2024,340WN5442,1,-1,0,-1,19,7,3,-1,0,0,0,0,0,0,0,1,-1,1,3,-1,-1,-1,-1,-1,-1,-1,-1,1,-1
2024041471257,2024,041471257,2,1,0,-1,19,5,1,-1,4,1,0,0,1,0,3,1,-1,9,1,50,8,-1,-1,-1,-1,2,E01025124,0,2
2024010552220,2024,010552220,1,1,9,99,99,9,9,99,99,9,9,99,9,99,2,1,6,6,2,42,7,-1,-1,-1,-1,2,E01001849,0,1
2024332400278,2024,332400278,2,19,0,-1,10,5,3,-1,0,8,0,0,0,0,2,1,-1,1,1,58,9,-1,-1,-1,-1,4,E01025823,0,3
2024010495890,2024,010495890,1,1,9,18,19,3,7,99,99,8,9,99,9,99,9,1,2,2,1,51,8,-1,-1,-1,-1,8,E01016302,0,4
2024501433188,2024,501433188,2,90,0,-1,19,2,6,-1,0,0,0,0,0,0,1,9,-1,6,2,-1,-1,-1,-1,-1,-1,-1,-1,0,-1
2024161505520,2024,161505520,2,23,0,-1,19,3,7,-1,0,1,0,0,0,0,1,1,-1,6,3,-1,-1,-1,-1,-1,-1,-1,-1,0,-1
2024631471974,2024,631471974,1,9,0,-1,12,8,3,-1,0,0,1,0,0,0,1,1,-1,2,1,49,8,-1,-1,-1,-1,6,W01000679,0,1
2024010491828,2024,010491828,1,8,0,6,6,1,1,0,0,0,0,0,0,0,3,2,1,1,1,59,9,-1,-1,-1,-1,3,E01003920,0,1
2024111553106,2024,111553106,2,9,0,-1,19,6,2,-1,0,1,0,0,0,0,3,1,-1,2,2,45,7,-1,-1,-1,-1,7,E01034497,0,1
2024010494208,2024,010494208,2,3,0,18,19,5,1,0,0,1,0,0,0,0,1,1,1,1,1,28,6,-1,-1,-1,-1,3,E01000998,0,1
2024010536670,2024,010536670,2,1,0,18,19,5,1,0,0,1,0,0,0,0,1,1,6,6,1,22,5,-1,-1,-1,-1,-1,-1,0,-1
2024141446777,2024,141446777,2,1,0,-1,19,6,2,-1,0,8,0,0,0,0,1,1,-1,6,1,10,2,-1,-1,-1,-1,1,E01008013,0,1
2024430295016,2024,430295016,2,1,0,18,19,7,3,0,0,3,1,0,0,0,3,1,2,2,1,29,6,-1,-1,-1,-1,4,E01028546,0,1
2024010543859,2024,010543859,2,1,9,99,99,9,9,99,99,9,9,99,9,99,1,1,2,2,1,29,6,-1,-1,-1,-1,3,E01003172,0,1
2024010493258,2024,010493258,2,9,9,99,99,9,9,99,99,9,9,99,9,99,1,9,6,6,3,-1,-1,-1,-1,-1,-1,-1,-1,0,-1
2024010489221,2024,010489221,1,3,0,99,99,9,9,99,99,9,9,99,9,99,9,1,1,1,2,31,6,-1,-1,-1,-1,5,E01021818,0,1
2024401423143,2024,401423143,2,20,0,-1,2,0,0,-1,-1,1,0,0,1,7,2,1,-1,6,-1,-1,-1,-1,-1,-1,-1,-1,-1,0,-1
2024010501211,2024,010501211,2,9,0,99,99,9,9,99,99,6,9,99,9,99,1,9,6,6,3,-1,-1,-1,-1,-1,-1,-1,-1,0,-1
2024071009155,2024,071009155,2,1,0,-1,19,2,6,-1,0,8,0,0,0,0,4,1,-1,2,1,51,8,-1,-1,-1,-1,1,E01006820,0,1
2024221458662,2024,221458662,2,1,0,-1,19,1,5,-1,0,8,0,0,0,0,3,1,-1,9,1,43,7,-1,-1,-1,-1,7,E01014012,0,1
2024061463191,2024,061463191,1,1,0,-1,19,-1,-1,-1,0,0,5,0,1,0,3,1,-1,2,2,45,7,-1,-1,-1,-1,1,E01005380,0,1
2024010545914,2024,010545914,2,1,0,18,19,7,3,0,0,8,0,0,0,0,4,1,6,6,2,35,6,-1,-1,-1,-1,2,E01001202,0,2
2024010499699,2024,010499699,2,1,0,5,5,7,3,0,0,2,0,0,0,0,1,1,2,2,1,43,7,-1,-1,-1,-1,3,E01004567,0,1
2024161447576,2024,161447576,2,19,0,-1,19,8,4,-1,0,3,0,0,0,0,1,9,-1,6,1,-1,-1,-1,-1,-1,-1,7,E01032596,0,1
2024031394100,2024,031394100,2,9,0,-1,19,4,8,-1,0,0,0,0,0,0,4,9,-1,9,1,25,5,-1,-1,-1,-1,-1,-1,0,-1
2024010525838,2024,010525838,2,9,0,99,99,9,9,99,99,9,9,99,9,99,1,9,6,6,3,-1,-1,-1,-1,-1,-1,-1,-1,0,-1
2024549896024,2024,549896024,2,1,0,18,19,4,8,9,9,0,0,0,0,0,1,1,6,6,1,4,1,-1,-1,-1,-1,1,E01015545,0,1
2024421498587,2024,421498587,1,9,0,-1,7,8,1,-1,0,5,1,0,0,0,1,9,-1,6,2,-1,-1,-1,-1,-1,-1,-1,-1,0,-1
2024610001124,2024,610001124,1,19,0,13,13,2,6,0,0,0,0,0,0,0,4,1,6,6,3,-1,-1,-1,-1,-1,-1,-1,-1,0,-1
2024010527168,2024,010527168,2,98,0,99,99,9,9,0,0,1,0,0,7,0,0,1,6,6,3,-1,-1,-1,-1,-1,-1,-1,-1,0,-1
2024010549902,2024,010549902,2,1,0,4,4,5,1,0,0,1,0,0,0,0,1,1,6,6,3,-1,-1,-1,-1,-1,-1,-1,-1,0,-1
2024010519013,2024,010519013,1,1,9,99,99,9,9,99,99,1,9,99,9,99,9,1,2,2,1,33,6,-1,-1,-1,-1,2,E01004268,0,1
2024461528259,2024,461528259,1,9,0,-1,9,5,3,-1,0,6,0,0,0,0,1,1,-1,6,2,42,7,-1,-1,-1,-1,1,E01024667,0,1
2024010549834,2024,010549834,2,9,0,99,99,9,9,99,99,9,9,99,9,99,1,9,6,6,3,-1,-1,-1,-1,-1,-1,-1,-1,0,-1
2024461464698,2024,461464698,1,9,0,-1,19,7,3,-1,0,0,0,0,0,0,1,9,-1,6,1,-1,-1,-1,-1,-1,-1,-1,-1,0,-1
2024201444017,2024,201444017,1,99,0,-1,19,1,5,-1,0,0,0,0,0,0,4,9,-1,6,1,18,4,-1,-1,-1,-1,-1,-1,0,-1
2024131509124,2024,131509124,2,9,0,-1,19,1,1,-1,0,8,0,0,0,0,3,1,-1,6,1,39,7,-1,-1,-1,-1,1,E01011620,0,1
2024421401275,2024,421401275,1,90,0,-1,19,3,7,-1,0,0,1,0,1,4,1,1,-1,1,1,20,4,-1,-1,-1,-1,3,W01000654,0,5
2024010489202,2024,010489202,1,9,0,5,5,7,3,0,0,8,0,0,0,0,1,1,2,2,1,59,9,-1,-1,-1,-1,5,E01035487,0,1
2024010517632,2024,010517632,1,1,0,18,19,7,3,0,0,2,0,0,0,0,1,1,6,6,1,34,6,-1,-1,-1,-1,-1,-1,0,-1
2024010489082,2024,010489082,2,1,0,18,19,8,4,0,0,1,0,0,0,0,1,1,1,1,1,29,6,-1,-1,-1,-1,5,E01001389,0,1
2024101454369,2024,101454369,1,9,0,-1,9,7,1,-1,0,6,0,0,0,0,3,1,-1,6,1,60,9,-1,-1,-1,-1,7,E01016288,0,5
2024340WN4162,2024,340WN4162,1,9,0,-1,19,6,2,-1,0,0,0,0,0,0,1,1,-1,6,2,-1,-1,-1,-1,-1,-1,-1,-1,0,-1
2024430136472,2024,430136472,2,1,0,18,19,1,5,9,9,8,5,0,0,0,3,1,6,6,1,84,11,-1,-1,-1,-1,8,E01034451,0,1
2024549374724,2024,549374724,2,9,0,3,3,1,5,0,0,1,0,0,0,0,2,1,6,6,1,52,8,-1,-1,-1,-1,6,E01015568,0,1
2024010530352,2024,010530352,1,19,0,1,1,3,7,0,0,2,0,0,0,0,2,1,6,6,3,-1,-1,-1,-1,-1,-1,-1,-1,0,-1
2024552400490,2024,552400490,2,1,0,18,19,3,7,0,0,0,0,0,0,0,3,1,6,6,1,61,9,-1,-1,-1,-1,9,E01020580,0,1
2024430008235,2024,430008235,2,20,0,18,19,8,4,0,0,0,0,0,0,0,0,1,6,6,3,-1,-1,-1,-1,-1,-1,-1,-1,0,-1
2024540730924,2024,540730924,1,9,0,18,19,5,1,0,0,0,0,0,0,0,0,1,6,6,3,-1,-1,-1,-1,-1,-1,-1,-1,0,-1
2024371511555,2024,371511555,1,9,-1,-1,-1,-1,-1,-1,-1,-1,-1,-1,-1,0,1,9,-1,6,3,-1,-1,-1,-1,-1,-1,-1,-1,0,-1
2024332401059,2024,332401059,2,1,0,-1,19,1,5,-1,0,8,0,0,0,0,2,1,-1,6,2,31,6,-1,-1,-1,-1,3,E01013750,0,1
2024131401839,2024,131401839,1,9,0,-1,19,5,1,-1,0,1,0,0,0,0,1,1,-1,9,1,32,6,-1,-1,-1,-1,1,E01011316,0,1
2024010494515,2024,010494515,2,9,0,99,99,9,9,99,99,9,9,99,9,99,9,9,6,6,3,-1,-1,-1,-1,-1,-1,-1,-1,0,-1
2024451476435,2024,451476435,1,1,0,-1,19,1,3,-1,0,0,0,0,0,0,0,1,-1,6,1,36,7,-1,-1,-1,-1,9,E01030911,0,2
2024201441693,2024,201441693,1,9,0,-1,19,4,8,-1,0,0,0,0,0,0,1,1,-1,6,-1,-1,-1,-1,-1,-1,-1,-1,-1,0,-1
2024211505259,2024,211505259,1,1,0,-1,19,1,5,-1,0,1,2,0,0,0,1,1,-1,9,1,65,9,-1,-1,-1,-1,10,E01010386,0,2
2024361517046,2024,361517046,2,8,0,-1,19,5,1,-1,0,0,0,0,0,0,1,1,-1,2,1,61,9,-1,-1,-1,-1,9,E01026916,0,2
2024552401513,2024,552401513,4,9,0,9,9,4,1,0,0,5,0,0,0,0,0,1,6,6,3,-1,-1,-1,-1,-1,-1,-1,-1,0,-1
2024010540222,2024,010540222,1,1,9,99,99,9,9,99,99,9,9,99,9,99,2,1,2,2,1,51,8,-1,-1,-1,-1,8,E01023297,0,2
2024010540900,2024,010540900,1,90,0,99,99,9,9,99,99,9,9,99,9,99,0,1,6,6,3,58,9,-1,-1,-1,-1,8,E01001601,0,2
2024471485776,2024,471485776,1,9,0,-1,7,7,3,-1,0,0,0,0,0,0,4,1,-1,6,2,-1,-1,-1,-1,-1,-1,-1,-1,0,-1
2024471422978,2024,471422978,2,19,0,-1,3,-1,-1,-1,99,1,0,99,0,0,1,2,-1,6,1,-1,-1,-1,-1,-1,-1,10,E01020940,0,1
2024101403445,2024,101403445,1,9,0,-1,19,5,1,-1,0,1,0,0,0,0,4,9,-1,6,3,-1,-1,-1,-1,-1,-1,-1,-1,0,-1
2024101471284,2024,101471284,1,9,0,-1,19,7,4,-1,0,0,0,0,0,0,1,9,-1,6,3,-1,-1,-1,-1,-1,-1,-1,-1,0,-1
2024340WN2832,2024,340WN2832,2,9,0,-1,19,6,2,-1,0,1,0,0,7,11,1,1,-1,9,1,18,4,-1,-1,-1,-1,-1,-1,0,-1
2024041502359,2024,041502359,1,1,0,-1,19,1,5,-1,0,0,0,0,0,0,1,1,-1,7,1,11,3,-1,-1,-1,-1,1,E01025154,0,1
2024010520240,2024,010520240,1,9,0,18,19,7,3,0,0,1,0,0,0,0,1,1,6,6,3,-1,-1,-1,-1,-1,-1,-1,-1,0,-1
2024610026224,2024,610026224,2,9,0,9,9,8,5,0,0,8,0,0,0,0,2,1,6,6,1,83,11,-1,-1,-1,-1,5,W01001359,0,3
2024201417509,2024,201417509,1,9,0,-1,19,1,5,-1,0,1,0,0,0,0,1,9,-1,9,1,27,6,-1,-1,-1,-1,4,E01009224,0,1
2024010496230,2024,010496230,1,9,0,16,19,2,6,0,0,1,0,0,0,0,1,1,6,6,2,45,7,-1,-1,-1,-1,8,E01002922,0,3
2024320151577,2024,320151577,1,19,0,-1,-1,6,2,0,0,0,0,4,7,0,1,1,6,6,1,39,7,-1,-1,-1,-1,8,E01026394,0,4
202417H101424,2024,17H101424,2,9,0,18,19,2,6,0,0,1,0,0,0,0,1,1,6,6,2,-1,-1,-1,-1,-1,-1,-1,-1,0,-1
2024481569555,2024,481569555,2,1,0,-1,19,1,5,-1,5,8,0,0,0,0,1,1,-1,2,1,21,5,-1,-1,-1,-1,-1,-1,0,-1
2024010508345,2024,010508345,1,1,9,99,99,9,9,99,99,1,9,99,9,99,9,1,1,1,1,48,8,-1,-1,-1,-1,5,E01035707,0,1
2024430226335,2024,430226335,1,9,0,18,19,1,5,0,0,2,0,0,0,0,1,1,6,6,3,-1,-1,-1,-1,-1,-1,-1,-1,0,-1
2024010529724,2024,010529724,1,1,0,14,14,1,5,0,0,0,0,4,0,0,3,1,1,1,2,26,6,-1,-1,-1,-1,5,E01002083,0,1
2024010540012,2024,010540012,1,1,0,99,99,9,9,0,0,0,0,0,0,0,9,1,6,6,1,18,4,-1,-1,-1,-1,5,E01002330,0,2
2024430040847,2024,430040847,2,9,0,2,2,0,0,0,0,0,0,0,0,0,1,1,6,6,2,-1,-1,-1,-1,-1,-1,-1,-1,0,-1
2024231426364,2024,231426364,1,9,0,-1,19,8,4,-1,0,8,0,99,0,0,9,9,-1,6,3,30,6,-1,-1,-1,-1,-1,-1,0,-1
2024071058791,2024,071058791,1,9,9,-1,19,1,5,-1,0,0,0,0,0,0,3,9,-1,6,3,-1,-1,-1,-1,-1,-1,-1,-1,0,-1
2024052401865,2024,052401865,1,90,0,12,12,3,7,0,0,4,0,0,0,0,0,1,1,1,2,37,7,-1,-1,-1,-1,8,E01012499,0,3
2024010499035,2024,010499035,1,9,9,99,99,9,9,0,0,9,9,99,9,99,1,9,6,6,3,-1,-1,-1,-1,-1,-1,-1,-1,0,-1
2024211436190,2024,211436190,1,9,0,-1,4,4,8,-1,0,8,0,10,0,0,4,1,-1,9,1,18,4,-1,-1,-1,-1,2,E01010470,0,1
2024320677552,2024,320677552,2,1,0,-1,-1,4,8,0,0,1,5,0,0,0,4,1,6,6,2,12,3,-1,-1,-1,-1,-1,-1,0,-1
2024041515013,2024,041515013,1,9,0,-1,19,1,5,-1,0,1,0,0,0,0,1,1,-1,6,1,39,7,-1,-1,-1,-1,9,E01027021,0,5
2024351508040,2024,351508040,2,9,0,-1,19,3,7,-1,0,1,0,0,0,0,1,1,-1,7,1,35,6,-1,-1,-1,-1,7,E01035526,0,1
2024522402997,2024,522402997,1,1,0,16,19,3,6,0,0,0,0,8,0,0,1,1,6,6,1,24,5,-1,-1,-1,-1,7,E01014900,0,1
2024101440133,2024,101440133,2,1,0,-1,7,3,7,-1,0,1,2,0,0,0,1,1,-1,6,1,42,7,-1,-1,-1,-1,2,E01008698,0,1
2024610016424,2024,610016424,2,9,3,18,19,6,2,0,0,0,0,0,0,0,4,1,6,6,1,58,9,-1,-1,-1,-1,3,W01001368,0,1
2024010511337,2024,010511337,1,9,0,99,99,9,9,99,99,9,9,99,9,99,2,9,6,6,2,41,7,-1,-1,-1,-1,6,E01003760,0,2
2024430475106,2024,430475106,2,1,0,18,19,6,2,0,0,1,0,0,0,0,1,1,6,6,2,70,10,-1,-1,-1,-1,8,E01028562,0,1
2024010509980,2024,010509980,1,1,0,17,19,7,3,5,5,1,0,0,0,0,1,1,6,6,1,41,7,-1,-1,-1,-1,2,E01001349,0,1
2024991528950,2024,991528950,2,1,0,-1,19,6,1,-1,0,1,5,0,0,0,1,1,-1,2,1,37,7,-1,-1,-1,-1,7,-1,0,1
2024340WN7282,2024,340WN7282,1,9,0,-1,19,3,7,-1,0,2,0,0,0,0,1,1,-1,6,2,-1,-1,-1,-1,-1,-1,-1,-1,0,-1
2024010519833,2024,010519833,2,1,0,18,19,5,1,0,0,1,0,0,0,0,1,1,2,2,1,40,7,-1,-1,-1,-1,4,E01002641,0,1
2024010514353,2024,010514353,1,1,9,99,99,9,9,99,99,9,9,99,9,99,4,1,6,6,3,43,7,-1,-1,-1,-1,4,E01002101,0,2
2024501510602,2024,501510602,1,9,0,-1,15,1,5,-1,0,1,0,0,0,0,1,1,-1,6,3,-1,-1,-1,-1,-1,-1,-1,-1,0,-1
2024061414498,2024,061414498,2,9,0,-1,19,7,3,-1,0,0,0,0,0,0,1,1,-1,6,2,57,9,-1,-1,-1,-1,5,E01004936,0,2
2024010538936,2024,010538936,1,9,0,3,3,7,3,0,0,1,0,0,0,0,4,1,6,6,1,60,9,-1,-1,-1,-1,2,E01001505,0,3