collision_index,collision_year,collision_ref_no,vehicle_reference,vehicle_type,towing_and_articulation,vehicle_manoeuvre_historic,vehicle_manoeuvre,vehicle_direction_from,vehicle_direction_to,vehicle_location_restricted_lane_historic,vehicle_location_restricted_lane,junction_location,skidding_and_overturning,hit_object_in_carriageway,vehicle_leaving_carriageway,hit_object_off_carriageway,first_point_of_impact,vehicle_left_hand_drive,journey_purpose_of_driver_historic,journey_purpose_of_driver,sex_of_driver,age_of_driver,age_band_of_driver,engine_capacity_cc,propulsion_code,age_of_vehicle,generic_make_model,driver_imd_decile,lsoa_of_driver,escooter_flag,driver_distance_banding
2024010498766,2024,010498766,2,1,0,18,19,1,5,0,0,1,5,0,1,0,1,1,6,6,1,36,7,-1,-1,-1,-1,2,E01033883,0,3
2024522402029,2024,522402029,1,9,0,3,3,2,6,0,0,0,0,0,0,0,2,1,6,6,1,55,8,-1,-1,-1,-1,4,E01014820,0,4
2024201440847,2024,201440847,1,9,0,-1,9,8,4,-1,0,5,0,0,0,0,1,9,-1,6,3,-1,-1,-1,-1,-1,-1,-1,-1,0,-1
2024061485687,2024,061485687,1,1,9,-1,19,-1,-1,-1,0,0,5,0,0,0,3,1,-1,1,1,22,5,-1,-1,-1,-1,1,E01034138,0,1
2024010498216,2024,010498216,2,9,0,99,99,9,9,99,99,9,9,99,9,99,1,9,6,6,3,-1,-1,-1,-1,-1,-1,5,E01000443,0,1
2024351497664,2024,351497664,2,1,0,-1,-1,-1,-1,-1,-1,-1,-1,-1,-1,0,3,1,-1,2,1,54,8,-1,-1,-1,-1,5,E01017947,0,1
202454B125124,2024,54B125124,2,19,0,4,4,3,7,0,0,0,0,0,0,0,2,1,6,6,1,70,10,-1,-1,-1,-1,-1,-1,0,-1
2024010510930,2024,010510930,1,1,9,99,99,9,9,99,99,9,9,99,9,99,9,1,2,2,1,46,8,-1,-1,-1,-1,2,E01001151,0,1
2024451460595,2024,451460595,2,9,0,-1,19,5,1,-1,0,0,0,0,0,0,1,9,-1,6,2,40,7,-1,-1,-1,-1,-1,-1,0,-1
202417M116424,2024,17M116424,2,1,0,-1,19,8,4,-1,0,8,0,0,0,0,1,1,-1,9,1,15,3,-1,-1,-1,-1,-1,-1,0,-1
2024351430816,2024,351430816,2,99,0,-1,-1,-1,-1,-1,-1,0,-1,-1,-1,0,-1,9,-1,6,3,-1,-1,-1,-1,-1,-1,-1,-1,0,-1
2024131482218,2024,131482218,2,9,0,-1,19,5,1,-1,0,1,0,0,0,0,1,1,-1,9,2,40,7,-1,-1,-1,-1,5,E01011648,0,2
2024211495420,2024,211495420,1,1,0,-1,19,1,1,-1,0,0,5,0,0,0,1,1,-1,6,1,65,9,-1,-1,-1,-1,4,E01014288,0,1
2024231412074,2024,231412074,1,9,0,-1,14,4,8,-1,0,0,0,0,0,0,1,9,-1,6,1,24,5,-1,-1,-1,-1,4,E01031054,0,1
2024451400462,2024,451400462,1,1,0,-1,10,5,1,-1,0,1,0,0,0,0,1,1,-1,9,1,77,11,-1,-1,-1,-1,9,E01030760,0,1
2024010491835,2024,010491835,2,9,0,99,99,9,9,99,99,0,9,99,9,99,1,9,6,6,3,-1,-1,-1,-1,-1,-1,-1,-1,0,-1
2024010492820,2024,010492820,1,19,0,18,19,7,3,0,0,0,0,0,0,0,3,1,6,6,3,-1,-1,-1,-1,-1,-1,-1,-1,0,-1
2024401425726,2024,401425726,2,9,0,-1,19,3,7,-1,0,0,0,0,0,0,3,1,-1,9,1,67,10,-1,-1,-1,-1,9,E01033825,0,1
2024010493124,2024,010493124,1,9,0,1,1,1,5,0,0,0,0,0,0,0,2,1,6,6,1,-1,-1,-1,-1,-1,-1,-1,-1,0,-1
2024332401056,2024,332401056,1,9,0,-1,19,5,1,-1,0,8,0,0,0,0,3,1,-1,2,2,28,6,-1,-1,-1,-1,10,E01025729,0,1
2024501524805,2024,501524805,3,9,0,-1,4,3,7,-1,0,1,1,0,0,0,1,1,-1,2,1,21,5,-1,-1,-1,-1,8,E01020169,0,3
2024010487810,2024,010487810,2,9,0,4,4,5,1,0,0,4,0,0,0,0,2,1,6,6,3,-1,-1,-1,-1,-1,-1,-1,-1,0,-1
2024531460238,2024,531460238,2,1,0,-1,19,2,6,-1,0,8,5,0,0,0,4,1,-1,6,1,44,7,-1,-1,-1,-1,4,E01022331,0,1
2024010518999,2024,010518999,2,1,0,18,19,2,6,0,0,1,5,0,0,0,4,1,2,2,1,39,7,-1,-1,-1,-1,9,E01004598,0,1
2024501449967,2024,501449967,1,1,0,-1,9,3,7,-1,0,0,0,0,0,0,3,1,-1,6,1,11,3,-1,-1,-1,-1,5,E01018946,0,1
2024010534526,2024,010534526,1,1,9,7,7,2,4,0,0,1,9,99,0,0,9,1,1,1,1,63,9,-1,-1,-1,-1,3,E01003925,0,1
2024401509775,2024,401509775,2,-1,-1,-1,-1,-1,-1,-1,-1,0,-1,-1,-1,0,-1,9,-1,6,2,9,2,-1,-1,-1,-1,5,E01015777,1,1
2024501455449,2024,501455449,1,9,0,-1,5,1,5,-1,0,4,0,0,0,0,1,1,-1,9,1,19,4,-1,-1,-1,-1,4,E01018876,0,3
2024131529705,2024,131529705,1,1,0,-1,9,7,3,-1,0,1,0,0,0,0,3,1,-1,2,1,46,8,-1,-1,-1,-1,3,E01011824,0,1
2024371468254,2024,371468254,1,97,0,-1,19,1,5,-1,9,1,0,0,0,0,0,1,-1,6,1,20,4,-1,-1,-1,-1,-1,-1,0,-1
2024201519987,2024,201519987,1,9,0,-1,19,1,5,-1,0,0,0,0,0,0,1,9,-1,9,3,-1,-1,-1,-1,-1,-1,-1,-1,0,-1
2024311505853,2024,311505853,1,11,0,-1,19,4,1,-1,0,6,0,0,0,0,0,1,-1,1,2,45,7,-1,-1,-1,-1,2,E01013856,0,2
2024461427240,2024,461427240,2,9,0,-1,9,7,3,-1,0,8,0,0,0,0,3,1,-1,9,1,51,8,-1,-1,-1,-1,5,E01024054,0,2
2024622400513,2024,622400513,1,9,0,18,19,2,6,0,0,2,0,0,0,0,1,1,6,6,3,-1,-1,-1,-1,-1,-1,-1,-1,0,-1
2024471517059,2024,471517059,2,19,0,-1,2,0,0,-1,9,0,0,0,0,0,3,1,-1,6,-1,-1,-1,-1,-1,-1,-1,-1,-1,0,-1
2024070122739,2024,070122739,1,5,0,9,9,2,8,0,0,6,1,0,0,0,0,1,6,6,1,70,10,-1,-1,-1,-1,10,E01012490,0,2
2024520402731,2024,520402731,1,3,0,18,19,8,4,0,0,0,1,0,7,10,3,1,6,6,1,17,4,-1,-1,-1,-1,8,E01035232,0,4
2024101414378,2024,101414378,1,9,0,-1,19,3,7,-1,9,0,0,0,7,0,1,1,-1,9,1,18,4,-1,-1,-1,-1,-1,-1,0,-1
2024440032065,2024,440032065,2,9,0,18,19,6,2,0,0,0,0,0,0,0,1,1,2,2,1,27,6,-1,-1,-1,-1,6,E01017025,0,4
2024552401369,2024,552401369,2,1,0,17,19,8,6,0,0,8,0,0,0,0,1,1,4,7,2,15,3,-1,-1,-1,-1,7,E01015448,0,1
2024461470136,2024,461470136,2,19,0,-1,3,3,2,-1,0,0,0,0,0,0,2,1,-1,6,1,31,6,-1,-1,-1,-1,2,E01015963,0,2
2024361468667,2024,361468667,2,9,0,-1,19,3,4,-1,0,2,0,0,0,0,4,1,-1,9,2,59,9,-1,-1,-1,-1,2,E01030079,0,4
2024201473650,2024,201473650,1,-1,0,-1,19,6,2,-1,9,1,0,0,0,0,1,1,-1,6,1,-1,-1,-1,-1,-1,-1,-1,-1,1,-1
2024351534057,2024,351534057,1,1,-1,-1,19,-1,-1,-1,0,0,0,0,0,0,1,1,-1,6,3,-1,-1,-1,-1,-1,-1,-1,-1,0,-1
2024421471002,2024,421471002,2,9,0,-1,19,3,8,-1,0,1,0,0,0,0,0,9,-1,6,3,46,8,-1,-1,-1,-1,-1,-1,0,-1
2024131471723,2024,131471723,1,1,0,-1,9,1,5,-1,0,2,0,0,0,0,4,1,-1,2,1,34,6,-1,-1,-1,-1,1,E01010618,0,1
2024546379024,2024,546379024,1,9,0,18,19,7,3,0,0,1,0,0,0,0,1,1,6,6,1,80,11,-1,-1,-1,-1,8,E01022413,0,4
2024501458730,2024,501458730,1,9,0,-1,19,7,3,-1,0,4,0,10,7,1,1,1,-1,6,1,46,8,-1,-1,-1,-1,5,E01020195,0,2
2024430242540,2024,430242540,1,19,0,13,13,4,8,0,0,1,0,0,0,0,0,1,6,6,3,-1,-1,-1,-1,-1,-1,-1,-1,0,-1
2024991468533,2024,991468533,1,99,0,-1,19,3,7,-1,9,0,0,0,1,2,1,1,-1,6,1,26,6,-1,-1,-1,-1,-1,-1,0,-1
2024440152685,2024,440152685,2,9,0,5,5,1,5,0,0,4,0,0,0,0,1,1,6,6,2,-1,-1,-1,-1,-1,-1,-1,-1,0,-1
2024461444910,2024,461444910,4,9,0,-1,3,3,7,-1,0,0,0,0,0,0,2,1,-1,6,1,-1,-1,-1,-1,-1,-1,5,E01024206,0,3
2024010493657,2024,010493657,1,9,0,4,4,5,1,0,0,0,0,0,0,0,2,9,6,6,1,46,8,-1,-1,-1,-1,9,E01004158,0,1
2024071046142,2024,071046142,1,19,0,-1,12,9,9,-1,0,-1,0,0,0,0,3,-1,-1,6,1,-1,-1,-1,-1,-1,-1,-1,-1,0,-1
2024311492804,2024,311492804,2,99,0,-1,19,5,1,-1,0,0,0,0,0,0,3,1,-1,6,1,40,7,-1,-1,-1,-1,1,E01013883,0,1
2024010504463,2024,010504463,1,9,9,99,99,9,9,99,99,0,9,99,9,99,9,1,6,6,3,-1,-1,-1,-1,-1,-1,-1,-1,0,-1
2024546379024,2024,546379024,2,1,0,18,19,1,5,0,0,8,0,0,0,0,3,1,6,6,1,36,7,-1,-1,-1,-1,8,E01032057,0,3
2024201517329,2024,201517329,1,9,0,-1,19,3,6,-1,0,0,0,0,0,0,1,1,-1,9,1,21,5,-1,-1,-1,-1,1,E01009359,0,1
2024522402917,2024,522402917,1,1,0,18,19,5,1,0,0,8,0,0,0,0,3,1,6,6,1,38,7,-1,-1,-1,-1,7,E01014512,0,1
2024010489188,2024,010489188,2,5,0,13,13,3,7,0,0,2,0,0,0,0,1,1,6,6,1,25,5,-1,-1,-1,-1,3,E01034217,0,2
2024430269587,2024,430269587,2,1,0,18,19,-1,-1,0,0,1,0,0,0,0,1,1,6,6,1,48,8,-1,-1,-1,-1,-1,-1,0,-1
202417S400524,2024,17S400524,3,9,0,18,19,5,1,0,0,0,0,0,0,0,1,1,2,2,1,47,8,-1,-1,-1,-1,4,E01035202,0,2
2024070108490,2024,070108490,1,9,0,5,5,4,2,0,0,4,0,0,1,0,4,1,6,6,2,59,9,-1,-1,-1,-1,-1,-1,0,-1
2024302401395,2024,302401395,3,9,0,18,19,2,6,0,0,1,0,0,0,0,0,1,6,6,1,38,7,-1,-1,-1,-1,10,E01013560,0,1
2024548610124,2024,548610124,1,98,0,9,9,2,8,0,0,8,0,0,0,0,2,1,6,6,3,-1,-1,-1,-1,-1,-1,-1,-1,0,-1
2024010497080,2024,010497080,2,9,9,99,99,9,9,99,99,9,9,99,9,99,9,1,6,6,3,-1,-1,-1,-1,-1,-1,-1,-1,0,-1
2024471519658,2024,471519658,2,1,0,-1,19,3,7,-1,0,1,0,0,0,0,2,1,-1,9,1,14,3,-1,-1,-1,-1,2,E01032832,0,1
2024010533157,2024,010533157,2,1,0,12,12,1,5,0,0,1,0,0,0,0,3,1,6,6,1,13,3,-1,-1,-1,-1,3,E01000057,0,1
2024010493791,2024,010493791,2,9,0,99,99,9,9,99,99,9,9,99,9,99,1,9,6,6,3,49,8,-1,-1,-1,-1,-1,-1,0,-1
2024101415650,2024,101415650,2,-1,0,-1,19,2,6,-1,0,1,0,0,0,0,1,1,-1,9,1,7,2,-1,-1,-1,-1,3,E01008595,1,1
2024041470218,2024,041470218,2,9,0,-1,2,0,0,-1,0,1,0,0,0,0,2,1,-1,6,-1,-1,-1,-1,-1,-1,-1,-1,-1,0,-1
2024010527478,2024,010527478,1,9,0,18,19,8,4,0,0,1,0,0,0,0,1,1,6,6,1,49,8,-1,-1,-1,-1,4,E01000625,0,1
2024471452404,2024,471452404,1,1,0,-1,19,3,7,-1,0,1,5,0,0,0,4,1,-1,9,2,64,9,-1,-1,-1,-1,9,E01031412,0,1
2024010528664,2024,010528664,1,1,9,99,99,9,9,99,99,9,9,99,9,99,9,1,6,6,1,27,6,-1,-1,-1,-1,2,E01032579,0,1
2024501499842,2024,501499842,1,1,0,-1,14,7,3,-1,0,8,0,99,0,0,4,1,-1,9,1,75,10,-1,-1,-1,-1,4,E01018951,0,2
2024302401061,2024,302401061,1,9,0,9,9,3,8,0,0,8,0,0,0,0,1,1,6,6,3,-1,-1,-1,-1,-1,-1,5,E01019456,0,1
2024531532406,2024,531532406,1,1,0,-1,19,5,1,-1,0,0,0,0,0,0,1,1,-1,2,1,19,4,-1,-1,-1,-1,5,E01022440,0,1
2024351519725,2024,351519725,1,-1,0,-1,19,1,5,-1,0,0,0,0,0,0,1,1,-1,6,1,57,9,-1,-1,-1,-1,1,E01015658,1,1
2024211549544,2024,211549544,2,9,0,-1,2,0,0,-1,0,0,0,0,7,0,4,1,-1,6,1,67,10,-1,-1,-1,-1,9,E01029506,0,3
2024991429077,2024,991429077,111,9,0,-1,1,3,8,-1,0,0,0,0,0,0,2,1,-1,6,3,44,7,-1,-1,-1,-1,-1,-1,0,-1
2024201514431,2024,201514431,2,-1,0,-1,19,2,6,-1,0,0,5,0,0,0,1,1,-1,2,1,28,6,-1,-1,-1,-1,5,E01033559,1,1
2024010520331,2024,010520331,2,1,0,18,19,5,1,0,0,1,0,0,0,0,1,1,6,6,2,35,6,-1,-1,-1,-1,6,E01002006,0,1
2024531445781,2024,531445781,2,90,0,-1,19,5,1,-1,0,0,0,0,0,0,3,1,-1,9,1,29,6,-1,-1,-1,-1,6,E01022175,0,4
2024141449974,2024,141449974,2,-1,0,-1,19,5,1,-1,0,6,0,0,0,0,1,1,-1,9,1,-1,-1,-1,-1,-1,-1,-1,-1,1,-1
2024461440911,2024,461440911,2,1,0,-1,19,5,1,-1,0,0,0,0,0,0,4,1,-1,6,2,55,8,-1,-1,-1,-1,7,E01024547,0,1
2024010525927,2024,010525927,1,1,0,18,19,5,1,0,0,0,0,0,0,0,1,1,6,6,1,30,6,-1,-1,-1,-1,7,E01002351,0,1
2024461408742,2024,461408742,1,9,0,-1,9,4,2,-1,0,2,0,0,0,0,-1,9,-1,6,3,-1,-1,-1,-1,-1,-1,-1,-1,0,-1
2024361443764,2024,361443764,2,1,0,-1,19,1,5,-1,0,1,5,0,0,0,4,1,-1,6,1,21,5,-1,-1,-1,-1,9,E01026544,0,1
2024131431897,2024,131431897,1,1,0,-1,19,1,5,-1,0,1,0,0,0,0,1,1,-1,9,1,14,3,-1,-1,-1,-1,6,E01011734,0,1
2024631498619,2024,631498619,1,9,0,-1,5,5,1,-1,0,8,0,0,0,0,1,1,-1,6,2,56,9,-1,-1,-1,-1,6,W01000477,0,1
2024052401087,2024,052401087,2,1,0,18,19,6,2,0,0,0,0,0,0,0,1,1,6,6,1,30,6,-1,-1,-1,-1,5,E01033761,0,1
2024010494350,2024,010494350,1,1,9,99,99,9,9,99,99,9,9,99,9,99,9,1,2,2,1,55,8,-1,-1,-1,-1,5,E01004523,0,1
2024061412616,2024,061412616,4,9,0,-1,4,1,1,-1,0,1,0,0,0,0,2,9,-1,6,1,22,5,-1,-1,-1,-1,-1,-1,0,-1
2024010499685,2024,010499685,2,9,0,99,99,9,9,99,99,9,9,99,9,99,9,9,6,6,3,-1,-1,-1,-1,-1,-1,-1,-1,0,-1
2024101414512,2024,101414512,2,4,0,-1,19,5,1,-1,0,1,0,0,0,0,4,1,-1,6,1,33,6,-1,-1,-1,-1,1,E01008606,0,1
2024131410960,2024,131410960,1,9,0,-1,5,3,7,-1,0,0,0,0,7,11,1,1,-1,9,2,71,10,-1,-1,-1,-1,8,E01010574,0,1
2024010514295,2024,010514295,1,9,0,18,19,5,1,0,0,1,0,0,0,0,1,1,2,2,1,49,8,-1,-1,-1,-1,3,E01002056,0,1
2024522402041,2024,522402041,1,1,0,18,19,6,2,0,0,8,0,0,0,0,3,1,6,6,1,55,8,-1,-1,-1,-1,6,E01014960,0,2
2024010540262,2024,010540262,1,1,9,18,19,9,9,99,99,1,9,99,9,99,9,1,6,6,1,51,8,-1,-1,-1,-1,4,E01001666,0,2
2024332400979,2024,332400979,2,9,0,-1,19,8,4,-1,0,1,0,0,0,0,1,1,-1,6,3,-1,-1,-1,-1,-1,-1,-1,-1,0,-1
2024520401208,2024,520401208,2,9,0,18,19,3,1,0,0,8,0,0,0,0,1,1,6,6,1,54,8,-1,-1,-1,-1,4,E01029241,0,2
2024430482484,2024,430482484,1,1,0,18,19,7,3,0,0,8,0,0,0,0,1,1,6,6,1,37,7,-1,-1,-1,-1,5,E01016390,0,1
2024122400800,2024,122400800,1,1,0,18,19,6,2,0,0,0,0,0,0,0,1,1,6,6,1,52,8,-1,-1,-1,-1,9,E01017672,0,5
2024471531265,2024,471531265,1,9,0,-1,9,2,7,-1,0,6,0,0,0,0,3,9,-1,6,3,-1,-1,-1,-1,-1,-1,-1,-1,0,-1
2024201458132,2024,201458132,2,1,0,-1,19,7,3,-1,0,1,0,0,0,0,4,1,-1,6,1,45,7,-1,-1,-1,-1,2,E01009392,0,1
2024371417808,2024,371417808,1,9,0,-1,9,1,4,-1,0,0,0,0,0,0,1,1,-1,6,3,30,6,-1,-1,-1,-1,-1,-1,0,-1
2024302401117,2024,302401117,1,1,0,18,19,4,8,0,0,0,1,10,7,11,3,1,6,6,1,53,8,-1,-1,-1,-1,8,E01019765,0,2
2024320716336,2024,320716336,2,9,0,-1,-1,7,3,0,0,8,0,0,0,0,3,1,6,6,2,23,5,-1,-1,-1,-1,-1,-1,0,-1
2024010535801,2024,010535801,2,90,0,99,99,9,9,99,99,9,9,99,9,99,1,9,6,6,3,-1,-1,-1,-1,-1,-1,-1,-1,0,-1
2024430410704,2024,430410704,2,1,0,18,19,7,3,5,5,8,0,0,0,0,1,1,6,6,1,64,9,-1,-1,-1,-1,7,E01028639,0,1
2024211473951,2024,211473951,2,1,0,-1,19,5,1,-1,0,1,0,0,0,0,3,1,-1,9,1,71,10,-1,-1,-1,-1,8,E01029815,0,2
2024440517955,2024,440517955,1,1,0,17,19,3,1,0,0,8,0,0,0,0,4,1,2,2,1,31,6,-1,-1,-1,-1,9,E01031532,0,1
2024010506003,2024,010506003,2,1,0,18,19,8,4,0,0,2,0,0,0,0,1,1,6,6,2,25,5,-1,-1,-1,-1,7,E01000843,0,1
2024201513017,2024,201513017,1,99,0,-1,19,3,6,-1,0,0,0,8,0,0,3,9,-1,9,3,-1,-1,-1,-1,-1,-1,-1,-1,0,-1
2024010487291,2024,010487291,2,9,0,99,99,9,9,99,99,9,9,99,9,99,1,9,6,6,3,-1,-1,-1,-1,-1,-1,-1,-1,0,-1
2024141413290,2024,141413290,1,9,0,-1,19,6,2,-1,0,0,0,0,0,0,1,9,-1,6,1,65,9,-1,-1,-1,-1,2,E01007514,0,2
2024010502847,2024,010502847,2,9,0,7,7,7,1,0,0,8,0,0,0,0,1,1,6,6,3,-1,-1,-1,-1,-1,-1,-1,-1,0,-1
2024552400950,2024,552400950,1,-1,0,18,19,1,5,0,0,8,0,0,0,0,4,1,6,6,1,24,5,-1,-1,-1,-1,6,E01015361,1,1
2024010544706,2024,010544706,2,9,0,99,99,9,9,99,99,9,9,99,9,99,0,9,6,6,3,-1,-1,-1,-1,-1,-1,-1,-1,0,-1
2024340WN1422,2024,340WN1422,1,9,0,-1,7,5,1,-1,0,3,0,0,0,0,3,1,-1,6,1,-1,-1,-1,-1,-1,-1,-1,-1,0,-1
2024070291353,2024,070291353,2,1,0,18,19,5,1,0,0,0,0,0,0,0,1,1,6,6,1,78,11,-1,-1,-1,-1,10,E01018533,0,1
2024552400320,2024,552400320,1,97,0,13,13,8,4,3,2,0,0,0,0,0,4,1,6,6,3,-1,-1,-1,-1,-1,-1,-1,-1,0,-1
2024361419694,2024,361419694,1,9,0,-1,9,7,5,-1,0,8,0,0,0,0,3,1,-1,1,1,38,7,-1,-1,-1,-1,4,E01026823,0,1
2024541336224,2024,541336224,2,1,0,18,19,4,8,0,0,6,0,0,0,0,3,1,6,6,1,13,3,-1,-1,-1,-1,5,E01015505,0,1
2024010495650,2024,010495650,1,9,0,4,4,7,3,0,0,0,0,0,0,0,2,1,6,6,2,47,8,-1,-1,-1,-1,3,E01001503,0,1
2024201452844,2024,201452844,2,1,0,-1,19,2,4,-1,9,8,0,0,0,0,1,1,-1,6,1,19,4,-1,-1,-1,-1,-1,-1,0,-1
2024440321006,2024,440321006,2,1,0,18,19,7,3,9,9,0,0,0,0,0,1,1,6,6,1,-1,-1,-1,-1,-1,-1,-1,-1,0,-1
2024522401840,2024,522401840,2,9,0,18,19,5,1,0,0,1,0,0,0,0,1,1,6,6,1,45,7,-1,-1,-1,-1,7,E01014805,0,1
2024010512879,2024,010512879,1,9,9,99,99,9,9,99,99,9,9,99,9,99,2,9,6,6,3,-1,-1,-1,-1,-1,-1,6,E01003413,0,1
2024547601924,2024,547601924,1,1,0,18,19,7,3,0,0,2,0,0,0,0,1,1,6,6,2,24,5,-1,-1,-1,-1,1,E01032096,0,1
2024421467487,2024,421467487,2,9,0,-1,19,3,7,-1,0,1,0,0,0,0,1,2,-1,9,2,40,7,-1,-1,-1,-1,4,E01015962,0,1
2024031433929,2024,031433929,1,9,0,-1,7,1,3,-1,0,1,0,0,0,0,1,9,-1,9,1,80,11,-1,-1,-1,-1,-1,-1,0,-1
2024991521011,2024,991521011,1,9,0,-1,19,3,8,-1,0,0,0,0,8,10,1,1,-1,9,1,33,6,-1,-1,-1,-1,7,-1,0,5
2024201522051,2024,201522051,1,9,0,-1,13,7,5,-1,0,0,0,0,0,0,1,9,-1,6,1,53,8,-1,-1,-1,-1,4,E01010426,0,1
2024430039846,2024,430039846,2,9,0,18,19,5,1,0,0,0,0,0,0,0,2,1,6,6,1,39,7,-1,-1,-1,-1,9,E01016634,0,2
2024010491501,2024,010491501,1,9,0,9,9,2,7,0,0,8,0,0,0,0,2,1,6,6,2,29,6,-1,-1,-1,-1,7,E01024355,0,4
2024052402679,2024,052402679,2,1,0,18,19,5,1,0,0,8,0,0,0,0,4,1,6,6,1,73,10,-1,-1,-1,-1,10,E01007200,0,1
2024141467341,2024,141467341,2,9,0,-1,4,1,5,-1,0,0,0,0,0,0,2,1,-1,9,2,22,5,-1,-1,-1,-1,1,E01007764,0,3
2024161490087,2024,161490087,2,1,0,-1,19,4,8,-1,0,1,0,0,0,0,2,1,-1,2,2,37,7,-1,-1,-1,-1,1,E01013162,0,1
2024421448978,2024,421448978,2,1,0,-1,19,7,3,-1,0,0,0,0,0,0,4,1,-1,9,1,74,10,-1,-1,-1,-1,9,E01015836,0,1
2024052402401,2024,052402401,1,9,0,13,13,1,5,0,0,1,0,0,0,0,4,1,6,6,3,-1,-1,-1,-1,-1,-1,-1,-1,0,-1
2024131395457,2024,131395457,3,9,0,-1,-1,-1,-1,-1,-1,-1,-1,-1,-1,-1,-1,1,-1,6,2,38,7,-1,-1,-1,-1,2,E01011594,0,1
2024320512720,2024,320512720,2,1,0,-1,-1,6,2,0,0,8,5,0,0,0,4,1,6,6,2,55,8,-1,-1,-1,-1,2,E01026108,0,1
2024522402964,2024,522402964,2,1,0,13,13,3,7,0,0,8,0,0,0,0,1,1,6,6,1,22,5,-1,-1,-1,-1,9,E01014899,0,1
2024131449301,2024,131449301,1,9,0,-1,-1,-1,-1,-1,-1,-1,-1,-1,-1,-1,-1,1,-1,6,2,-1,-1,-1,-1,-1,-1,-1,-1,0,-1
2024041436666,2024,041436666,1,9,0,-1,1,1,5,-1,0,0,0,0,0,0,2,1,-1,9,1,62,9,-1,-1,-1,-1,3,E01025460,0,2
2024311524987,2024,311524987,2,1,0,-1,19,4,8,-1,9,8,0,0,0,0,3,1,-1,6,1,40,7,-1,-1,-1,-1,-1,-1,0,-1
2024010491844,2024,010491844,2,9,0,5,5,2,6,0,0,1,0,0,0,0,1,1,6,6,1,33,6,-1,-1,-1,-1,3,E01001351,0,2
2024161519260,2024,161519260,2,1,0,-1,19,2,6,-1,4,1,1,0,0,0,1,1,-1,6,1,46,8,-1,-1,-1,-1,3,E01012913,0,2
2024131517899,2024,131517899,1,11,0,-1,3,2,6,-1,0,8,0,0,0,0,2,2,-1,6,1,65,9,-1,-1,-1,-1,-1,-1,0,-1
2024340WN3492,2024,340WN3492,2,9,0,-1,19,2,5,-1,0,0,0,0,0,0,4,1,-1,2,2,52,8,-1,-1,-1,-1,10,E01035428,0,1
2024010490641,2024,010490641,1,9,0,5,5,1,5,0,0,0,0,0,0,0,3,1,2,2,2,44,7,-1,-1,-1,-1,2,E01004185,0,1
2024302401464,2024,302401464,2,1,0,18,19,3,7,0,0,0,0,0,0,0,1,1,4,7,1,14,3,-1,-1,-1,-1,8,E01019518,0,1
2024010490317,2024,010490317,1,1,9,99,99,9,9,99,99,9,9,99,9,99,1,1,6,6,1,28,6,-1,-1,-1,-1,2,E01003021,0,2
2024430001059,2024,430001059,1,9,0,18,19,6,2,0,0,0,0,0,7,11,2,1,6,6,1,40,7,-1,-1,-1,-1,7,E01016317,0,2
2024540751124,2024,540751124,1,9,0,18,19,6,2,0,0,0,1,0,1,4,1,1,6,6,1,40,7,-1,-1,-1,-1,6,E01020398,0,3
2024430165214,2024,430165214,1,9,0,18,19,7,3,0,0,0,0,0,0,0,4,1,6,6,1,37,7,-1,-1,-1,-1,6,E01017851,0,1
2024371495700,2024,371495700,1,98,0,-1,9,8,1,-1,0,8,0,0,0,0,3,1,-1,6,3,-1,-1,-1,-1,-1,-1,-1,-1,0,-1
2024221449447,2024,221449447,1,9,0,-1,19,8,4,-1,0,0,0,0,0,0,1,9,-1,6,1,45,7,-1,-1,-1,-1,-1,-1,0,-1
2024131490803,2024,131490803,2,1,0,-1,19,7,3,-1,0,8,0,0,0,0,2,1,-1,6,1,11,3,-1,-1,-1,-1,1,E01010817,0,1
2024010498417,2024,010498417,2,9,0,99,99,9,9,99,99,9,9,99,9,99,9,9,6,6,3,-1,-1,-1,-1,-1,-1,2,E01001249,0,1
2024031527402,2024,031527402,1,9,0,-1,7,3,5,-1,0,0,0,0,0,0,3,9,-1,6,1,-1,-1,-1,-1,-1,-1,-1,-1,0,-1
2024320409163,2024,320409163,2,1,0,-1,-1,4,8,0,0,8,5,0,0,0,3,1,6,6,2,9,2,-1,-1,-1,-1,2,E01026030,0,1
2024010548648,2024,010548648,3,9,0,18,19,1,5,0,0,4,0,4,0,0,1,1,6,6,3,-1,-1,-1,-1,-1,-1,-1,-1,0,-1
2024430475627,2024,430475627,1,9,0,15,15,-1,-1,0,0,0,0,0,0,0,4,1,3,7,2,35,6,-1,-1,-1,-1,-1,-1,0,-1
2024411524911,2024,411524911,1,9,-1,-1,-1,-1,-1,-1,-1,-1,-1,-1,-1,0,-1,9,-1,6,3,-1,-1,-1,-1,-1,-1,-1,-1,0,-1
2024010500847,2024,010500847,2,1,0,18,19,3,7,0,0,8,0,0,0,0,0,1,6,6,1,29,6,-1,-1,-1,-1,2,E01003940,0,1
2024340WN3192,2024,340WN3192,2,98,0,-1,19,5,1,-1,0,0,0,0,0,0,2,1,-1,1,1,59,9,-1,-1,-1,-1,7,E01002260,0,5
2024302400150,2024,302400150,1,9,0,18,19,5,1,0,0,1,0,0,0,0,4,1,6,6,2,64,9,-1,-1,-1,-1,-1,-1,0,-1
2024401489995,2024,401489995,2,1,0,-1,19,6,8,-1,0,1,0,0,0,0,3,1,-1,6,1,45,7,-1,-1,-1,-1,2,E01015705,0,1
2024311408332,2024,311408332,2,1,0,-1,19,7,2,-1,0,8,0,0,0,0,1,1,-1,1,1,16,4,-1,-1,-1,-1,5,E01027948,0,1
2024340NN1852,2024,340NN1852,2,9,0,-1,3,5,1,-1,0,0,0,0,0,0,2,1,-1,2,2,66,10,-1,-1,-1,-1,1,E01015661,0,4
2024141500030,2024,141500030,1,9,0,-1,19,4,8,-1,0,2,0,0,0,0,1,9,-1,6,3,-1,-1,-1,-1,-1,-1,-1,-1,0,-1
2024052402331,2024,052402331,1,1,0,18,19,7,3,0,0,0,0,0,0,0,4,1,6,6,1,33,6,-1,-1,-1,-1,2,E01006551,0,1