collision_index,collision_year,collision_ref_no,vehicle_reference,vehicle_type,towing_and_articulation,vehicle_manoeuvre_historic,vehicle_manoeuvre,vehicle_direction_from,vehicle_direction_to,vehicle_location_restricted_lane_historic,vehicle_location_restricted_lane,junction_location,skidding_and_overturning,hit_object_in_carriageway,vehicle_leaving_carriageway,hit_object_off_carriageway,first_point_of_impact,vehicle_left_hand_drive,journey_purpose_of_driver_historic,journey_purpose_of_driver,sex_of_driver,age_of_driver,age_band_of_driver,engine_capacity_cc,propulsion_code,age_of_vehicle,generic_make_model,driver_imd_decile,lsoa_of_driver,escooter_flag,driver_distance_banding
2024010522982,2024,010522982,2,1,0,18,19,5,1,0,0,8,0,0,0,0,1,1,6,6,1,15,3,-1,-1,-1,-1,-1,-1,0,-1
2024361480245,2024,361480245,1,9,0,-1,19,7,3,-1,9,0,0,0,1,0,1,9,-1,6,3,-1,-1,-1,-1,-1,-1,-1,-1,0,-1
2024052401134,2024,052401134,1,1,0,18,19,2,6,0,0,2,0,0,0,0,1,1,1,1,1,22,5,-1,-1,-1,-1,2,E01006722,0,1
2024010502258,2024,010502258,2,9,0,1,1,9,9,99,99,9,9,99,9,99,2,9,6,6,3,-1,-1,-1,-1,-1,-1,-1,-1,0,-1
2024481471143,2024,481471143,2,1,0,-1,19,1,5,-1,5,8,0,0,0,0,1,1,-1,2,1,35,6,-1,-1,-1,-1,-1,-1,0,-1
2024440142069,2024,440142069,1,9,0,5,5,5,1,0,0,0,0,0,0,0,3,1,6,6,2,58,9,-1,-1,-1,-1,5,E01017355,0,1
2024131503520,2024,131503520,2,1,0,-1,19,1,5,-1,0,8,0,0,0,0,3,1,-1,2,1,33,6,-1,-1,-1,-1,10,E01011382,0,2
2024221415681,2024,221415681,1,19,0,-1,12,3,7,-1,0,0,0,0,0,0,3,9,-1,6,1,29,6,-1,-1,-1,-1,5,E01032305,0,1
2024161408094,2024,161408094,2,1,5,-1,19,5,1,-1,0,0,0,0,0,0,2,1,-1,7,1,17,4,-1,-1,-1,-1,1,E01032595,0,1
2024010545133,2024,010545133,3,9,0,18,19,1,5,0,0,0,0,0,0,0,9,1,6,6,3,24,5,-1,-1,-1,-1,2,E01034208,0,1
2024622400228,2024,622400228,2,1,0,18,19,8,4,0,0,0,0,0,0,0,1,1,6,6,1,21,5,-1,-1,-1,-1,5,W01001824,0,1
2024430148956,2024,430148956,1,9,0,7,7,5,7,0,0,6,0,0,0,0,3,1,6,6,1,21,5,-1,-1,-1,-1,9,E01028794,0,1
2024545759524,2024,545759524,1,2,0,3,3,7,3,0,0,1,0,0,0,0,0,1,6,6,1,27,6,-1,-1,-1,-1,3,E01031856,0,3
2024421440527,2024,421440527,1,9,0,-1,19,1,5,-1,0,0,1,0,1,4,4,1,-1,9,1,25,5,-1,-1,-1,-1,4,E01035319,0,4
2024231473737,2024,231473737,1,9,0,-1,19,7,4,-1,0,0,1,0,1,11,1,1,-1,9,2,58,9,-1,-1,-1,-1,7,E01031013,0,1
2024061519972,2024,061519972,1,9,0,-1,19,5,1,-1,0,0,0,0,0,0,1,1,-1,9,3,17,4,-1,-1,-1,-1,-1,-1,0,-1
2024041404101,2024,041404101,1,9,0,-1,19,3,7,-1,0,0,0,0,0,0,1,1,-1,9,1,58,9,-1,-1,-1,-1,4,E01025605,0,1
2024430291077,2024,430291077,1,1,0,18,19,6,2,0,0,8,0,0,0,0,4,1,6,6,1,53,8,-1,-1,-1,-1,-1,-1,0,-1
2024061491614,2024,061491614,2,90,0,-1,19,1,3,-1,0,8,0,0,0,0,3,1,-1,9,2,10,2,-1,-1,-1,-1,3,E01005179,0,1
2024161528164,2024,161528164,1,1,0,-1,19,6,2,-1,0,0,0,0,0,0,-1,1,-1,6,2,55,8,-1,-1,-1,-1,2,E01012884,0,1
2024501480529,2024,501480529,1,9,0,-1,5,3,7,-1,0,2,0,0,0,0,2,1,-1,6,1,70,10,-1,-1,-1,-1,6,E01020121,0,1
2024010547043,2024,010547043,1,19,9,99,99,9,9,99,99,9,0,99,9,99,9,9,6,6,3,-1,-1,-1,-1,-1,-1,-1,-1,0,-1
2024161450290,2024,161450290,2,1,0,-1,19,7,3,-1,0,0,0,0,0,0,1,1,-1,6,1,16,4,-1,-1,-1,-1,-1,-1,0,-1
2024440380393,2024,440380393,1,9,0,4,4,1,5,0,0,1,0,0,0,0,4,1,6,6,2,17,4,-1,-1,-1,-1,2,E01032878,0,2
2024161490144,2024,161490144,2,1,0,-1,9,7,4,-1,0,0,0,0,0,0,1,1,-1,6,1,20,4,-1,-1,-1,-1,7,E01013301,0,1
2024010529461,2024,010529461,2,1,0,18,19,7,3,0,0,8,0,0,0,0,1,1,6,6,2,38,7,-1,-1,-1,-1,3,E01001785,0,1
2024010511524,2024,010511524,2,9,0,99,99,9,9,99,99,9,9,99,9,99,1,9,6,6,3,-1,-1,-1,-1,-1,-1,-1,-1,0,-1
2024430247257,2024,430247257,2,9,0,16,19,6,1,0,0,0,0,0,0,0,1,1,6,6,1,-1,-1,-1,-1,-1,-1,-1,-1,0,-1
2024340WN1822,2024,340WN1822,1,98,0,-1,11,5,1,-1,0,0,0,0,0,0,4,1,-1,1,1,47,8,-1,-1,-1,-1,-1,-1,0,-1
2024041511583,2024,041511583,1,9,0,-1,19,-1,-1,-1,0,1,0,0,0,0,1,9,-1,6,3,-1,-1,-1,-1,-1,-1,-1,-1,0,-1
2024421427323,2024,421427323,1,9,0,-1,5,3,1,-1,9,0,0,0,1,0,1,2,-1,9,2,26,6,-1,-1,-1,-1,-1,-1,0,-1
2024010495147,2024,010495147,2,9,0,99,99,9,9,99,99,9,9,99,9,99,1,9,6,6,3,-1,-1,-1,-1,-1,-1,5,E01003000,0,3
2024401451262,2024,401451262,1,9,0,-1,5,5,1,-1,0,6,0,0,0,0,1,1,-1,1,1,56,9,-1,-1,-1,-1,7,E01017427,0,1
2024010543186,2024,010543186,1,9,0,99,99,9,9,99,99,9,9,99,9,99,2,9,2,2,1,29,6,-1,-1,-1,-1,7,E01000340,0,1
2024010539267,2024,010539267,2,1,0,-1,-1,5,1,0,0,8,5,0,0,0,3,1,6,6,1,32,6,-1,-1,-1,-1,5,E01003914,0,1
2024052401192,2024,052401192,2,1,0,15,15,6,2,0,0,8,0,0,0,0,1,1,6,6,1,16,4,-1,-1,-1,-1,5,E01006475,0,1
2024010549328,2024,010549328,1,1,0,18,19,5,1,0,0,2,0,0,1,0,0,1,6,6,1,70,10,-1,-1,-1,-1,9,E01002458,0,1
2024122400616,2024,122400616,1,97,0,18,19,7,3,0,0,0,0,4,0,0,1,1,6,6,1,15,3,-1,-1,-1,-1,8,E01013401,0,1
2024141493510,2024,141493510,2,9,0,-1,-1,-1,-1,-1,-1,0,-1,-1,-1,0,-1,9,-1,6,3,-1,-1,-1,-1,-1,-1,-1,-1,0,-1
2024430327354,2024,430327354,2,1,0,18,19,1,4,4,4,8,0,0,0,0,1,1,6,6,1,17,4,-1,-1,-1,-1,3,E01016358,0,1
2024010525235,2024,010525235,1,1,9,99,99,9,9,99,99,9,9,99,9,99,2,1,6,6,1,46,8,-1,-1,-1,-1,4,E01001836,0,1
2024411416785,2024,411416785,1,9,0,-1,19,3,7,-1,0,0,0,0,0,0,1,9,-1,6,3,-1,-1,-1,-1,-1,-1,-1,-1,0,-1
2024401398471,2024,401398471,1,9,0,-1,19,2,6,-1,0,6,0,0,1,0,1,9,-1,6,2,-1,-1,-1,-1,-1,-1,-1,-1,0,-1
2024122400506,2024,122400506,1,9,0,18,19,3,7,0,0,0,0,0,0,0,1,1,6,6,3,-1,-1,-1,-1,-1,-1,-1,-1,0,-1
2024320170793,2024,320170793,1,9,0,-1,-1,4,8,0,0,8,5,0,7,0,4,1,-1,-1,1,44,7,-1,-1,-1,-1,2,E01026170,0,2
2024010496062,2024,010496062,1,9,0,18,19,7,3,0,0,0,0,0,0,0,1,1,6,6,2,54,8,-1,-1,-1,-1,2,E01001161,0,2
2024010492231,2024,010492231,1,9,0,99,99,9,9,99,99,0,9,99,9,99,9,9,6,6,1,39,7,-1,-1,-1,-1,2,E01001655,0,1
2024061454556,2024,061454556,1,9,0,-1,19,4,8,-1,0,8,0,0,0,0,1,2,-1,9,1,60,9,-1,-1,-1,-1,-1,-1,0,-1
2024010509322,2024,010509322,2,1,9,99,99,9,9,99,99,9,9,99,9,99,1,1,6,6,3,-1,-1,-1,-1,-1,-1,-1,-1,0,-1
2024991449483,2024,991449483,2,9,0,-1,2,0,0,-1,0,2,0,0,0,0,2,1,-1,9,1,20,4,-1,-1,-1,-1,-1,-1,0,-1
2024440347160,2024,440347160,2,1,0,18,19,3,7,0,0,0,0,0,0,0,2,1,6,6,1,16,4,-1,-1,-1,-1,2,E01017116,0,1
2024010490222,2024,010490222,1,3,0,99,99,9,9,99,99,9,9,99,9,99,9,1,1,1,1,24,5,-1,-1,-1,-1,5,E01001240,0,1
2024231489668,2024,231489668,1,9,0,-1,12,6,2,-1,0,8,0,0,0,0,1,9,-1,6,2,53,8,-1,-1,-1,-1,5,E01031027,0,2
2024471477763,2024,471477763,3,19,0,-1,6,1,8,-1,0,0,0,0,0,0,-1,9,-1,6,3,-1,-1,-1,-1,-1,-1,-1,-1,0,-1
2024010550943,2024,010550943,2,9,0,99,99,9,9,99,99,9,9,99,9,99,9,9,6,6,3,-1,-1,-1,-1,-1,-1,-1,-1,0,-1
2024010546892,2024,010546892,2,1,0,3,3,7,3,0,0,1,0,0,0,0,1,1,6,6,1,11,3,-1,-1,-1,-1,6,E01001198,0,1
2024421504278,2024,421504278,1,9,0,-1,4,4,8,-1,-1,0,0,0,0,0,4,9,-1,6,3,-1,-1,-1,-1,-1,-1,-1,-1,0,-1
2024552400764,2024,552400764,2,9,0,5,5,7,3,0,0,0,0,0,0,0,0,1,6,6,3,-1,-1,-1,-1,-1,-1,-1,-1,0,-1
2024991489922,2024,991489922,2,19,0,-1,-1,-1,-1,-1,-1,-1,-1,-1,-1,0,-1,1,-1,6,3,-1,-1,-1,-1,-1,-1,-1,-1,0,-1
2024010497383,2024,010497383,2,9,0,99,99,9,9,99,99,9,9,99,9,99,2,9,6,6,3,-1,-1,-1,-1,-1,-1,-1,-1,0,-1
2024311488266,2024,311488266,1,9,0,-1,5,5,1,-1,0,1,0,0,0,0,1,1,-1,6,1,31,6,-1,-1,-1,-1,4,E01028143,0,2
2024061460710,2024,061460710,1,1,0,-1,19,1,6,-1,9,0,0,0,0,0,1,1,-1,6,3,-1,-1,-1,-1,-1,-1,-1,-1,0,-1
2024161526468,2024,161526468,2,9,0,-1,19,3,7,-1,0,0,0,0,0,0,1,9,-1,6,3,-1,-1,-1,-1,-1,-1,-1,-1,0,-1
2024010487832,2024,010487832,2,9,0,2,2,0,0,0,0,0,0,0,0,0,2,1,6,6,3,-1,-1,-1,-1,-1,-1,-1,-1,0,-1
2024010492532,2024,010492532,1,3,0,99,99,9,9,99,99,1,9,99,9,99,9,1,1,1,3,36,7,-1,-1,-1,-1,3,E01003431,0,2
2024201453053,2024,201453053,1,1,0,-1,19,1,5,-1,0,6,0,0,0,0,1,1,-1,6,1,13,3,-1,-1,-1,-1,1,E01010142,0,1
2024141533630,2024,141533630,1,9,0,-1,9,3,7,-1,0,1,1,0,0,0,2,1,-1,9,1,25,5,-1,-1,-1,-1,1,E01008102,0,1
2024440083187,2024,440083187,2,9,0,4,4,8,4,0,0,0,0,0,0,0,2,1,6,6,3,-1,-1,-1,-1,-1,-1,-1,-1,0,-1
2024311465356,2024,311465356,2,98,1,-1,-1,-1,-1,-1,-1,0,-1,-1,-1,0,-1,9,-1,6,3,-1,-1,-1,-1,-1,-1,-1,-1,0,-1
2024010517738,2024,010517738,2,9,0,16,19,5,8,0,0,0,0,0,0,0,1,1,6,6,3,-1,-1,-1,-1,-1,-1,-1,-1,0,-1
2024052401826,2024,052401826,1,9,0,18,19,3,7,0,0,0,0,0,0,0,1,1,6,6,3,-1,-1,-1,-1,-1,-1,-1,-1,0,-1
2024371455278,2024,371455278,2,11,0,-1,19,-1,-1,-1,0,-1,0,0,0,0,0,9,-1,1,3,-1,-1,-1,-1,-1,-1,-1,-1,0,-1
2024461397497,2024,461397497,1,9,0,-1,5,2,4,-1,0,0,2,0,0,0,1,9,-1,2,1,34,6,-1,-1,-1,-1,9,E01024365,0,3
2024461506808,2024,461506808,1,9,0,-1,5,2,6,-1,0,6,0,0,1,11,3,1,-1,9,1,78,11,-1,-1,-1,-1,9,E01032812,0,1
2024010537459,2024,010537459,2,1,0,18,19,5,1,0,0,1,0,0,0,0,4,1,6,6,1,18,4,-1,-1,-1,-1,6,E01001091,0,2
2024010499810,2024,010499810,2,1,0,18,19,7,3,0,0,1,0,0,0,0,1,1,6,6,1,44,7,-1,-1,-1,-1,3,E01035666,0,1
2024520401925,2024,520401925,2,9,0,3,3,4,7,0,0,0,0,0,0,0,2,1,6,6,2,54,8,-1,-1,-1,-1,7,E01029092,0,1
2024471490510,2024,471490510,1,97,0,-1,19,3,7,-1,0,1,1,0,0,0,1,1,-1,6,1,-1,-1,-1,-1,-1,-1,-1,-1,0,-1
2024010496175,2024,010496175,2,9,0,18,19,3,7,0,0,2,0,0,0,0,1,1,1,1,1,49,8,-1,-1,-1,-1,2,E01000151,0,1
2024010487089,2024,010487089,1,3,0,5,5,3,7,0,0,0,0,0,0,0,1,1,1,1,1,32,6,-1,-1,-1,-1,7,E01001604,0,1
2024061515344,2024,061515344,2,9,0,-1,10,1,7,-1,0,1,0,0,0,0,1,1,-1,6,3,-1,-1,-1,-1,-1,-1,-1,-1,0,-1
2024622400538,2024,622400538,2,1,0,18,19,2,4,0,0,1,0,0,0,0,1,1,6,6,1,13,3,-1,-1,-1,-1,1,W01000835,0,1
2024481570174,2024,481570174,1,8,0,-1,2,0,0,-1,0,0,0,0,0,0,4,1,-1,1,1,50,8,-1,-1,-1,-1,-1,-1,0,-1
2024311525583,2024,311525583,1,97,0,-1,5,4,7,-1,0,0,0,0,0,0,1,1,-1,6,1,14,3,-1,-1,-1,-1,-1,-1,0,-1
2024401567518,2024,401567518,2,-1,0,-1,19,7,4,-1,0,0,0,0,0,0,1,1,-1,6,2,29,6,-1,-1,-1,-1,4,E01017535,1,1
2024041436384,2024,041436384,2,9,0,-1,19,5,1,-1,0,1,0,0,0,0,1,1,-1,9,1,20,4,-1,-1,-1,-1,9,E01012609,0,1
2024631539055,2024,631539055,2,22,0,-1,19,1,5,-1,0,0,0,0,0,0,2,1,-1,6,2,42,7,-1,-1,-1,-1,5,W01000528,0,3
2024052402557,2024,052402557,2,1,0,18,19,3,1,0,0,8,0,0,0,0,1,1,6,6,2,28,6,-1,-1,-1,-1,5,E01006527,0,1
2024010494728,2024,010494728,1,98,4,1,1,9,9,99,99,0,9,99,9,99,2,1,6,6,3,-1,-1,-1,-1,-1,-1,-1,-1,0,-1
2024440483383,2024,440483383,2,19,0,18,19,7,3,0,0,4,0,0,0,0,0,1,6,6,3,-1,-1,-1,-1,-1,-1,-1,-1,0,-1
2024541312924,2024,541312924,1,9,0,18,19,5,8,0,0,0,0,0,0,0,0,1,6,6,1,50,8,-1,-1,-1,-1,3,E01015580,0,1
2024211479391,2024,211479391,2,9,0,-1,19,2,5,-1,0,0,0,0,0,0,1,9,-1,6,1,44,7,-1,-1,-1,-1,-1,-1,0,-1
2024070213048,2024,070213048,1,19,0,18,19,8,4,0,0,0,0,0,0,0,1,1,6,6,3,-1,-1,-1,-1,-1,-1,-1,-1,0,-1
2024010513065,2024,010513065,1,1,9,99,99,9,9,99,99,9,9,99,9,99,9,1,6,6,3,-1,-1,-1,-1,-1,-1,-1,-1,0,-1
2024461492750,2024,461492750,2,1,0,-1,19,3,7,-1,0,0,0,0,0,0,1,1,-1,6,1,40,7,-1,-1,-1,-1,2,E01024093,0,1
2024421459734,2024,421459734,1,9,0,-1,19,2,6,-1,0,1,0,0,0,0,2,9,-1,6,2,-1,-1,-1,-1,-1,-1,-1,-1,0,-1
2024010534705,2024,010534705,2,9,0,99,99,9,9,99,99,9,9,99,9,99,0,9,6,6,3,-1,-1,-1,-1,-1,-1,-1,-1,0,-1
2024201436334,2024,201436334,1,97,0,-1,15,4,8,-1,0,1,0,0,0,0,1,1,-1,6,1,-1,-1,-1,-1,-1,-1,-1,-1,0,-1
2024141403267,2024,141403267,1,8,0,-1,9,1,7,-1,0,6,0,0,0,0,1,9,-1,6,3,-1,-1,-1,-1,-1,-1,-1,-1,0,-1
2024010489419,2024,010489419,1,8,0,3,3,5,1,0,0,0,0,0,0,0,2,1,2,2,1,36,7,-1,-1,-1,-1,10,E01030854,0,3
2024401521539,2024,401521539,1,9,-1,-1,-1,-1,-1,-1,-1,0,-1,-1,-1,0,-1,9,-1,6,3,-1,-1,-1,-1,-1,-1,-1,-1,0,-1
2024010535054,2024,010535054,1,1,9,99,99,9,9,99,99,9,9,99,9,99,9,1,6,6,1,70,10,-1,-1,-1,-1,5,E01023429,0,4
2024302401071,2024,302401071,1,9,0,2,2,0,0,0,0,0,0,0,0,0,3,1,6,6,3,-1,-1,-1,-1,-1,-1,-1,-1,0,-1
2024061399475,2024,061399475,2,1,-1,-1,-1,-1,-1,-1,-1,0,-1,-1,-1,0,-1,1,-1,2,1,38,7,-1,-1,-1,-1,-1,-1,0,-1
2024010527889,2024,010527889,2,1,0,-1,-1,5,1,0,0,9,9,10,0,0,0,1,6,6,1,38,7,-1,-1,-1,-1,8,E01000200,0,1
2024471482370,2024,471482370,2,1,0,-1,19,1,6,-1,0,2,0,0,0,0,3,1,-1,9,2,59,9,-1,-1,-1,-1,7,E01016878,0,1
2024332400845,2024,332400845,1,5,0,-1,19,1,4,-1,0,0,0,0,0,0,1,1,-1,9,1,60,9,-1,-1,-1,-1,8,E01019874,0,3
2024010490740,2024,010490740,1,9,0,99,99,9,9,99,99,9,9,99,9,99,9,9,2,2,2,29,6,-1,-1,-1,-1,7,E01030755,0,1
2024471502839,2024,471502839,1,9,-1,-1,-1,-1,-1,-1,0,2,0,0,0,0,-1,9,-1,6,1,-1,-1,-1,-1,-1,-1,-1,-1,0,-1
2024131484651,2024,131484651,2,1,0,-1,9,7,3,-1,0,1,1,0,0,0,4,1,-1,6,1,11,3,-1,-1,-1,-1,2,E01011805,0,1
2024010507594,2024,010507594,1,1,9,99,99,9,9,99,99,0,9,99,9,99,9,1,2,2,2,50,8,-1,-1,-1,-1,8,E01000447,0,1
2024302400327,2024,302400327,2,3,0,9,9,3,1,0,0,8,0,0,0,0,1,1,6,6,1,25,5,125,1,8,-1,3,E01013828,0,3
2024471522635,2024,471522635,2,3,0,-1,19,3,6,-1,0,1,1,0,7,0,3,1,-1,9,1,25,5,124,1,8,-1,4,E01031386,0,2
202460Q062267,2024,60Q062267,2,2,0,18,19,2,6,0,0,0,0,0,0,0,3,1,6,6,1,16,4,50,1,12,-1,-1,-1,0,-1
2024545241924,2024,545241924,2,2,0,14,14,1,5,0,0,1,0,0,0,0,1,1,6,6,1,16,4,50,1,9,-1,1,E01015545,0,1
2024361524469,2024,361524469,2,3,0,-1,19,5,1,-1,0,1,0,0,0,0,1,1,-1,9,1,18,4,125,1,7,-1,1,E01026704,0,1
2024421480271,2024,421480271,2,2,0,-1,19,1,5,-1,0,8,0,0,0,0,4,1,-1,2,1,17,4,50,1,9,-1,2,E01035164,0,1
2024302401454,2024,302401454,1,3,0,4,4,6,2,0,0,0,0,0,1,0,1,1,6,6,2,17,4,124,1,8,-1,2,E01019777,0,3
2024440084251,2024,440084251,2,3,0,16,19,2,6,0,0,0,0,0,0,0,1,1,6,6,1,23,5,124,1,8,-1,9,E01023036,0,2
2024542710524,2024,542710524,1,3,0,18,19,8,4,0,0,1,1,0,0,0,1,1,2,2,1,19,4,125,1,10,-1,8,E01032095,0,3
2024411536854,2024,411536854,1,9,0,-1,19,5,1,-1,0,1,1,0,5,6,1,1,-1,9,1,35,6,1499,8,9,-1,8,E01023557,0,2
2024201494113,2024,201494113,1,9,0,-1,19,4,8,-1,0,7,1,0,0,0,4,1,-1,6,3,30,6,1499,8,10,-1,-1,-1,0,-1
2024991436591,2024,991436591,1,5,0,-1,19,2,6,-1,0,0,2,0,1,0,0,1,-1,6,1,58,9,748,1,22,-1,4,-1,0,3
202454B354024,2024,54B354024,2,9,0,4,4,8,5,0,0,1,0,0,0,0,2,1,2,2,2,25,5,998,1,8,FORD ECOSPORT,9,E01014470,0,3
2024201448483,2024,201448483,3,9,0,-1,19,1,2,-1,0,2,0,0,0,0,1,1,-1,6,-1,-1,-1,998,1,6,FORD ECOSPORT,-1,-1,0,-1
2024061498312,2024,061498312,1,9,0,-1,9,5,2,-1,0,8,2,0,3,1,1,1,-1,9,1,23,5,998,1,2,FORD ECOSPORT,5,E01019763,0,4
2024991512861,2024,991512861,1,9,0,-1,5,6,2,-1,0,0,0,0,0,0,3,1,-1,9,1,53,8,998,1,8,FORD ECOSPORT,5,-1,0,2
2024010507250,2024,010507250,1,9,0,9,9,3,1,0,0,8,0,0,0,0,1,1,6,6,2,53,8,998,1,8,FORD ECOSPORT,7,E01017423,0,4
2024010495041,2024,010495041,3,9,0,18,19,3,7,0,0,0,0,0,1,11,2,1,6,6,2,55,8,998,1,7,FORD ECOSPORT,6,E01002541,0,1
2024991434396,2024,991434396,2,9,0,-1,19,1,5,-1,0,0,0,0,0,0,1,1,-1,9,1,35,6,998,1,5,FORD ECOSPORT,5,-1,0,2
2024991415092,2024,991415092,1,9,0,-1,7,5,7,-1,0,6,0,0,0,0,1,1,-1,9,2,81,11,998,1,5,FORD ECOSPORT,6,E01018111,0,5
2024991528574,2024,991528574,1,9,0,-1,19,7,3,-1,0,0,0,4,0,0,1,1,-1,9,2,69,10,998,1,1,FORD ECOSPORT,1,-1,0,1
2024041443074,2024,041443074,2,9,0,-1,5,5,2,-1,0,8,0,0,0,0,3,1,-1,9,2,68,10,998,1,6,FORD ECOSPORT,7,E01025576,0,1
2024010546923,2024,010546923,2,9,0,18,19,1,5,0,0,1,0,0,0,0,3,1,6,6,3,-1,-1,998,1,6,FORD ECOSPORT,-1,-1,0,-1
2024052402798,2024,052402798,1,9,0,9,9,5,3,0,0,5,0,0,0,0,1,1,6,6,2,70,10,998,1,5,FORD ECOSPORT,4,E01006853,0,1
2024201476209,2024,201476209,1,9,0,-1,19,7,3,-1,0,0,0,0,0,0,1,1,-1,9,1,42,7,998,1,2,FORD ECOSPORT,-1,-1,0,-1
2024440299228,2024,440299228,1,9,0,18,19,7,3,0,0,8,0,7,0,0,1,1,6,6,2,19,4,998,1,9,FORD ECOSPORT,2,E01022902,0,1
2024122500437,2024,122500437,1,9,0,3,3,5,1,0,0,0,0,0,0,0,4,1,6,6,1,89,11,998,1,6,FORD ECOSPORT,6,E01027692,0,1
2024041416982,2024,041416982,2,9,0,-1,4,7,3,-1,0,1,0,0,0,0,2,1,-1,9,1,66,10,998,1,2,FORD ECOSPORT,1,E01012407,0,4
2024501432984,2024,501432984,1,9,0,-1,19,3,7,-1,0,1,0,0,0,0,1,1,-1,9,2,60,9,1499,2,6,FORD ECOSPORT,4,E01020301,0,2
2024522402538,2024,522402538,1,9,0,13,13,2,6,0,0,0,0,0,0,0,4,1,6,6,1,-1,-1,1498,1,9,FORD ECOSPORT,-1,-1,0,-1
2024201435168,2024,201435168,1,9,0,-1,19,8,4,-1,0,8,0,0,0,0,1,9,-1,9,3,-1,-1,998,1,3,FORD ECOSPORT,-1,-1,0,-1
2024430442462,2024,430442462,2,9,0,18,19,6,2,0,0,8,0,0,0,0,3,1,6,6,1,51,8,998,1,5,FORD ECOSPORT,-1,-1,0,-1
2024471511087,2024,471511087,2,9,0,-1,19,5,1,-1,0,1,0,0,1,0,1,1,-1,9,1,68,10,998,1,2,FORD ECOSPORT,4,E01016902,0,1
2024421447063,2024,421447063,1,9,0,-1,1,1,5,-1,0,0,0,0,0,0,2,1,-1,6,1,37,7,998,1,4,FORD ECOSPORT,4,E01015947,0,1
2024201467507,2024,201467507,1,9,0,-1,9,1,7,-1,0,5,0,0,0,0,1,1,-1,6,1,82,11,998,1,2,FORD ECOSPORT,2,E01010041,0,1
2024010505732,2024,010505732,3,9,0,2,2,0,0,0,0,0,0,0,0,0,1,1,6,6,3,-1,-1,1499,2,8,FORD ECOSPORT,-1,-1,0,-1
2024122400985,2024,122400985,1,9,0,18,19,6,2,0,0,2,0,0,0,0,4,1,6,6,1,63,9,998,1,1,FORD ECOSPORT,4,E01027843,0,1
2024430259076,2024,430259076,1,9,0,18,19,6,2,0,0,0,0,0,0,0,3,1,6,6,2,25,5,998,1,1,FORD ECOSPORT,10,E01016639,0,2
2024131416333,2024,131416333,1,9,0,-1,19,5,1,-1,0,0,0,0,0,0,1,1,-1,9,1,40,7,998,1,1,FORD ECOSPORT,5,E01027892,0,1
2024522402802,2024,522402802,1,9,0,3,3,3,7,0,0,0,0,0,0,0,2,1,6,6,2,60,9,998,1,6,FORD ECOSPORT,8,E01014773,0,2
2024991486983,2024,991486983,1,9,0,-1,19,5,1,-1,0,0,2,0,1,0,1,1,-1,9,2,74,10,998,1,7,FORD ECOSPORT,6,-1,0,4
2024991471259,2024,991471259,1,9,0,-1,19,2,6,-1,0,0,0,0,0,0,1,1,-1,6,2,61,9,1499,2,9,FORD ECOSPORT,10,-1,0,2
2024461530550,2024,461530550,1,9,0,-1,7,2,4,-1,0,4,0,0,0,0,1,1,-1,2,1,53,8,998,1,8,FORD ECOSPORT,4,E01016141,0,1
2024421419235,2024,421419235,3,9,0,-1,3,7,3,-1,0,0,0,0,0,0,2,9,-1,6,2,63,9,998,1,7,FORD ECOSPORT,10,E01022070,0,2
2024010549445,2024,010549445,2,9,0,2,2,0,0,0,0,1,0,0,0,0,2,1,6,6,3,-1,-1,1499,2,7,FORD ECOSPORT,-1,-1,0,-1
2024052402586,2024,052402586,3,9,0,2,2,0,0,0,0,0,0,0,0,0,2,1,6,6,3,-1,-1,998,1,1,FORD ECOSPORT,-1,-1,0,-1
2024440186211,2024,440186211,1,9,0,18,19,2,6,0,0,0,0,4,0,0,1,1,6,6,2,46,8,1499,2,8,FORD ECOSPORT,4,E01017187,0,1
2024010517746,2024,010517746,1,9,0,99,99,9,9,99,99,9,9,99,9,99,9,9,2,2,2,50,8,998,1,5,FORD ECOSPORT,2,E01001218,0,2
2024010524921,2024,010524921,1,9,0,5,5,2,6,0,0,0,0,10,1,2,1,1,6,6,1,43,7,998,1,8,FORD ECOSPORT,2,E01001767,0,1
2024622400467,2024,622400467,1,9,0,9,9,8,5,0,0,5,0,0,0,0,1,1,6,6,2,26,6,998,1,5,FORD ECOSPORT,10,W01000791,0,1
2024371504433,2024,371504433,2,9,0,-1,19,5,1,-1,0,0,0,0,0,0,1,1,-1,6,2,52,8,998,1,6,FORD ECOSPORT,4,E01030187,0,1
2024471472161,2024,471472161,2,9,0,-1,8,6,1,-1,0,1,0,0,0,0,2,9,-1,6,2,53,8,1498,1,7,FORD ECOSPORT,10,E01022664,0,4
2024052402606,2024,052402606,2,9,0,4,4,8,4,0,0,1,0,0,0,0,2,1,6,6,2,52,8,998,1,1,FORD ECOSPORT,1,E01006738,0,1
2024411534316,2024,411534316,1,9,0,-1,19,3,7,-1,0,2,0,0,0,0,1,1,-1,6,-1,60,9,998,1,6,FORD ECOSPORT,9,E01023290,0,2
2024411474820,2024,411474820,2,9,0,-1,19,4,3,-1,0,0,0,0,0,0,3,1,-1,9,2,50,8,998,1,6,FORD ECOSPORT,9,E01023467,0,3
2024010535488,2024,010535488,3,9,0,3,3,5,1,0,0,8,0,0,0,0,2,1,3,7,1,34,6,1498,1,7,FORD ECOSPORT,3,E01002519,0,1
2024471487841,2024,471487841,1,9,0,-1,19,3,7,-1,0,0,0,0,1,11,1,1,-1,9,2,67,10,998,1,2,FORD ECOSPORT,6,E01031663,0,2
2024461532532,2024,461532532,2,9,0,-1,19,6,2,-1,0,1,0,0,0,0,1,1,-1,2,2,43,7,998,1,1,FORD ECOSPORT,7,E01024707,0,1
2024302400943,2024,302400943,3,9,0,4,4,3,7,0,0,1,0,0,0,0,1,1,6,6,2,65,9,998,1,5,FORD ECOSPORT,10,E01031754,0,5
2024311431320,2024,311431320,2,9,0,-1,19,3,6,-1,0,0,0,0,0,0,3,1,-1,9,2,58,9,998,1,5,FORD ECOSPORT,2,E01028186,0,1