collision_index,collision_year,collision_ref_no,vehicle_reference,vehicle_type,towing_and_articulation,vehicle_manoeuvre_historic,vehicle_manoeuvre,vehicle_direction_from,vehicle_direction_to,vehicle_location_restricted_lane_historic,vehicle_location_restricted_lane,junction_location,skidding_and_overturning,hit_object_in_carriageway,vehicle_leaving_carriageway,hit_object_off_carriageway,first_point_of_impact,vehicle_left_hand_drive,journey_purpose_of_driver_historic,journey_purpose_of_driver,sex_of_driver,age_of_driver,age_band_of_driver,engine_capacity_cc,propulsion_code,age_of_vehicle,generic_make_model,driver_imd_decile,lsoa_of_driver,escooter_flag,driver_distance_banding
2024041498314,2024,041498314,2,9,0,-1,19,7,3,-1,0,8,0,0,0,0,4,1,-1,6,2,63,9,998,1,9,FORD ECOSPORT,1,E01024895,0,1
2024411407680,2024,411407680,3,9,0,-1,4,5,1,-1,0,0,0,0,0,0,2,1,-1,2,2,48,8,998,1,2,FORD ECOSPORT,9,E01015999,0,4
2024061470416,2024,061470416,1,9,0,-1,15,4,2,-1,0,0,0,0,0,0,1,1,-1,6,2,30,6,998,1,6,FORD ECOSPORT,2,E01006295,0,1
2024161445689,2024,161445689,4,9,0,-1,2,0,0,-1,0,1,0,0,0,0,2,1,-1,6,-1,-1,-1,998,1,8,FORD ECOSPORT,-1,-1,0,-1
2024201489384,2024,201489384,1,9,0,-1,4,2,6,-1,0,0,0,0,0,0,2,1,-1,6,2,73,10,998,1,9,FORD ECOSPORT,3,E01009596,0,1
2024161414385,2024,161414385,1,9,0,-1,19,3,7,-1,0,4,0,0,0,0,3,1,-1,6,1,50,8,998,1,2,FORD ECOSPORT,1,E01013205,0,1
2024471516124,2024,471516124,2,9,0,-1,4,2,6,-1,0,0,0,0,0,0,2,1,-1,9,1,67,10,998,1,8,FORD ECOSPORT,5,E01016973,0,3
2024041458566,2024,041458566,3,9,0,-1,4,6,2,-1,0,1,0,0,0,0,1,1,-1,9,2,73,10,1498,1,9,FORD ECOSPORT,2,E01025157,0,1
2024451447589,2024,451447589,2,9,9,-1,1,1,5,-1,99,0,0,0,0,0,2,1,-1,6,2,30,6,1498,1,8,FORD ECOSPORT,-1,-1,0,-1
2024411528508,2024,411528508,2,9,0,-1,3,7,3,-1,0,4,0,0,0,0,2,1,-1,1,2,56,9,998,1,8,FORD ECOSPORT,3,E01023793,0,1
202454A910324,2024,54A910324,2,9,0,18,19,6,2,0,0,3,0,0,0,0,2,1,6,6,2,42,7,998,1,9,FORD ECOSPORT,8,E01033849,0,1
2024052402190,2024,052402190,1,9,0,18,19,7,3,0,0,2,0,0,0,0,1,1,2,2,1,23,5,1499,2,9,FORD ECOSPORT,2,E01007054,0,1
2024451531933,2024,451531933,1,9,0,-1,9,3,5,-1,0,8,0,0,0,0,1,1,-1,9,2,46,8,998,1,6,FORD ECOSPORT,8,E01030335,0,1
2024010504555,2024,010504555,2,9,0,99,99,9,9,99,99,9,9,99,9,99,9,9,6,6,3,-1,-1,998,1,5,FORD ECOSPORT,-1,-1,0,-1
2024010526757,2024,010526757,1,9,0,7,7,1,3,0,0,1,0,0,0,0,1,1,6,6,1,57,9,998,1,7,FORD ECOSPORT,-1,-1,0,-1
2024461445648,2024,461445648,2,9,0,-1,2,0,0,-1,0,0,0,0,1,0,2,1,-1,6,-1,-1,-1,998,1,4,FORD ECOSPORT,-1,-1,0,-1
2024622400487,2024,622400487,1,9,0,18,19,8,4,0,0,0,0,0,0,0,4,1,6,6,1,17,4,998,1,7,FORD ECOSPORT,1,W01001255,0,3
2024440138421,2024,440138421,1,9,0,3,3,8,4,0,0,1,0,0,0,0,2,1,6,6,2,32,6,998,1,2,FORD ECOSPORT,4,E01017135,0,1
2024201508545,2024,201508545,1,9,0,-1,19,4,8,-1,9,8,0,10,1,2,1,1,-1,9,2,34,6,998,1,8,FORD ECOSPORT,-1,-1,0,-1
2024531467586,2024,531467586,2,9,0,-1,2,0,0,-1,9,0,0,0,0,0,0,1,-1,6,-1,-1,-1,998,1,5,FORD ECOSPORT,-1,-1,0,-1
2024430491488,2024,430491488,1,9,0,5,5,5,1,-1,-1,-1,0,0,0,0,1,1,6,6,1,65,9,1499,2,7,FORD ECOSPORT,-1,-1,0,-1
2024101439055,2024,101439055,2,9,0,-1,3,3,7,-1,0,0,0,0,0,0,2,1,-1,6,2,45,7,998,1,8,FORD ECOSPORT,-1,-1,0,-1
2024531444903,2024,531444903,1,9,0,-1,19,7,3,-1,0,0,1,0,1,11,1,1,-1,6,2,31,6,998,1,6,FORD ECOSPORT,1,E01022238,0,1
2024411559488,2024,411559488,1,9,0,-1,2,0,0,-1,0,0,0,0,0,0,4,1,-1,6,3,-1,-1,998,1,7,FORD ECOSPORT,-1,-1,0,-1
2024991450892,2024,991450892,1,9,0,-1,19,4,8,-1,0,0,0,0,0,0,1,1,-1,9,1,40,7,998,1,8,FORD ECOSPORT,4,-1,0,3
2024010507670,2024,010507670,2,9,0,18,19,5,1,0,0,8,0,0,0,0,4,1,6,6,2,33,6,998,1,10,FORD ECOSPORT,6,E01000824,0,3
2024221429885,2024,221429885,1,9,0,-1,9,6,4,-1,0,6,0,0,0,0,4,9,-1,6,1,50,8,998,1,2,FORD ECOSPORT,7,E01028889,0,2
2024052402386,2024,052402386,3,9,0,2,2,0,0,0,0,0,0,0,0,0,1,1,6,6,3,-1,-1,998,1,6,FORD ECOSPORT,-1,-1,0,-1
2024461527994,2024,461527994,3,9,0,-1,3,7,3,-1,0,0,0,0,0,0,2,1,-1,6,2,38,7,1499,2,9,FORD ECOSPORT,2,E01024128,0,1
2024411529296,2024,411529296,1,9,0,-1,9,7,3,-1,0,4,0,0,0,0,1,1,-1,2,1,61,9,998,1,4,FORD ECOSPORT,3,E01023343,0,2
2024161415054,2024,161415054,1,9,0,-1,19,6,2,-1,0,0,0,0,0,0,4,1,-1,6,1,30,6,998,1,4,FORD ECOSPORT,1,E01012876,0,1
2024461487877,2024,461487877,1,9,0,-1,9,1,7,-1,0,0,0,0,0,0,1,9,-1,9,2,62,9,998,1,2,FORD ECOSPORT,6,E01024367,0,3
2024010514879,2024,010514879,2,9,0,99,99,9,9,99,99,9,9,99,9,99,1,9,6,6,3,-1,-1,998,1,6,FORD ECOSPORT,5,E01001500,0,1
2024070283720,2024,070283720,1,9,0,18,19,7,3,0,0,0,1,0,1,7,4,1,6,6,1,71,10,998,1,1,FORD ECOSPORT,1,E01006109,0,4
2024010538812,2024,010538812,3,9,0,18,19,7,3,0,0,0,0,0,0,0,4,1,6,6,2,27,6,1498,1,9,FORD ECOSPORT,3,E01021321,0,4
2024421509563,2024,421509563,1,9,0,-1,19,5,2,-1,0,0,0,0,0,0,1,1,-1,6,2,35,6,1498,1,9,FORD ECOSPORT,10,E01021345,0,2
2024361514678,2024,361514678,1,9,0,-1,19,1,5,-1,0,1,0,0,0,0,1,1,-1,6,3,-1,-1,998,1,5,FORD ECOSPORT,-1,-1,0,-1
2024471511434,2024,471511434,1,9,0,-1,19,1,5,-1,0,1,0,0,0,0,4,1,-1,9,2,51,8,1498,1,8,FORD ECOSPORT,6,E01031697,0,2
2024461426130,2024,461426130,1,9,0,-1,2,7,3,-1,0,0,0,0,0,0,3,1,-1,6,2,73,10,998,1,6,FORD ECOSPORT,7,E01024009,0,1
2024010518476,2024,010518476,3,9,0,18,19,1,5,0,0,8,0,0,0,0,1,1,6,6,2,62,9,998,1,5,FORD ECOSPORT,7,E01024133,0,3
2024141399698,2024,141399698,3,9,0,-1,2,0,0,-1,0,0,1,0,0,0,1,1,-1,6,-1,-1,-1,998,1,9,FORD ECOSPORT,-1,-1,0,-1
2024531395735,2024,531395735,1,9,0,-1,7,4,6,-1,0,4,0,0,0,0,1,1,-1,2,2,71,10,1499,2,10,FORD ECOSPORT,7,E01022165,0,1
2024371470803,2024,371470803,4,9,0,-1,4,1,5,-1,0,0,0,0,0,0,2,1,-1,6,2,64,9,998,1,6,FORD ECOSPORT,7,E01030294,0,1
2024070558065,2024,070558065,1,9,0,7,7,3,6,0,0,1,0,0,0,0,1,1,6,6,1,70,10,998,1,1,FORD ECOSPORT,1,E01012438,0,1
2024451533117,2024,451533117,1,9,0,-1,19,1,5,-1,0,0,0,0,0,0,1,1,-1,6,2,31,6,998,1,6,FORD ECOSPORT,8,E01030668,0,1
2024351401739,2024,351401739,1,9,0,-1,19,-1,-1,-1,0,0,0,0,0,0,3,9,-1,6,2,-1,-1,1499,2,7,FORD ECOSPORT,5,E01018138,0,1
2024471532038,2024,471532038,2,9,0,-1,2,0,0,-1,0,0,0,0,1,11,2,1,-1,6,-1,-1,-1,998,1,5,FORD ECOSPORT,-1,-1,0,-1
2024461535707,2024,461535707,3,9,0,-1,7,6,2,-1,0,1,0,0,0,0,4,1,-1,6,2,44,7,998,1,8,FORD ECOSPORT,9,E01016104,0,2
2024461415265,2024,461415265,2,9,0,-1,4,7,3,-1,0,0,0,0,0,0,2,1,-1,6,2,45,7,998,1,6,FORD ECOSPORT,7,E01000391,0,2
2024101416245,2024,101416245,1,9,0,-1,19,6,2,-1,0,0,0,0,0,0,1,1,-1,6,2,51,8,1499,2,10,FORD ECOSPORT,3,E01027537,0,3
2024010496031,2024,010496031,1,9,0,10,10,1,6,0,0,5,0,0,0,0,4,1,1,1,1,34,6,998,1,6,FORD ECOSPORT,3,E01003573,0,3
2024351525919,2024,351525919,3,9,0,-1,19,1,5,-1,0,0,1,1,0,0,1,1,-1,6,2,40,7,998,1,2,FORD ECOSPORT,6,E01026424,0,4
2024061433927,2024,061433927,1,9,0,-1,3,-1,-1,-1,0,0,9,0,0,0,2,1,-1,9,1,64,9,998,1,7,FORD ECOSPORT,5,E01025363,0,2
2024221534384,2024,221534384,2,9,0,-1,9,3,1,-1,0,5,0,0,7,0,3,1,-1,9,1,75,10,998,1,6,FORD ECOSPORT,4,E01009497,0,2
2024542758424,2024,542758424,2,9,0,18,19,5,1,0,0,1,0,0,0,0,3,1,6,6,2,25,5,998,1,2,FORD ECOSPORT,5,E01032004,0,4
2024430391903,2024,430391903,4,9,0,18,19,5,1,0,0,0,0,0,0,0,1,1,6,6,1,61,9,998,1,6,FORD ECOSPORT,-1,-1,0,-1
2024010530876,2024,010530876,1,9,0,9,9,5,2,0,0,3,0,0,0,0,1,1,6,6,2,43,7,998,1,6,FORD ECOSPORT,2,E01002281,0,1
2024161518490,2024,161518490,2,9,0,-1,2,0,0,-1,0,0,0,0,0,0,4,9,-1,6,-1,-1,-1,998,1,7,FORD ECOSPORT,-1,-1,0,-1
2024061450141,2024,061450141,1,9,0,-1,19,3,7,-1,9,1,5,0,0,0,1,1,-1,9,2,78,11,998,1,3,FORD ECOSPORT,1,E01005063,0,1
2024010508830,2024,010508830,2,9,0,9,9,5,3,0,0,6,0,0,0,0,1,1,6,6,2,50,8,998,1,6,FORD ECOSPORT,-1,-1,0,-1
2024010493334,2024,010493334,1,9,0,18,19,5,1,0,0,0,0,0,0,0,1,1,6,6,1,79,11,998,1,5,FORD ECOSPORT,-1,-1,0,-1
2024501417320,2024,501417320,2,9,0,-1,3,5,1,-1,0,1,1,0,0,0,2,1,-1,6,1,38,7,998,1,2,FORD ECOSPORT,4,E01020303,0,3
2024041427735,2024,041427735,3,9,0,-1,4,6,2,-1,0,0,0,0,0,0,2,1,-1,9,2,55,8,1498,1,8,FORD ECOSPORT,10,E01027576,0,3
2024010514746,2024,010514746,1,9,0,18,19,7,3,0,0,0,1,0,0,0,1,1,6,6,1,24,5,1498,1,8,FORD ECOSPORT,-1,-1,0,-1
2024440352741,2024,440352741,1,9,0,18,19,1,5,0,0,1,0,0,0,0,2,1,6,6,2,38,7,998,1,1,FORD ECOSPORT,8,E01017231,0,1
2024061438051,2024,061438051,2,9,0,-1,6,3,7,-1,0,0,0,0,0,0,3,1,-1,6,2,74,10,998,1,5,FORD ECOSPORT,6,E01005969,0,1
2024221527665,2024,221527665,2,9,0,-1,19,2,6,-1,0,1,0,0,0,0,1,1,-1,6,1,64,9,998,1,7,FORD ECOSPORT,3,E01010127,0,4
2024471414721,2024,471414721,1,9,0,-1,19,1,4,-1,0,0,2,0,0,0,1,1,-1,2,2,28,6,998,1,9,FORD ECOSPORT,6,E01021188,0,1
2024461459388,2024,461459388,2,9,0,-1,4,3,7,-1,0,4,0,0,0,0,2,9,-1,6,1,76,11,998,1,6,FORD ECOSPORT,10,E01024107,0,1
2024052402230,2024,052402230,1,9,0,18,19,3,7,0,0,1,0,0,0,0,1,1,6,6,2,51,8,1499,2,8,FORD ECOSPORT,1,E01007092,0,3
2024471481149,2024,471481149,1,9,0,-1,5,5,1,-1,0,2,0,0,0,0,3,1,-1,9,2,47,8,1498,1,8,FORD ECOSPORT,7,E01002925,0,4
2024461476707,2024,461476707,3,9,0,-1,10,1,5,-1,0,0,0,0,0,0,2,1,-1,9,1,29,6,998,1,5,FORD ECOSPORT,1,E01024397,0,1
2024070476754,2024,070476754,1,9,0,16,19,2,6,0,0,1,0,0,7,1,1,1,6,6,2,40,7,1499,2,9,FORD ECOSPORT,5,E01012478,0,3
2024991504905,2024,991504905,1,9,0,-1,19,1,4,-1,0,1,5,0,3,4,1,1,-1,6,1,74,10,998,1,5,FORD ECOSPORT,8,-1,0,1
2024421503719,2024,421503719,1,9,0,-1,19,5,1,-1,0,0,0,0,0,0,4,1,-1,2,1,39,7,998,1,5,FORD ECOSPORT,3,E01015922,0,1
2024340WN9192,2024,340WN9192,1,9,0,-1,19,7,3,-1,0,0,0,0,0,0,1,1,-1,9,2,58,9,998,1,5,FORD ECOSPORT,4,E01027245,0,1
2024010505149,2024,010505149,1,9,0,3,3,3,7,0,0,1,0,0,0,0,2,1,3,7,2,36,7,998,1,5,FORD ECOSPORT,3,E01002404,0,1
2024430562528,2024,430562528,2,9,0,18,19,4,8,0,0,0,0,0,0,0,1,1,6,6,3,25,5,998,1,5,FORD ECOSPORT,-1,-1,0,-1
2024461435345,2024,461435345,2,9,0,-1,19,1,6,-1,0,0,5,0,0,0,3,9,-1,9,1,63,9,998,1,2,FORD ECOSPORT,1,E01016032,0,4
2024461463195,2024,461463195,1,9,0,-1,19,4,3,-1,0,0,0,0,0,0,1,9,-1,9,2,74,10,998,1,6,FORD ECOSPORT,5,E01024366,0,1
2024131406709,2024,131406709,3,9,0,-1,3,1,5,-1,0,0,0,0,0,0,2,1,-1,2,1,32,6,998,1,7,FORD ECOSPORT,1,E01010926,0,2
2024141456796,2024,141456796,2,9,0,-1,19,6,6,-1,0,3,0,0,1,0,1,1,-1,9,1,78,11,998,1,6,FORD ECOSPORT,6,E01007795,0,2
2024421400113,2024,421400113,3,9,0,-1,19,6,3,-1,0,0,0,0,0,0,2,1,-1,6,2,59,9,998,1,5,FORD ECOSPORT,7,E01021882,0,2
2024440550274,2024,440550274,1,9,0,18,19,5,1,0,0,1,0,0,0,0,1,1,6,6,1,41,7,998,1,5,FORD ECOSPORT,4,E01022834,0,2
2024161484992,2024,161484992,1,9,0,-1,19,3,7,-1,0,2,0,0,1,11,4,1,-1,6,1,41,7,998,1,4,FORD ECOSPORT,1,E01012946,0,1
2024361475072,2024,361475072,1,9,0,-1,9,6,4,-1,0,8,0,0,0,0,4,1,-1,6,1,40,7,998,1,6,FORD ECOSPORT,1,E01026467,0,1
2024421460504,2024,421460504,1,9,0,-1,9,3,1,-1,0,5,0,0,0,0,4,1,-1,9,2,34,6,998,1,7,FORD ECOSPORT,6,E01021972,0,2
202460Q078115,2024,60Q078115,2,9,0,4,4,8,6,0,0,1,0,0,0,0,2,1,6,6,1,24,5,998,1,5,FORD ECOSPORT,-1,-1,0,-1
2024161396046,2024,161396046,2,9,0,-1,2,0,0,-1,0,0,0,0,0,0,1,1,-1,6,-1,-1,-1,1499,2,5,FORD ECOSPORT,-1,-1,0,-1
2024161527607,2024,161527607,2,9,0,-1,19,5,1,-1,0,0,0,0,0,0,2,1,-1,6,1,45,7,998,1,9,FORD ECOSPORT,8,E01035471,0,1
2024320199311,2024,320199311,2,9,0,-1,-1,6,2,0,0,8,1,0,1,9,3,1,6,6,2,55,8,998,1,5,FORD ECOSPORT,4,E01013179,0,2
2024421403765,2024,421403765,2,9,0,-1,4,5,1,-1,0,0,0,0,0,0,2,9,-1,6,2,81,11,998,1,7,FORD ECOSPORT,7,E01021797,0,2
2024221395967,2024,221395967,1,9,0,-1,19,5,1,-1,0,0,0,8,0,0,4,9,-1,6,2,45,7,998,1,7,FORD ECOSPORT,7,E01032382,0,1
2024421398733,2024,421398733,1,9,0,-1,19,3,7,-1,0,0,0,0,0,0,3,1,-1,6,1,42,7,998,1,7,FORD ECOSPORT,6,E01021629,0,1
2024501449897,2024,501449897,2,9,0,-1,5,5,3,-1,0,8,0,0,0,0,3,1,-1,1,1,39,7,998,1,4,FORD ECOSPORT,2,E01015168,0,1
2024052402242,2024,052402242,1,9,0,18,19,1,5,0,0,1,0,0,0,0,1,1,6,6,1,27,6,998,1,5,FORD ECOSPORT,1,E01006679,0,3
2024010509825,2024,010509825,1,9,0,9,9,5,3,0,0,6,0,10,0,0,3,1,6,6,2,61,9,998,1,7,FORD ECOSPORT,6,E01031449,0,4
2024451517886,2024,451517886,1,9,0,-1,19,4,8,-1,0,1,0,0,0,0,4,1,-1,9,2,76,11,998,1,6,FORD ECOSPORT,9,E01030477,0,2
2024991412732,2024,991412732,1,9,0,-1,7,2,4,-1,0,2,0,0,0,0,1,1,-1,9,2,35,6,998,1,1,FORD ECOSPORT,2,-1,0,1
2024201493531,2024,201493531,2,9,0,-1,13,2,6,-1,0,0,5,0,0,0,1,1,-1,6,2,61,9,1499,2,5,FORD ECOSPORT,9,E01010168,0,1
2024010531139,2024,010531139,2,9,0,99,99,9,9,99,99,9,9,99,9,99,9,9,6,6,3,82,11,1498,1,7,FORD ECOSPORT,10,E01002387,0,1
2024211460779,2024,211460779,1,9,0,-1,5,5,1,-1,0,0,0,0,0,0,1,1,-1,6,2,40,7,998,1,6,FORD ECOSPORT,-1,-1,0,-1
2024440291639,2024,440291639,2,9,0,18,19,1,5,0,0,0,0,0,0,0,1,1,1,1,2,49,8,998,1,6,FORD ECOSPORT,8,E01022786,0,1
2024320682172,2024,320682172,1,9,0,9,9,2,8,0,0,6,0,0,3,0,3,1,-1,-1,1,73,10,998,1,8,FORD ECOSPORT,4,E01013179,0,3
2024201438323,2024,201438323,2,9,0,-1,4,8,0,-1,0,0,0,0,0,0,2,9,-1,6,2,59,9,998,1,5,FORD ECOSPORT,5,E01019132,0,5
2024010515175,2024,010515175,1,9,0,18,19,5,1,0,0,1,0,0,0,0,1,1,6,6,2,35,6,998,1,9,FORD ECOSPORT,3,E01000901,0,1
2024131512985,2024,131512985,1,9,0,-1,19,3,7,-1,0,1,0,0,0,0,3,1,-1,6,3,-1,-1,998,1,9,FORD ECOSPORT,-1,-1,0,-1
2024211431260,2024,211431260,1,9,0,-1,19,2,8,-1,0,0,0,0,0,0,1,9,-1,9,2,51,8,998,1,2,FORD ECOSPORT,6,E01014119,0,4
2024430217293,2024,430217293,1,9,0,18,19,1,5,0,0,8,0,0,0,0,1,1,6,6,1,21,5,998,1,7,FORD ECOSPORT,4,E01016727,0,1
2024010537364,2024,010537364,1,9,0,9,9,5,3,0,0,5,0,0,0,0,4,1,2,2,2,43,7,998,1,5,FORD ECOSPORT,8,E01002391,0,1
2024451478015,2024,451478015,2,9,0,-1,19,1,5,-1,0,0,0,0,0,0,2,1,-1,9,1,66,10,1498,1,8,FORD ECOSPORT,8,E01035361,0,4
2024201521576,2024,201521576,4,9,0,-1,2,0,0,-1,0,0,0,0,0,0,3,9,-1,9,-1,-1,-1,1499,2,9,FORD ECOSPORT,-1,-1,0,-1
2024451454101,2024,451454101,1,9,0,-1,19,1,1,-1,0,0,0,0,0,0,2,1,-1,1,2,44,7,998,1,7,FORD ECOSPORT,2,E01002604,0,3
2024471489181,2024,471489181,2,9,0,-1,2,0,0,-1,0,0,0,0,0,0,2,1,-1,9,2,44,7,998,1,4,FORD ECOSPORT,9,E01031706,0,2
2024991472512,2024,991472512,2,9,0,-1,19,3,7,-1,0,1,0,0,0,0,1,1,-1,9,1,62,9,998,1,5,FORD ECOSPORT,7,-1,0,4
2024010542146,2024,010542146,2,9,0,99,99,9,9,0,0,0,0,0,0,0,9,9,6,6,3,-1,-1,1499,2,7,FORD ECOSPORT,-1,-1,0,-1
2024471519480,2024,471519480,3,9,0,-1,2,0,0,-1,9,0,0,0,0,0,4,1,-1,6,-1,-1,-1,998,1,6,FORD ECOSPORT,-1,-1,0,-1
2024991417437,2024,991417437,2,9,0,-1,19,1,5,-1,0,0,0,0,0,0,2,1,-1,2,2,43,7,998,1,6,FORD ECOSPORT,10,-1,0,1
2024320040494,2024,320040494,1,9,0,-1,-1,4,8,0,0,0,0,0,0,0,1,1,6,6,2,64,9,998,1,3,FORD ECOSPORT,3,E01026042,0,2
2024231462638,2024,231462638,2,9,0,-1,2,0,0,-1,0,1,0,0,0,0,4,1,-1,7,2,36,7,998,1,5,FORD ECOSPORT,8,E01035035,0,1
2024061500460,2024,061500460,1,9,0,-1,3,-1,-1,-1,0,1,9,0,0,0,2,1,-1,7,2,42,7,998,1,5,FORD ECOSPORT,5,E01004936,0,1
2024010518998,2024,010518998,2,9,0,2,2,0,0,0,0,0,0,0,0,0,2,1,6,6,3,-1,-1,998,1,5,FORD ECOSPORT,-1,-1,0,-1
2024231446018,2024,231446018,1,9,0,-1,14,1,5,-1,0,0,0,0,0,0,1,9,-1,6,1,18,4,1498,1,7,FORD ECOSPORT,-1,-1,0,-1
2024461424885,2024,461424885,1,9,0,-1,7,7,2,-1,0,0,0,0,0,0,1,9,-1,6,2,81,11,1498,1,7,FORD ECOSPORT,6,E01023977,0,1
2024340WN6112,2024,340WN6112,1,9,0,-1,19,7,3,-1,0,4,0,0,0,0,1,1,-1,6,2,73,10,998,1,5,FORD ECOSPORT,7,E01016825,0,4
2024440566605,2024,440566605,1,9,0,9,9,4,2,0,0,8,0,0,0,0,4,1,6,6,1,77,11,998,1,7,FORD ECOSPORT,8,E01022755,0,2
2024061460674,2024,061460674,1,9,0,-1,19,7,3,-1,0,0,0,7,0,0,1,1,-1,6,3,30,6,998,1,1,FORD ECOSPORT,-1,-1,0,-1
2024471515137,2024,471515137,1,9,0,-1,19,1,5,-1,0,0,5,4,0,0,1,1,-1,6,1,78,11,998,1,5,FORD ECOSPORT,9,E01031495,0,1
2024421533354,2024,421533354,1,9,0,-1,19,1,5,-1,0,0,0,0,0,0,1,1,-1,9,1,78,11,1499,2,7,FORD ECOSPORT,4,E01022016,0,1
2024461395562,2024,461395562,2,9,0,-1,19,2,6,-1,0,0,0,0,1,0,1,1,-1,6,2,53,8,998,1,4,FORD ECOSPORT,5,E01024815,0,1
2024010507126,2024,010507126,2,9,0,2,2,0,0,0,0,1,0,0,0,0,3,1,6,6,3,-1,-1,998,1,5,FORD ECOSPORT,-1,-1,0,-1
2024010551113,2024,010551113,3,9,0,5,5,8,4,0,0,1,0,0,0,0,1,1,6,6,3,-1,-1,998,1,9,FORD ECOSPORT,-1,-1,0,-1
2024010518310,2024,010518310,1,9,0,7,7,3,5,0,0,8,0,0,0,0,1,1,6,6,1,67,10,998,1,5,FORD ECOSPORT,6,E01002329,0,1
2024451399175,2024,451399175,2,9,0,-1,19,7,3,-1,0,8,0,0,0,0,1,1,-1,1,2,58,9,998,1,10,FORD ECOSPORT,5,E01030801,0,1
2024991403056,2024,991403056,1,9,0,-1,9,5,3,-1,0,8,1,0,0,0,3,1,-1,6,1,69,10,998,1,9,FORD ECOSPORT,9,E01019190,0,3
2024371453751,2024,371453751,2,9,0,-1,2,0,0,-1,-1,8,0,0,0,0,3,1,-1,9,1,66,10,1499,2,9,FORD ECOSPORT,8,E01030197,0,1
2024010542807,2024,010542807,1,9,0,99,99,9,9,99,99,9,0,99,9,99,9,9,6,6,2,78,11,998,1,6,FORD ECOSPORT,9,E01001532,0,1
2024010520577,2024,010520577,2,9,0,99,99,9,9,99,99,9,9,99,9,99,1,9,6,6,3,-1,-1,998,1,1,FORD ECOSPORT,-1,-1,0,-1
2024010521105,2024,010521105,2,9,0,18,19,1,5,0,0,0,0,0,0,0,1,1,6,6,1,60,9,998,1,6,FORD ECOSPORT,4,E01015990,0,4
2024141530980,2024,141530980,1,9,0,-1,19,1,5,-1,0,0,0,0,0,0,1,1,-1,2,1,51,8,1499,2,8,FORD ECOSPORT,2,E01007784,0,3
2024111482036,2024,111482036,2,9,0,-1,2,0,0,-1,0,0,0,0,0,0,1,1,-1,6,-1,-1,-1,998,1,2,FORD ECOSPORT,-1,-1,0,-1
2024451450238,2024,451450238,1,9,0,-1,9,3,7,-1,0,6,0,0,0,0,1,1,-1,9,2,57,9,1498,1,7,FORD ECOSPORT,7,E01030994,0,1
2024302400390,2024,302400390,1,9,0,18,19,3,7,0,0,1,0,0,0,0,1,1,3,7,2,31,6,1499,2,8,FORD ECOSPORT,3,E01019672,0,1
2024070136776,2024,070136776,1,9,0,18,19,3,7,0,0,8,0,0,0,0,3,1,6,6,1,60,9,1498,1,8,FORD ECOSPORT,-1,-1,0,-1
2024311489958,2024,311489958,2,9,0,-1,15,6,2,-1,0,0,0,0,0,0,3,1,-1,9,2,34,6,998,1,9,FORD ECOSPORT,8,E01028170,0,2
2024161540989,2024,161540989,1,9,0,-1,19,7,3,-1,0,0,0,0,1,0,3,1,-1,6,1,64,9,998,1,5,FORD ECOSPORT,6,E01012937,0,1
2024471480961,2024,471480961,1,9,0,-1,19,3,7,-1,0,1,0,0,0,0,1,1,-1,6,2,30,6,1499,2,9,FORD ECOSPORT,6,E01031782,0,1
2024471487615,2024,471487615,1,9,0,-1,19,6,2,-1,0,0,0,0,1,4,1,1,-1,9,1,70,10,998,1,8,FORD ECOSPORT,3,E01031358,0,3
2024421425551,2024,421425551,1,9,0,-1,5,8,4,-1,0,1,0,0,0,0,3,2,-1,6,1,74,10,1498,1,8,FORD ECOSPORT,1,E01022045,0,2
2024451400464,2024,451400464,2,9,0,-1,3,0,0,-1,0,6,1,0,0,0,3,1,-1,9,1,33,6,1499,2,8,FORD ECOSPORT,5,E01030555,0,2
2024010505486,2024,010505486,1,9,0,99,99,9,9,99,99,9,9,99,9,99,3,9,2,2,1,36,7,998,1,9,FORD ECOSPORT,4,E01000736,0,2
2024010533357,2024,010533357,1,9,0,4,4,5,1,0,0,1,0,0,0,0,0,1,6,6,2,48,8,1498,1,7,FORD ECOSPORT,-1,-1,0,-1
2024041523109,2024,041523109,1,9,0,-1,19,5,5,-1,9,0,0,11,0,0,1,1,-1,2,2,49,8,1499,2,8,FORD ECOSPORT,5,E01025009,0,1
2024131495923,2024,131495923,2,9,0,-1,19,5,1,-1,0,2,0,0,0,0,1,1,-1,9,1,66,10,998,1,5,FORD ECOSPORT,1,E01010626,0,1
2024481472439,2024,481472439,1,9,0,-1,19,5,1,-1,0,0,0,0,0,0,1,1,-1,9,1,35,6,998,1,5,FORD ECOSPORT,-1,-1,0,-1
2024430560902,2024,430560902,1,9,0,3,3,9,9,0,0,0,0,0,0,0,2,1,3,7,2,48,8,998,1,6,FORD ECOSPORT,10,E01016528,0,1
2024440310706,2024,440310706,1,9,0,9,9,1,5,0,0,8,0,0,0,0,1,1,6,6,2,83,11,998,1,5,FORD ECOSPORT,10,E01022995,0,1
2024340NN2252,2024,340NN2252,1,9,0,-1,9,3,1,-1,0,5,0,0,0,0,1,1,-1,6,2,48,8,998,1,8,FORD ECOSPORT,3,E01027112,0,1