collision_index,collision_year,collision_ref_no,vehicle_reference,vehicle_type,towing_and_articulation,vehicle_manoeuvre_historic,vehicle_manoeuvre,vehicle_direction_from,vehicle_direction_to,vehicle_location_restricted_lane_historic,vehicle_location_restricted_lane,junction_location,skidding_and_overturning,hit_object_in_carriageway,vehicle_leaving_carriageway,hit_object_off_carriageway,first_point_of_impact,vehicle_left_hand_drive,journey_purpose_of_driver_historic,journey_purpose_of_driver,sex_of_driver,age_of_driver,age_band_of_driver,engine_capacity_cc,propulsion_code,age_of_vehicle,generic_make_model,driver_imd_decile,lsoa_of_driver,escooter_flag,driver_distance_banding
2024131505250,2024,131505250,2,9,0,-1,5,3,7,-1,0,8,0,0,0,0,4,1,-1,9,1,26,6,998,1,8,FORD ECOSPORT,8,E01011205,0,1
2024421530377,2024,421530377,1,9,-1,-1,-1,-1,-1,-1,-1,-1,-1,-1,-1,0,-1,1,-1,6,1,-1,-1,1498,1,8,FORD ECOSPORT,7,E01021343,0,4
2024440019380,2024,440019380,1,9,0,18,19,2,6,0,0,8,0,0,0,0,1,1,6,6,1,35,6,998,1,4,FORD ECOSPORT,3,E01022908,0,1
2024201507143,2024,201507143,1,9,0,-1,4,4,8,-1,0,0,0,0,0,0,1,1,-1,6,3,25,5,998,1,7,FORD ECOSPORT,-1,-1,0,-1
2024052400922,2024,052400922,2,9,0,18,19,5,1,0,0,1,0,0,0,0,4,1,6,6,2,58,9,1498,1,8,FORD ECOSPORT,4,E01007312,0,2
2024141412629,2024,141412629,1,9,0,-1,9,5,3,-1,0,6,0,0,0,0,1,2,-1,6,2,45,7,998,1,6,FORD ECOSPORT,3,E01008016,0,2
2024351451977,2024,351451977,2,9,0,-1,19,5,1,-1,0,0,0,0,0,0,2,1,-1,9,2,66,10,998,1,4,FORD ECOSPORT,8,E01021150,0,5
2024301516431,2024,301516431,1,9,0,-1,-1,3,5,-1,-1,1,0,0,1,0,1,1,-1,-1,1,77,11,998,1,8,FORD ECOSPORT,-1,-1,0,-1
2024041420496,2024,041420496,2,9,0,-1,19,3,7,-1,0,1,0,0,0,0,4,1,-1,7,2,46,8,998,1,8,FORD ECOSPORT,2,E01025284,0,1
2024201493911,2024,201493911,1,9,0,-1,19,2,6,-1,0,0,0,0,0,0,3,1,-1,9,2,50,8,998,1,2,FORD ECOSPORT,1,E01009309,0,1
2024471425581,2024,471425581,1,9,0,-1,19,4,8,-1,0,0,0,0,0,0,1,1,-1,1,2,67,10,998,1,8,FORD ECOSPORT,6,E01021198,0,2
2024501493731,2024,501493731,1,9,0,-1,19,7,3,-1,0,8,0,0,7,1,1,1,-1,9,2,84,11,998,1,5,FORD ECOSPORT,9,E01020092,0,3
2024421412524,2024,421412524,1,9,0,-1,19,2,6,-1,0,1,1,0,0,0,1,1,-1,9,2,42,7,998,1,6,FORD ECOSPORT,6,E01021722,0,1
2024010526896,2024,010526896,1,9,0,4,4,7,3,0,0,1,0,0,0,0,1,1,6,6,2,79,11,998,1,5,FORD ECOSPORT,3,E01033744,0,1
2024010533513,2024,010533513,2,9,0,7,7,1,3,0,0,4,0,0,0,0,1,1,6,6,2,75,10,998,1,5,FORD ECOSPORT,2,E01001673,0,2
2024552400418,2024,552400418,1,9,0,18,19,4,8,0,0,0,0,0,0,0,1,1,6,6,1,59,9,1498,1,7,FORD ECOSPORT,6,E01034279,0,1
2024430606903,2024,430606903,1,9,0,3,3,1,5,0,0,1,0,0,0,0,2,1,6,6,1,57,9,998,1,2,FORD ECOSPORT,4,E01016475,0,1
2024471467949,2024,471467949,1,9,0,-1,3,8,5,-1,0,1,1,0,0,0,2,1,-1,9,2,30,6,998,1,6,FORD ECOSPORT,8,E01034820,0,1
2024010504823,2024,010504823,2,9,0,18,19,1,5,0,0,8,0,0,0,0,3,1,6,6,2,50,8,998,1,2,FORD ECOSPORT,4,E01034605,0,1
2024061503486,2024,061503486,2,9,0,-1,19,7,3,-1,0,8,0,0,0,0,1,1,-1,9,1,71,10,998,1,5,FORD ECOSPORT,1,E01006207,0,1
2024161450304,2024,161450304,1,9,0,-1,8,1,5,-1,0,1,0,0,0,0,1,1,-1,6,2,33,6,998,1,3,FORD ECOSPORT,7,E01012815,0,1
2024440046600,2024,440046600,2,9,0,7,7,7,1,0,0,6,0,0,0,0,1,1,6,6,1,75,10,998,1,7,FORD ECOSPORT,5,E01023262,0,1
2024351447093,2024,351447093,2,9,0,-1,19,1,3,-1,0,3,0,0,0,0,2,1,-1,9,2,59,9,998,1,6,FORD ECOSPORT,4,E01015614,0,1
2024522402789,2024,522402789,2,9,0,2,2,0,0,0,0,0,0,0,0,0,1,1,6,6,3,-1,-1,1499,2,8,FORD ECOSPORT,-1,-1,0,-1
2024991400149,2024,991400149,3,9,0,-1,5,1,5,-1,0,1,0,0,0,0,1,1,-1,6,2,34,6,998,1,2,FORD ECOSPORT,1,-1,0,1
2024231412107,2024,231412107,1,9,0,-1,19,8,3,-1,0,1,0,0,0,0,1,9,-1,6,3,55,8,998,1,8,FORD ECOSPORT,-1,-1,0,-1
2024320269388,2024,320269388,1,9,0,9,9,8,5,0,0,6,0,0,0,0,1,1,6,6,3,-1,-1,998,1,2,FORD ECOSPORT,-1,-1,0,-1
2024302400964,2024,302400964,1,9,0,9,9,4,2,0,0,2,0,0,0,0,1,1,2,2,2,34,6,998,1,6,FORD ECOSPORT,1,E01013486,0,1
2024231429892,2024,231429892,2,9,0,-1,19,7,3,-1,0,8,0,0,0,0,1,1,-1,6,2,34,6,998,1,6,FORD ECOSPORT,8,E01031162,0,1
2024401503375,2024,401503375,3,9,0,-1,2,0,0,-1,-1,0,0,0,0,0,0,9,-1,6,2,44,7,998,1,5,FORD ECOSPORT,7,E01017423,0,1
2024501484221,2024,501484221,2,9,0,-1,5,7,5,-1,0,6,0,0,0,0,1,1,-1,9,2,35,6,998,1,4,FORD ECOSPORT,6,E01018753,0,1
2024010545710,2024,010545710,1,9,0,9,9,7,5,0,0,2,0,0,0,0,1,1,2,2,2,53,8,998,1,6,FORD ECOSPORT,3,E01030711,0,1
2024041453997,2024,041453997,2,9,0,-1,11,3,7,-1,0,0,0,0,0,0,2,1,-1,9,1,71,10,1499,2,5,FORD ECOSPORT,7,E01025462,0,4
2024421448161,2024,421448161,2,9,0,-1,19,3,2,-1,0,8,0,0,0,0,3,1,-1,9,1,32,6,998,1,7,FORD ECOSPORT,2,E01000064,0,4
2024461466970,2024,461466970,2,9,0,-1,19,1,5,-1,0,1,0,0,0,0,1,1,-1,9,2,37,7,998,1,9,FORD ECOSPORT,3,E01001082,0,2
2024041448711,2024,041448711,1,9,0,-1,19,5,1,-1,-1,0,0,0,1,0,3,1,-1,9,1,60,9,998,1,7,FORD ECOSPORT,8,E01034351,0,1
2024332400073,2024,332400073,1,9,0,-1,19,2,5,-1,0,1,5,10,1,9,1,1,-1,6,1,48,8,998,1,2,FORD ECOSPORT,-1,-1,0,-1
2024010505489,2024,010505489,1,9,0,99,99,9,9,99,99,9,9,99,9,99,2,9,2,2,1,36,7,998,1,9,FORD ECOSPORT,4,E01000736,0,2
2024991516169,2024,991516169,2,9,0,-1,19,7,3,-1,0,0,5,0,7,11,1,1,-1,9,2,73,10,998,1,1,FORD ECOSPORT,7,-1,0,5
2024351473771,2024,351473771,1,9,0,-1,5,4,8,-1,0,5,0,0,0,0,3,1,-1,1,1,46,8,998,1,4,FORD ECOSPORT,6,E01017963,0,1
2024421529878,2024,421529878,1,9,0,-1,19,1,4,-1,0,0,1,0,1,4,1,1,-1,9,2,24,5,998,1,8,FORD ECOSPORT,6,E01021261,0,2
2024070286958,2024,070286958,2,9,0,2,2,0,0,0,0,1,0,0,0,0,1,1,6,6,2,63,9,998,1,10,FORD ECOSPORT,3,E01018631,0,1
2024622400515,2024,622400515,2,9,0,4,4,3,6,0,0,1,0,0,0,0,1,1,6,6,2,57,9,998,1,5,FORD ECOSPORT,3,W01001963,0,3
2024010489623,2024,010489623,1,9,0,13,13,5,1,0,0,1,5,7,7,0,1,2,6,6,1,20,4,998,1,5,FORD ECOSPORT,6,E01021794,0,3
2024010529950,2024,010529950,1,9,0,99,99,9,9,99,99,9,9,99,9,99,9,9,6,6,1,25,5,998,1,8,FORD ECOSPORT,2,E01033586,0,3
2024421519617,2024,421519617,2,9,0,-1,19,3,7,-1,0,8,0,0,0,0,1,1,-1,6,2,47,8,998,1,8,FORD ECOSPORT,5,E01015888,0,1
2024522401955,2024,522401955,1,9,0,18,19,4,8,0,0,1,0,0,0,0,3,1,6,6,1,79,11,998,1,5,FORD ECOSPORT,4,E01022161,0,4
2024052401987,2024,052401987,1,9,0,18,19,7,3,0,0,1,0,0,0,0,4,1,6,6,2,39,7,998,1,6,FORD ECOSPORT,1,E01006658,0,1
2024211443655,2024,211443655,1,9,0,-1,4,3,1,-1,0,1,0,0,0,0,1,1,-1,6,1,77,11,1499,2,9,FORD ECOSPORT,8,E01029519,0,1
2024440382560,2024,440382560,1,9,0,18,19,6,3,0,0,6,0,0,0,0,3,1,6,6,1,35,6,998,1,5,FORD ECOSPORT,9,E01014955,0,4
2024052401931,2024,052401931,2,9,0,18,19,7,3,0,0,8,0,0,0,0,0,1,6,6,2,37,7,1499,2,10,FORD ECOSPORT,1,E01006548,0,1
2024451500077,2024,451500077,2,9,0,-1,19,3,7,-1,0,0,0,0,8,0,1,1,-1,2,2,50,8,1498,1,7,FORD ECOSPORT,9,E01030975,0,1
2024052402545,2024,052402545,1,9,0,4,4,5,1,0,0,1,0,0,0,0,3,1,3,7,1,50,8,1498,1,9,FORD ECOSPORT,1,E01006790,0,1
2024471503698,2024,471503698,2,9,0,-1,4,1,5,-1,0,0,5,0,0,0,2,1,-1,9,2,53,8,998,1,4,FORD ECOSPORT,7,E01035329,0,1
2024430003793,2024,430003793,2,9,0,3,3,2,6,0,0,0,0,0,0,0,2,1,6,6,1,26,6,998,1,9,FORD ECOSPORT,6,E01028523,0,1
2024991468594,2024,991468594,2,9,0,-1,9,4,2,-1,0,5,0,0,0,0,1,1,-1,6,2,69,10,998,1,6,FORD ECOSPORT,5,-1,0,5
2024061450014,2024,061450014,1,9,0,-1,19,1,5,-1,0,1,5,10,3,11,1,2,-1,9,1,79,11,998,1,6,FORD ECOSPORT,8,E01006024,0,1
2024332400502,2024,332400502,1,9,0,-1,19,1,5,-1,0,1,0,0,0,0,1,1,-1,1,1,49,8,998,1,5,FORD ECOSPORT,2,E01013610,0,1
2024610020824,2024,610020824,1,9,0,3,3,5,1,0,0,4,0,0,0,0,1,1,6,6,2,65,9,998,1,2,FORD ECOSPORT,3,W01001541,0,2
2024421453961,2024,421453961,1,9,0,-1,9,2,7,-1,0,6,0,0,0,0,4,1,-1,6,1,88,11,1498,1,7,FORD ECOSPORT,7,E01034085,0,1
2024501534627,2024,501534627,1,9,0,-1,4,3,7,-1,0,0,0,0,0,0,2,1,-1,6,2,47,8,1499,2,8,FORD ECOSPORT,6,E01015174,0,1
2024052402865,2024,052402865,1,9,0,18,19,5,1,0,0,0,5,0,0,0,1,1,6,6,2,75,10,998,1,1,FORD ECOSPORT,7,E01006947,0,1
2024070608811,2024,070608811,1,9,0,18,19,3,7,0,0,1,0,0,0,0,1,1,6,6,2,52,8,998,1,2,FORD ECOSPORT,10,E01006203,0,3
2024041407426,2024,041407426,2,9,0,-1,19,4,2,-1,0,2,0,0,0,0,4,1,-1,9,2,41,7,998,1,9,FORD ECOSPORT,2,E01024893,0,1
2024101461601,2024,101461601,2,9,0,-1,8,4,7,-1,0,1,0,0,0,0,2,1,-1,7,1,45,7,998,1,4,FORD ECOSPORT,3,E01008594,0,2
2024991511673,2024,991511673,1,9,0,-1,12,7,3,-1,0,0,0,0,0,0,3,1,-1,6,1,37,7,998,1,6,FORD ECOSPORT,1,-1,0,1
2024421448978,2024,421448978,1,9,0,-1,1,1,5,-1,0,0,0,0,0,0,2,1,-1,9,2,67,10,998,1,7,FORD ECOSPORT,9,E01015836,0,1
2024461451002,2024,461451002,3,9,0,-1,2,1,1,-1,0,2,0,0,0,0,1,1,-1,1,2,63,9,998,1,5,FORD ECOSPORT,2,E01024295,0,1
2024010551116,2024,010551116,1,9,0,15,15,1,5,0,0,4,0,0,0,0,1,1,6,6,1,32,6,998,1,9,FORD ECOSPORT,2,E01002096,0,3
2024461443943,2024,461443943,6,9,0,-1,2,0,0,-1,0,0,0,0,0,0,2,1,-1,6,-1,64,9,998,1,1,FORD ECOSPORT,-1,-1,0,-1
2024332401005,2024,332401005,1,9,0,-1,19,4,8,-1,0,0,0,0,1,11,1,1,-1,9,1,86,11,998,1,7,FORD ECOSPORT,10,E01025944,0,2
2024461467124,2024,461467124,1,9,0,-1,19,8,6,-1,0,6,1,0,7,11,1,1,-1,9,1,50,8,998,1,4,FORD ECOSPORT,-1,-1,0,-1
2024501464257,2024,501464257,2,9,0,-1,19,1,5,-1,0,0,0,0,0,0,4,1,-1,9,1,31,6,998,1,3,FORD ECOSPORT,9,E01015130,0,2
2024991462285,2024,991462285,1,9,0,-1,19,7,3,-1,0,0,0,4,0,0,1,1,-1,2,2,49,8,998,1,2,FORD ECOSPORT,7,-1,0,1
2024991493893,2024,991493893,1,9,0,-1,19,2,6,-1,0,0,1,0,0,0,1,1,-1,2,2,53,8,998,1,6,FORD ECOSPORT,4,-1,0,1
2024631428503,2024,631428503,2,9,0,-1,20,0,0,-1,0,0,0,0,0,0,3,1,-1,6,-1,-1,-1,998,1,5,FORD ECOSPORT,-1,-1,0,-1
2024991483777,2024,991483777,2,9,0,-1,19,3,7,-1,0,8,0,0,0,0,1,1,-1,9,2,31,6,998,1,6,FORD ECOSPORT,1,-1,0,2
2024440220176,2024,440220176,1,9,0,18,19,1,5,0,0,8,0,0,1,2,1,1,6,6,2,34,6,998,1,2,FORD ECOSPORT,2,E01022901,0,1
2024421490095,2024,421490095,1,9,0,-1,5,5,1,-1,0,1,0,0,0,0,1,1,-1,6,1,67,10,998,1,6,FORD ECOSPORT,8,E01022093,0,3
2024471528335,2024,471528335,1,9,0,-1,9,7,3,-1,0,0,0,0,0,0,4,1,-1,9,1,71,10,998,1,5,FORD ECOSPORT,6,E01031359,0,1
2024430337185,2024,430337185,2,9,0,18,19,6,2,0,0,7,0,0,0,0,2,1,6,6,2,42,7,998,1,7,FORD ECOSPORT,9,E01028712,0,1
2024421472078,2024,421472078,1,9,0,-1,19,7,3,-1,0,0,0,0,0,0,4,1,-1,9,2,37,7,998,1,5,FORD ECOSPORT,1,E01016111,0,4
2024010508884,2024,010508884,1,9,0,99,99,9,9,99,99,9,9,99,9,99,2,9,6,6,2,35,6,998,1,5,FORD ECOSPORT,3,E01003357,0,2
2024231445558,2024,231445558,2,9,0,-1,4,4,8,-1,0,0,0,0,0,0,2,1,-1,6,1,86,11,998,1,8,FORD ECOSPORT,9,E01031148,0,1
2024461421138,2024,461421138,1,9,0,-1,19,5,1,-1,0,0,1,0,1,0,3,1,-1,2,2,36,7,998,1,1,FORD ECOSPORT,5,E01024561,0,1
2024430508863,2024,430508863,4,9,0,18,19,4,8,0,0,0,0,0,0,0,2,1,2,2,1,23,5,998,1,8,FORD ECOSPORT,6,E01016469,0,4
2024010545356,2024,010545356,1,9,0,18,19,1,5,0,0,0,1,0,0,0,1,1,6,6,2,52,8,998,1,5,FORD ECOSPORT,3,E01001841,0,2
2024421509110,2024,421509110,2,9,0,-1,19,8,3,-1,4,8,1,0,0,0,2,1,-1,6,1,25,5,998,1,8,FORD ECOSPORT,3,E01021276,0,2
2024421510004,2024,421510004,2,9,0,-1,3,7,3,-1,0,0,0,0,0,0,2,1,-1,9,2,28,6,998,1,5,FORD ECOSPORT,6,E01021551,0,2
2024010500729,2024,010500729,3,9,9,99,99,9,9,99,99,9,9,99,9,99,9,9,6,6,1,-1,-1,998,1,6,FORD ECOSPORT,-1,-1,0,-1
2024122500145,2024,122500145,1,9,0,2,2,0,0,0,0,2,0,0,0,0,2,1,6,6,3,-1,-1,998,1,1,FORD ECOSPORT,-1,-1,0,-1
2024991456279,2024,991456279,2,9,0,-1,3,4,8,-1,0,1,0,0,0,0,2,1,-1,9,1,25,5,1498,1,7,FORD ECOSPORT,4,-1,0,2
2024221433867,2024,221433867,2,9,0,-1,4,5,1,-1,0,0,0,0,1,0,2,1,-1,6,2,33,6,998,1,5,FORD ECOSPORT,5,E01028996,0,4
2024302401421,2024,302401421,2,9,0,16,19,4,8,0,0,8,0,0,0,0,3,1,6,6,2,41,7,998,1,5,FORD ECOSPORT,5,E01019456,0,3
2024421454195,2024,421454195,2,9,0,-1,19,2,6,-1,0,1,0,0,0,0,1,1,-1,9,2,35,6,998,1,6,FORD ECOSPORT,7,E01015837,0,1
2024991461079,2024,991461079,3,9,0,-1,19,7,3,-1,0,0,0,0,7,0,1,1,-1,9,1,35,6,1499,2,8,FORD ECOSPORT,-1,-1,0,-1
2024461453108,2024,461453108,2,9,0,-1,19,3,7,-1,0,1,0,0,0,0,1,1,-1,9,1,32,6,1499,2,6,FORD ECOSPORT,5,E01016034,0,1
2024010489989,2024,010489989,1,9,9,99,99,9,9,9,9,9,0,99,9,99,9,9,6,6,2,40,7,998,1,6,FORD ECOSPORT,3,E01016014,0,1
2024010506975,2024,010506975,2,9,0,18,19,7,3,0,0,0,0,0,0,0,1,1,6,6,1,35,6,998,1,5,FORD ECOSPORT,7,E01001064,0,1
2024991412086,2024,991412086,1,9,0,-1,19,4,8,-1,0,0,0,0,0,0,1,1,-1,1,1,80,11,1499,2,6,FORD ECOSPORT,3,-1,0,2
2024552400305,2024,552400305,2,9,0,3,3,1,5,0,0,1,0,0,0,0,2,1,2,2,2,61,9,998,1,2,FORD ECOSPORT,8,E01015356,0,2
2024421432170,2024,421432170,1,9,0,-1,5,6,1,-1,0,4,0,0,0,0,1,1,-1,6,1,46,8,1499,2,8,FORD ECOSPORT,10,E01021896,0,3
2024421499844,2024,421499844,1,9,0,-1,19,1,5,-1,0,0,0,0,0,0,4,1,-1,6,2,60,9,1498,1,8,FORD ECOSPORT,4,E01015958,0,1
2024201444753,2024,201444753,2,9,0,-1,3,2,6,-1,0,0,0,0,0,0,2,1,-1,6,1,-1,-1,1499,2,9,FORD ECOSPORT,-1,-1,0,-1
2024010549652,2024,010549652,1,9,0,-1,-1,5,1,0,0,8,0,0,0,0,1,2,6,6,1,53,8,1498,1,8,FORD ECOSPORT,5,E01000450,0,2
2024461456798,2024,461456798,2,9,0,-1,2,0,0,-1,0,0,0,4,0,0,2,1,-1,6,1,54,8,998,1,7,FORD ECOSPORT,5,E01024561,0,1
2024302400510,2024,302400510,1,9,0,18,19,4,8,0,0,8,5,0,0,0,0,1,6,6,1,51,8,875,1,-1,-1,4,E01004030,0,5
2024471455653,2024,471455653,1,4,0,-1,19,7,3,-1,0,0,2,0,0,0,0,1,-1,2,1,39,7,249,1,25,-1,7,E01035329,0,2
2024122401304,2024,122401304,2,3,0,18,19,6,2,0,0,0,1,0,0,0,0,1,2,2,1,44,7,-1,3,0,-1,7,E01027587,0,1
2024201479958,2024,201479958,2,5,0,-1,19,5,1,-1,0,0,1,0,0,0,0,1,-1,6,1,57,9,1150,1,14,-1,9,E01010175,0,2
2024332400327,2024,332400327,2,5,0,-1,19,3,7,-1,0,8,0,0,0,0,1,1,-1,9,1,61,9,1150,1,14,-1,10,E01028359,0,4
2024340WN2572,2024,340WN2572,1,5,0,-1,19,3,7,-1,0,4,0,0,3,0,1,1,-1,9,1,52,8,1195,1,12,-1,9,E01028485,0,4
2024552400902,2024,552400902,2,5,0,17,19,7,5,0,0,8,0,0,0,0,1,1,6,6,1,30,6,1195,1,11,-1,3,E01015310,0,2
2024131514623,2024,131514623,2,5,0,-1,19,5,5,-1,0,1,1,0,0,0,1,1,-1,6,1,60,9,1150,1,11,-1,6,E01010975,0,2
2024010488855,2024,010488855,1,8,0,9,9,3,1,0,0,1,0,0,0,0,1,1,1,1,1,56,9,2402,7,19,-1,-1,-1,0,-1
2024631499269,2024,631499269,2,5,0,-1,7,6,1,-1,0,8,0,0,0,0,3,1,-1,6,1,65,9,1064,1,18,-1,8,W01000596,0,4
2024461492142,2024,461492142,2,5,0,-1,4,1,5,-1,0,1,1,0,0,0,0,1,-1,6,1,67,10,1151,1,12,-1,6,E01024716,0,4
2024010525736,2024,010525736,2,19,0,3,3,3,7,0,0,1,0,0,0,0,2,1,2,2,1,45,7,1997,2,1,NISSAN PRIMASTAR,6,E01024848,0,4
2024010511772,2024,010511772,1,19,0,18,19,7,3,0,0,4,0,0,0,0,1,1,2,2,1,61,9,1997,2,1,NISSAN PRIMASTAR,3,E01002550,0,1
2024010510214,2024,010510214,1,19,0,18,19,5,1,0,0,1,0,0,0,0,1,1,6,6,1,44,7,1997,2,1,NISSAN PRIMASTAR,4,E01003405,0,2
2024211438970,2024,211438970,2,19,0,-1,7,8,2,-1,0,1,0,0,0,0,2,1,-1,6,1,24,5,1997,2,1,NISSAN PRIMASTAR,-1,-1,0,-1
2024131520365,2024,131520365,1,19,3,-1,19,2,6,-1,0,8,0,0,0,0,3,1,-1,6,3,-1,-1,1995,2,12,NISSAN PRIMASTAR,-1,-1,0,-1
2024440362074,2024,440362074,2,19,0,18,19,3,7,0,0,0,0,0,0,0,4,1,6,6,1,23,5,1997,2,2,NISSAN PRIMASTAR,9,E01022763,0,1
2024471457404,2024,471457404,6,19,0,-1,2,0,0,-1,0,0,0,0,0,0,3,1,-1,6,-1,-1,-1,1870,2,20,NISSAN PRIMASTAR,-1,-1,0,-1
2024631461771,2024,631461771,3,19,0,-1,2,0,0,-1,0,8,0,0,0,0,2,2,-1,6,-1,-1,-1,1997,2,1,NISSAN PRIMASTAR,-1,-1,0,-1
2024546322424,2024,546322424,2,19,0,18,19,2,6,0,0,1,0,0,0,0,1,1,1,1,1,46,8,1997,2,1,NISSAN PRIMASTAR,8,E01022224,0,3
2024351459914,2024,351459914,1,19,0,-1,4,6,2,-1,0,1,0,0,0,0,1,1,-1,6,1,71,10,1997,2,0,NISSAN PRIMASTAR,3,E01035645,0,4
2024111448799,2024,111448799,4,19,0,-1,2,0,0,-1,0,0,0,0,0,0,3,1,-1,6,1,30,6,1870,2,18,NISSAN PRIMASTAR,-1,-1,0,-1
2024111444687,2024,111444687,1,19,0,-1,19,3,7,-1,0,0,1,0,7,4,1,1,-1,6,1,27,6,1997,2,0,NISSAN PRIMASTAR,-1,-1,0,-1
2024010499916,2024,010499916,1,19,0,18,19,7,3,0,0,0,0,0,0,0,3,1,6,6,1,46,8,1997,2,1,NISSAN PRIMASTAR,4,E01012762,0,5
2024031449812,2024,031449812,1,19,0,-1,19,6,2,-1,0,2,0,0,0,0,3,1,-1,1,1,49,8,1870,2,20,NISSAN PRIMASTAR,-1,-1,0,-1
2024501519514,2024,501519514,2,19,0,-1,1,3,7,-1,0,1,0,0,0,0,2,1,-1,6,1,64,9,1995,2,15,NISSAN PRIMASTAR,4,E01018876,0,1
2024991547147,2024,991547147,3,19,0,-1,19,6,2,-1,0,0,0,0,0,0,1,1,-1,6,1,50,8,1995,2,12,NISSAN PRIMASTAR,3,-1,0,1
2024520401708,2024,520401708,2,19,9,18,19,2,6,0,0,0,0,0,0,0,1,9,6,6,3,-1,-1,2464,2,19,NISSAN PRIMASTAR,-1,-1,0,-1
2024221504849,2024,221504849,1,19,0,-1,19,8,4,-1,0,8,1,0,1,0,1,1,-1,6,1,20,4,1870,2,19,NISSAN PRIMASTAR,2,E01034931,0,4
2024991412597,2024,991412597,2,19,0,-1,2,2,6,-1,0,0,0,0,0,0,2,1,-1,6,-1,-1,-1,1997,2,1,NISSAN PRIMASTAR,-1,-1,0,-1
2024101532220,2024,101532220,1,19,0,-1,19,5,1,-1,0,0,0,0,0,0,3,1,-1,1,1,65,9,1995,2,15,NISSAN PRIMASTAR,2,E01027493,0,1
2024221473409,2024,221473409,1,19,0,-1,9,3,8,-1,0,6,0,0,0,0,3,1,-1,1,1,58,9,1995,2,10,NISSAN PRIMASTAR,5,E01014009,0,1
2024010527908,2024,010527908,3,19,0,18,19,7,3,0,0,0,0,0,0,0,1,1,2,2,1,46,8,1997,2,1,NISSAN PRIMASTAR,3,E01001000,0,1
2024010544953,2024,010544953,2,19,0,99,99,9,9,99,99,9,9,99,9,99,9,9,6,6,3,-1,-1,1997,2,1,NISSAN PRIMASTAR,-1,-1,0,-1
2024221410300,2024,221410300,1,19,0,-1,1,7,3,-1,0,0,0,11,0,0,2,9,-1,1,1,26,6,1995,2,10,NISSAN PRIMASTAR,4,E01009927,0,4
2024161400434,2024,161400434,1,19,0,-1,19,5,1,-1,0,0,0,7,0,0,1,1,-1,2,1,52,8,1997,2,1,NISSAN PRIMASTAR,1,E01012892,0,2
2024421496447,2024,421496447,2,19,0,-1,9,8,5,-1,0,5,0,0,0,0,1,1,-1,9,1,54,8,1995,2,10,NISSAN PRIMASTAR,2,E01015828,0,1
2024361469850,2024,361469850,2,19,0,-1,19,7,3,-1,0,1,0,0,0,0,1,1,-1,6,1,47,8,1995,2,17,NISSAN PRIMASTAR,1,E01026832,0,1
2024131412313,2024,131412313,1,19,0,-1,5,7,5,-1,0,2,0,0,0,0,3,1,-1,6,1,44,7,1995,2,17,NISSAN PRIMASTAR,4,E01011732,0,2
2024552400403,2024,552400403,2,19,0,18,19,6,2,0,0,8,1,0,0,0,1,1,1,1,1,43,7,1870,2,19,NISSAN PRIMASTAR,4,E01020585,0,1
2024101457162,2024,101457162,2,20,0,-1,4,5,1,-1,0,0,0,0,0,0,1,1,-1,1,1,39,7,-1,-1,-1,NISSAN PRIMASTAR,-1,-1,0,-1
2024311406895,2024,311406895,1,19,0,-1,5,3,7,-1,0,3,0,0,0,0,1,1,-1,9,1,54,8,1995,2,17,NISSAN PRIMASTAR,1,E01010415,0,5
2024201483150,2024,201483150,1,19,0,-1,19,5,1,-1,0,1,0,0,0,0,1,1,-1,6,1,58,9,1997,2,1,NISSAN PRIMASTAR,1,E01009637,0,1
2024221530823,2024,221530823,1,8,0,-1,9,3,8,-1,0,6,0,0,0,0,1,1,-1,1,2,53,8,1995,2,17,NISSAN PRIMASTAR,5,E01032181,0,3
2024231504362,2024,231504362,4,19,0,-1,4,6,2,-1,0,0,0,1,0,0,1,1,-1,6,1,41,7,1997,2,1,NISSAN PRIMASTAR,7,E01009976,0,4
2024061406659,2024,061406659,2,19,0,-1,7,1,3,-1,0,8,0,0,0,0,1,9,-1,2,1,59,9,1995,2,10,NISSAN PRIMASTAR,4,E01025360,0,2
2024010520095,2024,010520095,2,19,9,99,99,9,9,99,99,9,9,99,9,99,9,9,6,6,3,-1,-1,1995,2,13,NISSAN PRIMASTAR,-1,-1,0,-1
2024430186826,2024,430186826,2,19,0,12,12,2,6,0,0,0,0,0,0,0,3,1,6,6,1,-1,-1,1995,2,10,NISSAN PRIMASTAR,-1,-1,0,-1
2024622400830,2024,622400830,2,3,0,14,14,6,2,0,0,8,0,0,0,0,4,1,4,7,1,20,4,124,1,0,-1,9,W01001968,0,3
2024010541984,2024,010541984,1,3,0,18,19,5,1,0,0,0,0,0,0,0,0,1,6,6,1,30,6,124,1,0,-1,5,E01004096,0,1
2024471484924,2024,471484924,2,2,0,-1,19,3,8,-1,0,8,0,0,0,0,2,1,-1,6,2,34,6,124,1,0,-1,2,E01020911,0,3
2024201437950,2024,201437950,1,9,0,-1,19,2,6,-1,0,1,0,0,0,0,1,1,-1,6,1,84,11,1896,2,20,-1,2,E01009788,0,1
2024351491978,2024,351491978,2,11,0,-1,19,7,3,-1,0,1,0,0,0,0,1,1,-1,1,1,52,8,10837,2,3,-1,3,E01034038,0,4